2025-01-17 09:08:56,361 - INFO - Sincronização de horário com a Binance realizada. Offset aplicado: -1397ms
2025-01-17 09:08:58,263 - ERROR - Erro ao executar bot: name 'verificar_minimo_compra' is not defined
2025-01-17 09:09:59,123 - ERROR - Erro ao executar bot: name 'verificar_minimo_compra' is not defined
2025-01-17 09:24:18,446 - INFO - Sincronização de horário com a Binance realizada. Offset aplicado: -1406ms
2025-01-17 09:24:19,715 - ERROR - Erro ao executar bot: name 'verificar_minimo_compra' is not defined
2025-01-17 09:25:21,034 - ERROR - Erro ao executar bot: name 'verificar_minimo_compra' is not defined
2025-01-17 09:25:32,347 - INFO - Sincronização de horário com a Binance realizada. Offset aplicado: -1416ms
2025-01-17 09:41:33,001 - INFO - Sincronização de horário com a Binance realizada. Offset aplicado: -1418ms
2025-01-17 10:27:39,856 - ERROR - Erro ao comprar XRPUSDT: APIError(code=-1013): Filter failure: NOTIONAL
2025-01-17 10:27:40,629 - INFO - HTTP Request: POST https://api.telegram.org/bot7777733472:AAHCsObeiKLV-aHsKMFsPOpSCYbNRI4nt20/sendMessage "HTTP/1.1 200 OK"
2025-01-17 10:27:41,630 - ERROR - Erro ao comprar DOGEUSDT: APIError(code=-2010): Symbol not whitelisted for API key.
2025-01-17 10:27:41,956 - INFO - HTTP Request: POST https://api.telegram.org/bot7777733472:AAHCsObeiKLV-aHsKMFsPOpSCYbNRI4nt20/sendMessage "HTTP/1.1 200 OK"
2025-01-17 10:27:43,408 - ERROR - Erro ao comprar XRPUSDT: APIError(code=-1013): Filter failure: NOTIONAL
2025-01-17 10:27:43,747 - INFO - HTTP Request: POST https://api.telegram.org/bot7777733472:AAHCsObeiKLV-aHsKMFsPOpSCYbNRI4nt20/sendMessage "HTTP/1.1 200 OK"
2025-01-17 10:27:44,751 - ERROR - Erro ao comprar DOGEUSDT: APIError(code=-2010): Symbol not whitelisted for API key.
2025-01-17 10:27:45,078 - INFO - HTTP Request: POST https://api.telegram.org/bot7777733472:AAHCsObeiKLV-aHsKMFsPOpSCYbNRI4nt20/sendMessage "HTTP/1.1 200 OK"
2025-01-17 10:27:46,583 - ERROR - Erro ao comprar XRPUSDT: APIError(code=-1013): Filter failure: NOTIONAL
2025-01-17 10:27:46,946 - INFO - HTTP Request: POST https://api.telegram.org/bot7777733472:AAHCsObeiKLV-aHsKMFsPOpSCYbNRI4nt20/sendMessage "HTTP/1.1 200 OK"
2025-01-17 10:27:47,958 - ERROR - Erro ao comprar DOGEUSDT: APIError(code=-2010): Symbol not whitelisted for API key.
2025-01-17 10:27:48,288 - INFO - HTTP Request: POST https://api.telegram.org/bot7777733472:AAHCsObeiKLV-aHsKMFsPOpSCYbNRI4nt20/sendMessage "HTTP/1.1 200 OK"
2025-01-17 10:27:49,720 - ERROR - Erro ao comprar XRPUSDT: APIError(code=-1013): Filter failure: NOTIONAL
2025-01-17 10:27:50,045 - INFO - HTTP Request: POST https://api.telegram.org/bot7777733472:AAHCsObeiKLV-aHsKMFsPOpSCYbNRI4nt20/sendMessage "HTTP/1.1 200 OK"
2025-01-17 10:27:51,044 - ERROR - Erro ao comprar DOGEUSDT: APIError(code=-2010): Symbol not whitelisted for API key.
2025-01-17 10:27:51,370 - INFO - HTTP Request: POST https://api.telegram.org/bot7777733472:AAHCsObeiKLV-aHsKMFsPOpSCYbNRI4nt20/sendMessage "HTTP/1.1 200 OK"
2025-01-17 10:27:52,809 - ERROR - Erro ao comprar XRPUSDT: APIError(code=-1013): Filter failure: NOTIONAL
2025-01-17 10:27:53,133 - INFO - HTTP Request: POST https://api.telegram.org/bot7777733472:AAHCsObeiKLV-aHsKMFsPOpSCYbNRI4nt20/sendMessage "HTTP/1.1 200 OK"
2025-01-17 10:27:54,140 - ERROR - Erro ao comprar DOGEUSDT: APIError(code=-2010): Symbol not whitelisted for API key.
2025-01-17 10:27:54,464 - INFO - HTTP Request: POST https://api.telegram.org/bot7777733472:AAHCsObeiKLV-aHsKMFsPOpSCYbNRI4nt20/sendMessage "HTTP/1.1 200 OK"
2025-01-17 10:27:55,915 - ERROR - Erro ao comprar XRPUSDT: APIError(code=-1013): Filter failure: NOTIONAL
2025-01-17 10:27:56,262 - INFO - HTTP Request: POST https://api.telegram.org/bot7777733472:AAHCsObeiKLV-aHsKMFsPOpSCYbNRI4nt20/sendMessage "HTTP/1.1 200 OK"
2025-01-17 10:27:57,267 - ERROR - Erro ao comprar DOGEUSDT: APIError(code=-2010): Symbol not whitelisted for API key.
2025-01-17 10:27:57,604 - INFO - HTTP Request: POST https://api.telegram.org/bot7777733472:AAHCsObeiKLV-aHsKMFsPOpSCYbNRI4nt20/sendMessage "HTTP/1.1 200 OK"
2025-01-17 10:27:59,091 - ERROR - Erro ao comprar XRPUSDT: APIError(code=-1013): Filter failure: NOTIONAL
2025-01-17 10:27:59,415 - INFO - HTTP Request: POST https://api.telegram.org/bot7777733472:AAHCsObeiKLV-aHsKMFsPOpSCYbNRI4nt20/sendMessage "HTTP/1.1 200 OK"
2025-01-17 10:28:00,662 - ERROR - Erro ao comprar DOGEUSDT: APIError(code=-2010): Symbol not whitelisted for API key.
2025-01-17 10:28:00,992 - INFO - HTTP Request: POST https://api.telegram.org/bot7777733472:AAHCsObeiKLV-aHsKMFsPOpSCYbNRI4nt20/sendMessage "HTTP/1.1 200 OK"
2025-01-17 10:28:02,483 - ERROR - Erro ao comprar XRPUSDT: APIError(code=-1013): Filter failure: NOTIONAL
2025-01-17 10:28:02,840 - INFO - HTTP Request: POST https://api.telegram.org/bot7777733472:AAHCsObeiKLV-aHsKMFsPOpSCYbNRI4nt20/sendMessage "HTTP/1.1 200 OK"
2025-01-17 10:28:03,841 - ERROR - Erro ao comprar DOGEUSDT: APIError(code=-2010): Symbol not whitelisted for API key.
2025-01-17 10:28:04,205 - INFO - HTTP Request: POST https://api.telegram.org/bot7777733472:AAHCsObeiKLV-aHsKMFsPOpSCYbNRI4nt20/sendMessage "HTTP/1.1 200 OK"
2025-01-17 10:28:05,710 - ERROR - Erro ao comprar XRPUSDT: APIError(code=-1013): Filter failure: NOTIONAL
2025-01-17 10:28:06,082 - INFO - HTTP Request: POST https://api.telegram.org/bot7777733472:AAHCsObeiKLV-aHsKMFsPOpSCYbNRI4nt20/sendMessage "HTTP/1.1 200 OK"
2025-01-17 10:28:07,090 - ERROR - Erro ao comprar DOGEUSDT: APIError(code=-2010): Symbol not whitelisted for API key.
2025-01-17 10:28:07,417 - INFO - HTTP Request: POST https://api.telegram.org/bot7777733472:AAHCsObeiKLV-aHsKMFsPOpSCYbNRI4nt20/sendMessage "HTTP/1.1 200 OK"
2025-01-17 10:28:08,883 - ERROR - Erro ao comprar XRPUSDT: APIError(code=-1013): Filter failure: NOTIONAL
2025-01-17 10:28:09,212 - INFO - HTTP Request: POST https://api.telegram.org/bot7777733472:AAHCsObeiKLV-aHsKMFsPOpSCYbNRI4nt20/sendMessage "HTTP/1.1 200 OK"
2025-01-17 10:28:10,211 - ERROR - Erro ao comprar DOGEUSDT: APIError(code=-2010): Symbol not whitelisted for API key.
2025-01-17 10:28:10,542 - INFO - HTTP Request: POST https://api.telegram.org/bot7777733472:AAHCsObeiKLV-aHsKMFsPOpSCYbNRI4nt20/sendMessage "HTTP/1.1 200 OK"
2025-01-17 10:28:12,020 - ERROR - Erro ao comprar XRPUSDT: APIError(code=-1013): Filter failure: NOTIONAL
2025-01-17 10:28:12,350 - INFO - HTTP Request: POST https://api.telegram.org/bot7777733472:AAHCsObeiKLV-aHsKMFsPOpSCYbNRI4nt20/sendMessage "HTTP/1.1 200 OK"
2025-01-17 10:28:13,362 - ERROR - Erro ao comprar DOGEUSDT: APIError(code=-2010): Symbol not whitelisted for API key.
2025-01-17 10:28:13,696 - INFO - HTTP Request: POST https://api.telegram.org/bot7777733472:AAHCsObeiKLV-aHsKMFsPOpSCYbNRI4nt20/sendMessage "HTTP/1.1 200 OK"
2025-01-17 10:28:15,583 - ERROR - Erro ao comprar XRPUSDT: APIError(code=-1013): Filter failure: NOTIONAL
2025-01-17 10:28:15,919 - INFO - HTTP Request: POST https://api.telegram.org/bot7777733472:AAHCsObeiKLV-aHsKMFsPOpSCYbNRI4nt20/sendMessage "HTTP/1.1 200 OK"
2025-01-17 10:28:17,148 - ERROR - Erro ao comprar DOGEUSDT: APIError(code=-2010): Symbol not whitelisted for API key.
2025-01-17 10:28:17,492 - INFO - HTTP Request: POST https://api.telegram.org/bot7777733472:AAHCsObeiKLV-aHsKMFsPOpSCYbNRI4nt20/sendMessage "HTTP/1.1 200 OK"
2025-01-17 10:28:18,970 - ERROR - Erro ao comprar XRPUSDT: APIError(code=-1013): Filter failure: NOTIONAL
2025-01-17 10:28:19,294 - INFO - HTTP Request: POST https://api.telegram.org/bot7777733472:AAHCsObeiKLV-aHsKMFsPOpSCYbNRI4nt20/sendMessage "HTTP/1.1 200 OK"
2025-01-17 10:28:20,307 - ERROR - Erro ao comprar DOGEUSDT: APIError(code=-2010): Symbol not whitelisted for API key.
2025-01-17 10:28:20,629 - INFO - HTTP Request: POST https://api.telegram.org/bot7777733472:AAHCsObeiKLV-aHsKMFsPOpSCYbNRI4nt20/sendMessage "HTTP/1.1 200 OK"
2025-01-17 10:28:22,499 - ERROR - Erro ao comprar XRPUSDT: APIError(code=-1013): Filter failure: NOTIONAL
2025-01-17 10:28:22,820 - INFO - HTTP Request: POST https://api.telegram.org/bot7777733472:AAHCsObeiKLV-aHsKMFsPOpSCYbNRI4nt20/sendMessage "HTTP/1.1 200 OK"
2025-01-17 10:28:24,303 - ERROR - Erro ao comprar DOGEUSDT: APIError(code=-2010): Symbol not whitelisted for API key.
2025-01-17 10:28:24,648 - INFO - HTTP Request: POST https://api.telegram.org/bot7777733472:AAHCsObeiKLV-aHsKMFsPOpSCYbNRI4nt20/sendMessage "HTTP/1.1 200 OK"
2025-01-17 10:28:26,392 - ERROR - Erro ao comprar XRPUSDT: APIError(code=-1013): Filter failure: NOTIONAL
2025-01-17 10:28:26,720 - INFO - HTTP Request: POST https://api.telegram.org/bot7777733472:AAHCsObeiKLV-aHsKMFsPOpSCYbNRI4nt20/sendMessage "HTTP/1.1 200 OK"
2025-01-17 10:28:27,743 - ERROR - Erro ao comprar DOGEUSDT: APIError(code=-2010): Symbol not whitelisted for API key.
2025-01-17 10:28:28,072 - INFO - HTTP Request: POST https://api.telegram.org/bot7777733472:AAHCsObeiKLV-aHsKMFsPOpSCYbNRI4nt20/sendMessage "HTTP/1.1 200 OK"
2025-01-17 10:28:29,541 - ERROR - Erro ao comprar XRPUSDT: APIError(code=-1013): Filter failure: NOTIONAL
2025-01-17 10:28:29,864 - INFO - HTTP Request: POST https://api.telegram.org/bot7777733472:AAHCsObeiKLV-aHsKMFsPOpSCYbNRI4nt20/sendMessage "HTTP/1.1 200 OK"
2025-01-17 10:28:30,886 - ERROR - Erro ao comprar DOGEUSDT: APIError(code=-2010): Symbol not whitelisted for API key.
2025-01-17 10:28:31,207 - INFO - HTTP Request: POST https://api.telegram.org/bot7777733472:AAHCsObeiKLV-aHsKMFsPOpSCYbNRI4nt20/sendMessage "HTTP/1.1 200 OK"
2025-01-17 10:28:32,668 - ERROR - Erro ao comprar XRPUSDT: APIError(code=-1013): Filter failure: NOTIONAL
2025-01-17 10:28:32,988 - INFO - HTTP Request: POST https://api.telegram.org/bot7777733472:AAHCsObeiKLV-aHsKMFsPOpSCYbNRI4nt20/sendMessage "HTTP/1.1 200 OK"
2025-01-17 10:28:33,993 - ERROR - Erro ao comprar DOGEUSDT: APIError(code=-2010): Symbol not whitelisted for API key.
2025-01-17 10:28:34,322 - INFO - HTTP Request: POST https://api.telegram.org/bot7777733472:AAHCsObeiKLV-aHsKMFsPOpSCYbNRI4nt20/sendMessage "HTTP/1.1 200 OK"
2025-01-17 10:28:35,799 - ERROR - Erro ao comprar XRPUSDT: APIError(code=-1013): Filter failure: NOTIONAL
2025-01-17 10:28:36,138 - INFO - HTTP Request: POST https://api.telegram.org/bot7777733472:AAHCsObeiKLV-aHsKMFsPOpSCYbNRI4nt20/sendMessage "HTTP/1.1 200 OK"
2025-01-17 10:28:37,126 - ERROR - Erro ao comprar DOGEUSDT: APIError(code=-2010): Symbol not whitelisted for API key.
2025-01-17 10:28:37,470 - INFO - HTTP Request: POST https://api.telegram.org/bot7777733472:AAHCsObeiKLV-aHsKMFsPOpSCYbNRI4nt20/sendMessage "HTTP/1.1 200 OK"
2025-01-17 10:28:38,954 - ERROR - Erro ao comprar XRPUSDT: APIError(code=-1013): Filter failure: NOTIONAL
2025-01-17 10:28:39,280 - INFO - HTTP Request: POST https://api.telegram.org/bot7777733472:AAHCsObeiKLV-aHsKMFsPOpSCYbNRI4nt20/sendMessage "HTTP/1.1 200 OK"
2025-01-17 10:28:40,307 - ERROR - Erro ao comprar DOGEUSDT: APIError(code=-2010): Symbol not whitelisted for API key.
2025-01-17 10:28:40,647 - INFO - HTTP Request: POST https://api.telegram.org/bot7777733472:AAHCsObeiKLV-aHsKMFsPOpSCYbNRI4nt20/sendMessage "HTTP/1.1 200 OK"
2025-01-17 10:28:42,783 - ERROR - Erro ao comprar XRPUSDT: APIError(code=-1013): Filter failure: NOTIONAL
2025-01-17 10:28:43,107 - INFO - HTTP Request: POST https://api.telegram.org/bot7777733472:AAHCsObeiKLV-aHsKMFsPOpSCYbNRI4nt20/sendMessage "HTTP/1.1 200 OK"
2025-01-17 10:28:44,137 - ERROR - Erro ao comprar DOGEUSDT: APIError(code=-2010): Symbol not whitelisted for API key.
2025-01-17 10:28:44,462 - INFO - HTTP Request: POST https://api.telegram.org/bot7777733472:AAHCsObeiKLV-aHsKMFsPOpSCYbNRI4nt20/sendMessage "HTTP/1.1 200 OK"
2025-01-17 10:28:46,464 - ERROR - Erro ao comprar XRPUSDT: APIError(code=-1013): Filter failure: NOTIONAL
2025-01-17 10:28:46,795 - INFO - HTTP Request: POST https://api.telegram.org/bot7777733472:AAHCsObeiKLV-aHsKMFsPOpSCYbNRI4nt20/sendMessage "HTTP/1.1 200 OK"
2025-01-17 10:28:48,535 - ERROR - Erro ao comprar DOGEUSDT: APIError(code=-2010): Symbol not whitelisted for API key.
2025-01-17 10:28:48,875 - INFO - HTTP Request: POST https://api.telegram.org/bot7777733472:AAHCsObeiKLV-aHsKMFsPOpSCYbNRI4nt20/sendMessage "HTTP/1.1 200 OK"
2025-01-17 10:28:50,716 - ERROR - Erro ao comprar XRPUSDT: APIError(code=-1013): Filter failure: NOTIONAL
2025-01-17 10:28:51,044 - INFO - HTTP Request: POST https://api.telegram.org/bot7777733472:AAHCsObeiKLV-aHsKMFsPOpSCYbNRI4nt20/sendMessage "HTTP/1.1 200 OK"
2025-01-17 10:28:52,051 - ERROR - Erro ao comprar DOGEUSDT: APIError(code=-2010): Symbol not whitelisted for API key.
2025-01-17 10:28:52,375 - INFO - HTTP Request: POST https://api.telegram.org/bot7777733472:AAHCsObeiKLV-aHsKMFsPOpSCYbNRI4nt20/sendMessage "HTTP/1.1 200 OK"
2025-01-17 10:28:53,814 - ERROR - Erro ao comprar XRPUSDT: APIError(code=-1013): Filter failure: NOTIONAL
2025-01-17 10:28:54,140 - INFO - HTTP Request: POST https://api.telegram.org/bot7777733472:AAHCsObeiKLV-aHsKMFsPOpSCYbNRI4nt20/sendMessage "HTTP/1.1 200 OK"
2025-01-17 10:28:55,383 - ERROR - Erro ao comprar DOGEUSDT: APIError(code=-2010): Symbol not whitelisted for API key.
2025-01-17 10:28:55,708 - INFO - HTTP Request: POST https://api.telegram.org/bot7777733472:AAHCsObeiKLV-aHsKMFsPOpSCYbNRI4nt20/sendMessage "HTTP/1.1 200 OK"
2025-01-17 10:28:59,063 - ERROR - Erro ao comprar XRPUSDT: APIError(code=-1013): Filter failure: NOTIONAL
2025-01-17 10:28:59,416 - INFO - HTTP Request: POST https://api.telegram.org/bot7777733472:AAHCsObeiKLV-aHsKMFsPOpSCYbNRI4nt20/sendMessage "HTTP/1.1 200 OK"
2025-01-17 10:29:00,416 - ERROR - Erro ao comprar DOGEUSDT: APIError(code=-2010): Symbol not whitelisted for API key.
2025-01-17 10:29:00,741 - INFO - HTTP Request: POST https://api.telegram.org/bot7777733472:AAHCsObeiKLV-aHsKMFsPOpSCYbNRI4nt20/sendMessage "HTTP/1.1 200 OK"
2025-01-17 10:29:02,232 - ERROR - Erro ao comprar XRPUSDT: APIError(code=-1013): Filter failure: NOTIONAL
2025-01-17 10:29:02,560 - INFO - HTTP Request: POST https://api.telegram.org/bot7777733472:AAHCsObeiKLV-aHsKMFsPOpSCYbNRI4nt20/sendMessage "HTTP/1.1 200 OK"
2025-01-17 10:29:03,559 - ERROR - Erro ao comprar DOGEUSDT: APIError(code=-2010): Symbol not whitelisted for API key.
2025-01-17 10:29:03,906 - INFO - HTTP Request: POST https://api.telegram.org/bot7777733472:AAHCsObeiKLV-aHsKMFsPOpSCYbNRI4nt20/sendMessage "HTTP/1.1 200 OK"
2025-01-17 10:29:05,363 - ERROR - Erro ao comprar XRPUSDT: APIError(code=-1013): Filter failure: NOTIONAL
2025-01-17 10:29:05,717 - INFO - HTTP Request: POST https://api.telegram.org/bot7777733472:AAHCsObeiKLV-aHsKMFsPOpSCYbNRI4nt20/sendMessage "HTTP/1.1 200 OK"
2025-01-17 10:29:07,454 - ERROR - Erro ao comprar DOGEUSDT: APIError(code=-2010): Symbol not whitelisted for API key.
2025-01-17 10:29:07,777 - INFO - HTTP Request: POST https://api.telegram.org/bot7777733472:AAHCsObeiKLV-aHsKMFsPOpSCYbNRI4nt20/sendMessage "HTTP/1.1 200 OK"
2025-01-17 10:29:10,215 - ERROR - Erro ao comprar XRPUSDT: APIError(code=-1013): Filter failure: NOTIONAL
2025-01-17 10:29:10,539 - INFO - HTTP Request: POST https://api.telegram.org/bot7777733472:AAHCsObeiKLV-aHsKMFsPOpSCYbNRI4nt20/sendMessage "HTTP/1.1 200 OK"
2025-01-17 10:29:12,029 - ERROR - Erro ao comprar DOGEUSDT: APIError(code=-2010): Symbol not whitelisted for API key.
2025-01-17 10:29:12,356 - INFO - HTTP Request: POST https://api.telegram.org/bot7777733472:AAHCsObeiKLV-aHsKMFsPOpSCYbNRI4nt20/sendMessage "HTTP/1.1 200 OK"
2025-01-17 10:29:14,304 - ERROR - Erro ao comprar XRPUSDT: APIError(code=-1013): Filter failure: NOTIONAL
2025-01-17 10:29:14,625 - INFO - HTTP Request: POST https://api.telegram.org/bot7777733472:AAHCsObeiKLV-aHsKMFsPOpSCYbNRI4nt20/sendMessage "HTTP/1.1 200 OK"
2025-01-17 10:29:15,870 - ERROR - Erro ao comprar DOGEUSDT: APIError(code=-2010): Symbol not whitelisted for API key.
2025-01-17 10:29:16,195 - INFO - HTTP Request: POST https://api.telegram.org/bot7777733472:AAHCsObeiKLV-aHsKMFsPOpSCYbNRI4nt20/sendMessage "HTTP/1.1 200 OK"
2025-01-17 10:29:17,648 - ERROR - Erro ao comprar XRPUSDT: APIError(code=-1013): Filter failure: NOTIONAL
2025-01-17 10:29:18,010 - INFO - HTTP Request: POST https://api.telegram.org/bot7777733472:AAHCsObeiKLV-aHsKMFsPOpSCYbNRI4nt20/sendMessage "HTTP/1.1 200 OK"
2025-01-17 10:29:19,011 - ERROR - Erro ao comprar DOGEUSDT: APIError(code=-2010): Symbol not whitelisted for API key.
2025-01-17 10:29:19,336 - INFO - HTTP Request: POST https://api.telegram.org/bot7777733472:AAHCsObeiKLV-aHsKMFsPOpSCYbNRI4nt20/sendMessage "HTTP/1.1 200 OK"
2025-01-17 10:29:20,802 - ERROR - Erro ao comprar XRPUSDT: APIError(code=-1013): Filter failure: NOTIONAL
2025-01-17 10:29:21,154 - INFO - HTTP Request: POST https://api.telegram.org/bot7777733472:AAHCsObeiKLV-aHsKMFsPOpSCYbNRI4nt20/sendMessage "HTTP/1.1 200 OK"
2025-01-17 10:29:22,168 - ERROR - Erro ao comprar DOGEUSDT: APIError(code=-2010): Symbol not whitelisted for API key.
2025-01-17 10:29:22,506 - INFO - HTTP Request: POST https://api.telegram.org/bot7777733472:AAHCsObeiKLV-aHsKMFsPOpSCYbNRI4nt20/sendMessage "HTTP/1.1 200 OK"
2025-01-17 10:36:46,749 - INFO - Sincronização de horário com a Binance realizada. Offset aplicado: -1455ms
2025-01-17 10:36:48,651 - ERROR - Erro ao comprar XRPUSDT: APIError(code=-1013): Filter failure: NOTIONAL
2025-01-17 10:36:49,410 - INFO - HTTP Request: POST https://api.telegram.org/bot7777733472:AAHCsObeiKLV-aHsKMFsPOpSCYbNRI4nt20/sendMessage "HTTP/1.1 200 OK"
2025-01-17 10:36:50,411 - ERROR - Erro ao comprar DOGEUSDT: APIError(code=-1013): Filter failure: NOTIONAL
2025-01-17 10:36:50,753 - INFO - HTTP Request: POST https://api.telegram.org/bot7777733472:AAHCsObeiKLV-aHsKMFsPOpSCYbNRI4nt20/sendMessage "HTTP/1.1 200 OK"
2025-01-17 10:36:52,685 - ERROR - Erro ao comprar XRPUSDT: APIError(code=-1013): Filter failure: NOTIONAL
2025-01-17 10:36:53,010 - INFO - HTTP Request: POST https://api.telegram.org/bot7777733472:AAHCsObeiKLV-aHsKMFsPOpSCYbNRI4nt20/sendMessage "HTTP/1.1 200 OK"
2025-01-17 10:36:54,031 - ERROR - Erro ao comprar DOGEUSDT: APIError(code=-1013): Filter failure: NOTIONAL
2025-01-17 10:36:54,365 - INFO - HTTP Request: POST https://api.telegram.org/bot7777733472:AAHCsObeiKLV-aHsKMFsPOpSCYbNRI4nt20/sendMessage "HTTP/1.1 200 OK"
2025-01-17 10:36:56,285 - ERROR - Erro ao comprar XRPUSDT: APIError(code=-1013): Filter failure: NOTIONAL
2025-01-17 10:36:56,611 - INFO - HTTP Request: POST https://api.telegram.org/bot7777733472:AAHCsObeiKLV-aHsKMFsPOpSCYbNRI4nt20/sendMessage "HTTP/1.1 200 OK"
2025-01-17 10:36:57,627 - ERROR - Erro ao comprar DOGEUSDT: APIError(code=-1013): Filter failure: NOTIONAL
2025-01-17 10:36:57,969 - INFO - HTTP Request: POST https://api.telegram.org/bot7777733472:AAHCsObeiKLV-aHsKMFsPOpSCYbNRI4nt20/sendMessage "HTTP/1.1 200 OK"
2025-01-17 10:36:59,844 - ERROR - Erro ao comprar XRPUSDT: APIError(code=-1013): Filter failure: NOTIONAL
2025-01-17 10:37:00,195 - INFO - HTTP Request: POST https://api.telegram.org/bot7777733472:AAHCsObeiKLV-aHsKMFsPOpSCYbNRI4nt20/sendMessage "HTTP/1.1 200 OK"
2025-01-17 10:37:01,209 - ERROR - Erro ao comprar DOGEUSDT: APIError(code=-1013): Filter failure: NOTIONAL
2025-01-17 10:37:01,555 - INFO - HTTP Request: POST https://api.telegram.org/bot7777733472:AAHCsObeiKLV-aHsKMFsPOpSCYbNRI4nt20/sendMessage "HTTP/1.1 200 OK"
2025-01-17 10:40:35,648 - INFO - Sincronização de horário com a Binance realizada. Offset aplicado: -1459ms
2025-01-17 10:40:37,150 - ERROR - Erro ao comprar XRPUSDT: APIError(code=-1013): Filter failure: NOTIONAL
2025-01-17 10:40:37,934 - INFO - HTTP Request: POST https://api.telegram.org/bot7777733472:AAHCsObeiKLV-aHsKMFsPOpSCYbNRI4nt20/sendMessage "HTTP/1.1 200 OK"
2025-01-17 10:40:38,945 - ERROR - Erro ao comprar DOGEUSDT: APIError(code=-1013): Filter failure: NOTIONAL
2025-01-17 10:40:39,296 - INFO - HTTP Request: POST https://api.telegram.org/bot7777733472:AAHCsObeiKLV-aHsKMFsPOpSCYbNRI4nt20/sendMessage "HTTP/1.1 200 OK"
2025-01-17 10:40:40,791 - ERROR - Erro ao comprar XRPUSDT: APIError(code=-1013): Filter failure: NOTIONAL
2025-01-17 10:40:41,123 - INFO - HTTP Request: POST https://api.telegram.org/bot7777733472:AAHCsObeiKLV-aHsKMFsPOpSCYbNRI4nt20/sendMessage "HTTP/1.1 200 OK"
2025-01-17 10:40:42,143 - ERROR - Erro ao comprar DOGEUSDT: APIError(code=-1013): Filter failure: NOTIONAL
2025-01-17 10:40:42,464 - INFO - HTTP Request: POST https://api.telegram.org/bot7777733472:AAHCsObeiKLV-aHsKMFsPOpSCYbNRI4nt20/sendMessage "HTTP/1.1 200 OK"
2025-01-17 10:40:43,924 - ERROR - Erro ao comprar XRPUSDT: APIError(code=-1013): Filter failure: NOTIONAL
2025-01-17 10:40:44,254 - INFO - HTTP Request: POST https://api.telegram.org/bot7777733472:AAHCsObeiKLV-aHsKMFsPOpSCYbNRI4nt20/sendMessage "HTTP/1.1 200 OK"
2025-01-17 10:40:45,303 - ERROR - Erro ao comprar DOGEUSDT: APIError(code=-1013): Filter failure: NOTIONAL
2025-01-17 10:40:45,648 - INFO - HTTP Request: POST https://api.telegram.org/bot7777733472:AAHCsObeiKLV-aHsKMFsPOpSCYbNRI4nt20/sendMessage "HTTP/1.1 200 OK"
2025-01-17 10:40:47,610 - ERROR - Erro ao comprar XRPUSDT: APIError(code=-1013): Filter failure: NOTIONAL
2025-01-17 10:40:47,941 - INFO - HTTP Request: POST https://api.telegram.org/bot7777733472:AAHCsObeiKLV-aHsKMFsPOpSCYbNRI4nt20/sendMessage "HTTP/1.1 200 OK"
2025-01-17 10:40:48,953 - ERROR - Erro ao comprar DOGEUSDT: APIError(code=-1013): Filter failure: NOTIONAL
2025-01-17 10:40:49,306 - INFO - HTTP Request: POST https://api.telegram.org/bot7777733472:AAHCsObeiKLV-aHsKMFsPOpSCYbNRI4nt20/sendMessage "HTTP/1.1 200 OK"
2025-01-17 10:43:39,939 - INFO - Sincronização de horário com a Binance realizada. Offset aplicado: -1461ms
2025-01-17 10:43:41,462 - ERROR - Erro ao comprar XRPUSDT: APIError(code=-1013): Filter failure: NOTIONAL
2025-01-17 10:43:42,200 - INFO - HTTP Request: POST https://api.telegram.org/bot7777733472:AAHCsObeiKLV-aHsKMFsPOpSCYbNRI4nt20/sendMessage "HTTP/1.1 200 OK"
2025-01-17 10:43:43,235 - ERROR - Erro ao comprar DOGEUSDT: APIError(code=-1013): Filter failure: NOTIONAL
2025-01-17 10:43:43,561 - INFO - HTTP Request: POST https://api.telegram.org/bot7777733472:AAHCsObeiKLV-aHsKMFsPOpSCYbNRI4nt20/sendMessage "HTTP/1.1 200 OK"
2025-01-17 10:43:45,045 - ERROR - Erro ao comprar XRPUSDT: APIError(code=-1013): Filter failure: NOTIONAL
2025-01-17 10:43:45,379 - INFO - HTTP Request: POST https://api.telegram.org/bot7777733472:AAHCsObeiKLV-aHsKMFsPOpSCYbNRI4nt20/sendMessage "HTTP/1.1 200 OK"
2025-01-17 10:43:46,390 - ERROR - Erro ao comprar DOGEUSDT: APIError(code=-1013): Filter failure: NOTIONAL
2025-01-17 10:43:46,715 - INFO - HTTP Request: POST https://api.telegram.org/bot7777733472:AAHCsObeiKLV-aHsKMFsPOpSCYbNRI4nt20/sendMessage "HTTP/1.1 200 OK"
2025-01-17 10:43:48,159 - ERROR - Erro ao comprar XRPUSDT: APIError(code=-1013): Filter failure: NOTIONAL
2025-01-17 10:43:48,494 - INFO - HTTP Request: POST https://api.telegram.org/bot7777733472:AAHCsObeiKLV-aHsKMFsPOpSCYbNRI4nt20/sendMessage "HTTP/1.1 200 OK"
2025-01-17 10:43:49,487 - ERROR - Erro ao comprar DOGEUSDT: APIError(code=-1013): Filter failure: NOTIONAL
2025-01-17 10:43:49,810 - INFO - HTTP Request: POST https://api.telegram.org/bot7777733472:AAHCsObeiKLV-aHsKMFsPOpSCYbNRI4nt20/sendMessage "HTTP/1.1 200 OK"
2025-01-17 10:43:51,251 - ERROR - Erro ao comprar XRPUSDT: APIError(code=-1013): Filter failure: NOTIONAL
2025-01-17 10:43:51,642 - INFO - HTTP Request: POST https://api.telegram.org/bot7777733472:AAHCsObeiKLV-aHsKMFsPOpSCYbNRI4nt20/sendMessage "HTTP/1.1 200 OK"
2025-01-17 10:43:52,653 - ERROR - Erro ao comprar DOGEUSDT: APIError(code=-1013): Filter failure: NOTIONAL
2025-01-17 10:43:52,975 - INFO - HTTP Request: POST https://api.telegram.org/bot7777733472:AAHCsObeiKLV-aHsKMFsPOpSCYbNRI4nt20/sendMessage "HTTP/1.1 200 OK"
2025-01-17 10:43:54,433 - ERROR - Erro ao comprar XRPUSDT: APIError(code=-1013): Filter failure: NOTIONAL
2025-01-17 10:43:54,758 - INFO - HTTP Request: POST https://api.telegram.org/bot7777733472:AAHCsObeiKLV-aHsKMFsPOpSCYbNRI4nt20/sendMessage "HTTP/1.1 200 OK"
2025-01-17 10:43:55,789 - ERROR - Erro ao comprar DOGEUSDT: APIError(code=-1013): Filter failure: NOTIONAL
2025-01-17 10:43:56,107 - INFO - HTTP Request: POST https://api.telegram.org/bot7777733472:AAHCsObeiKLV-aHsKMFsPOpSCYbNRI4nt20/sendMessage "HTTP/1.1 200 OK"
2025-01-17 10:43:57,601 - ERROR - Erro ao comprar XRPUSDT: APIError(code=-1013): Filter failure: NOTIONAL
2025-01-17 10:43:57,943 - INFO - HTTP Request: POST https://api.telegram.org/bot7777733472:AAHCsObeiKLV-aHsKMFsPOpSCYbNRI4nt20/sendMessage "HTTP/1.1 200 OK"
2025-01-17 10:43:58,976 - ERROR - Erro ao comprar DOGEUSDT: APIError(code=-1013): Filter failure: NOTIONAL
2025-01-17 10:43:59,321 - INFO - HTTP Request: POST https://api.telegram.org/bot7777733472:AAHCsObeiKLV-aHsKMFsPOpSCYbNRI4nt20/sendMessage "HTTP/1.1 200 OK"
2025-01-17 10:44:00,757 - ERROR - Erro ao comprar XRPUSDT: APIError(code=-1013): Filter failure: NOTIONAL
2025-01-17 10:44:01,079 - INFO - HTTP Request: POST https://api.telegram.org/bot7777733472:AAHCsObeiKLV-aHsKMFsPOpSCYbNRI4nt20/sendMessage "HTTP/1.1 200 OK"
2025-01-17 10:44:02,078 - ERROR - Erro ao comprar DOGEUSDT: APIError(code=-1013): Filter failure: NOTIONAL
2025-01-17 10:44:02,408 - INFO - HTTP Request: POST https://api.telegram.org/bot7777733472:AAHCsObeiKLV-aHsKMFsPOpSCYbNRI4nt20/sendMessage "HTTP/1.1 200 OK"
2025-01-17 10:44:04,393 - ERROR - Erro ao comprar XRPUSDT: APIError(code=-1013): Filter failure: NOTIONAL
2025-01-17 10:44:04,720 - INFO - HTTP Request: POST https://api.telegram.org/bot7777733472:AAHCsObeiKLV-aHsKMFsPOpSCYbNRI4nt20/sendMessage "HTTP/1.1 200 OK"
2025-01-17 10:44:05,761 - ERROR - Erro ao comprar DOGEUSDT: APIError(code=-1013): Filter failure: NOTIONAL
2025-01-17 10:44:06,082 - INFO - HTTP Request: POST https://api.telegram.org/bot7777733472:AAHCsObeiKLV-aHsKMFsPOpSCYbNRI4nt20/sendMessage "HTTP/1.1 200 OK"
2025-01-17 13:06:57,514 - INFO - Sincronização com a Binance realizada. Offset: -1558ms
2025-01-17 13:09:11,504 - INFO - Sincronização com a Binance realizada. Offset: -1560ms
2025-01-17 13:09:12,896 - WARNING - \u26a0\ufe0f Não foi possível determinar o valor mínimo de compra para BTCUSDT.
2025-01-17 13:09:13,698 - INFO - HTTP Request: POST https://api.telegram.org/bot7777733472:AAHCsObeiKLV-aHsKMFsPOpSCYbNRI4nt20/sendMessage "HTTP/1.1 200 OK"
2025-01-17 13:09:14,492 - WARNING - \u26a0\ufe0f Não foi possível determinar o valor mínimo de compra para ETHUSDT.
2025-01-17 13:09:14,827 - INFO - HTTP Request: POST https://api.telegram.org/bot7777733472:AAHCsObeiKLV-aHsKMFsPOpSCYbNRI4nt20/sendMessage "HTTP/1.1 200 OK"
2025-01-17 13:09:46,622 - WARNING - \u26a0\ufe0f Não foi possível determinar o valor mínimo de compra para BTCUSDT.
2025-01-17 13:09:46,623 - ERROR - Erro ao enviar mensagem para o Telegram: Unknown error in HTTP implementation: RuntimeError('Event loop is closed')
2025-01-17 13:09:47,625 - WARNING - \u26a0\ufe0f Não foi possível determinar o valor mínimo de compra para ETHUSDT.
2025-01-17 13:09:48,637 - ERROR - Erro ao enviar mensagem para o Telegram: Pool timeout: All connections in the connection pool are occupied. Request was *not* sent to Telegram. Consider adjusting the connection pool size or the pool timeout.
2025-01-17 13:10:20,515 - WARNING - \u26a0\ufe0f Não foi possível determinar o valor mínimo de compra para BTCUSDT.
2025-01-17 13:10:21,529 - ERROR - Erro ao enviar mensagem para o Telegram: Pool timeout: All connections in the connection pool are occupied. Request was *not* sent to Telegram. Consider adjusting the connection pool size or the pool timeout.
2025-01-17 13:10:22,287 - WARNING - \u26a0\ufe0f Não foi possível determinar o valor mínimo de compra para ETHUSDT.
2025-01-17 13:10:23,295 - ERROR - Erro ao enviar mensagem para o Telegram: Pool timeout: All connections in the connection pool are occupied. Request was *not* sent to Telegram. Consider adjusting the connection pool size or the pool timeout.
2025-01-17 13:10:54,542 - WARNING - \u26a0\ufe0f Não foi possível determinar o valor mínimo de compra para BTCUSDT.
2025-01-17 13:10:55,547 - ERROR - Erro ao enviar mensagem para o Telegram: Pool timeout: All connections in the connection pool are occupied. Request was *not* sent to Telegram. Consider adjusting the connection pool size or the pool timeout.
2025-01-17 13:10:56,327 - WARNING - \u26a0\ufe0f Não foi possível determinar o valor mínimo de compra para ETHUSDT.
2025-01-17 13:10:57,330 - ERROR - Erro ao enviar mensagem para o Telegram: Pool timeout: All connections in the connection pool are occupied. Request was *not* sent to Telegram. Consider adjusting the connection pool size or the pool timeout.
2025-01-17 13:15:03,856 - INFO - Sincronização com a Binance realizada. Offset: -1563ms
2025-01-17 13:15:05,376 - ERROR - Erro ao comprar BTCUSDT: APIError(code=-1100): Illegal characters found in parameter 'quantity'; legal range is '^([0-9]{1,20})(\.[0-9]{1,20})?$'.
2025-01-17 13:15:05,377 - ERROR - Erro ao enviar mensagem para o Telegram: name 'aiohttp' is not defined
2025-01-17 13:15:06,871 - ERROR - Erro ao comprar ETHUSDT: APIError(code=-1013): Filter failure: LOT_SIZE
2025-01-17 13:15:06,871 - ERROR - Erro ao enviar mensagem para o Telegram: name 'aiohttp' is not defined
2025-01-17 13:27:01,252 - INFO - Sincronização com a Binance realizada. Offset: -1573ms
2025-01-17 13:27:03,886 - ERROR - Erro ao comprar BTCUSDT: APIError(code=-1100): Illegal characters found in parameter 'quantity'; legal range is '^([0-9]{1,20})(\.[0-9]{1,20})?$'.
2025-01-17 13:27:03,887 - ERROR - Erro ao enviar mensagem para o Telegram: name 'aiohttp' is not defined
2025-01-17 13:27:04,908 - ERROR - Erro ao comprar ETHUSDT: APIError(code=-1013): Filter failure: LOT_SIZE
2025-01-17 13:27:04,908 - ERROR - Erro ao enviar mensagem para o Telegram: name 'aiohttp' is not defined
2025-01-17 13:27:37,028 - ERROR - Erro ao comprar BTCUSDT: APIError(code=-1100): Illegal characters found in parameter 'quantity'; legal range is '^([0-9]{1,20})(\.[0-9]{1,20})?$'.
2025-01-17 13:27:37,029 - ERROR - Erro ao enviar mensagem para o Telegram: name 'aiohttp' is not defined
2025-01-17 13:27:38,045 - ERROR - Erro ao comprar ETHUSDT: APIError(code=-1013): Filter failure: LOT_SIZE
2025-01-17 13:27:38,045 - ERROR - Erro ao enviar mensagem para o Telegram: name 'aiohttp' is not defined
2025-01-17 13:28:09,724 - ERROR - Erro ao comprar BTCUSDT: APIError(code=-1100): Illegal characters found in parameter 'quantity'; legal range is '^([0-9]{1,20})(\.[0-9]{1,20})?$'.
2025-01-17 13:28:09,725 - ERROR - Erro ao enviar mensagem para o Telegram: name 'aiohttp' is not defined
2025-01-17 13:28:10,752 - ERROR - Erro ao comprar ETHUSDT: APIError(code=-1013): Filter failure: LOT_SIZE
2025-01-17 13:28:10,753 - ERROR - Erro ao enviar mensagem para o Telegram: name 'aiohttp' is not defined
2025-01-17 13:28:42,874 - ERROR - Erro ao comprar BTCUSDT: APIError(code=-1100): Illegal characters found in parameter 'quantity'; legal range is '^([0-9]{1,20})(\.[0-9]{1,20})?$'.
2025-01-17 13:28:42,875 - ERROR - Erro ao enviar mensagem para o Telegram: name 'aiohttp' is not defined
2025-01-17 13:28:43,905 - ERROR - Erro ao comprar ETHUSDT: APIError(code=-1013): Filter failure: LOT_SIZE
2025-01-17 13:28:43,907 - ERROR - Erro ao enviar mensagem para o Telegram: name 'aiohttp' is not defined
2025-01-17 13:29:15,984 - ERROR - Erro ao comprar BTCUSDT: APIError(code=-1100): Illegal characters found in parameter 'quantity'; legal range is '^([0-9]{1,20})(\.[0-9]{1,20})?$'.
2025-01-17 13:29:15,985 - ERROR - Erro ao enviar mensagem para o Telegram: name 'aiohttp' is not defined
2025-01-17 13:29:17,021 - ERROR - Erro ao comprar ETHUSDT: APIError(code=-1013): Filter failure: LOT_SIZE
2025-01-17 13:29:17,022 - ERROR - Erro ao enviar mensagem para o Telegram: name 'aiohttp' is not defined
2025-01-17 13:29:48,541 - ERROR - Erro ao comprar BTCUSDT: APIError(code=-1100): Illegal characters found in parameter 'quantity'; legal range is '^([0-9]{1,20})(\.[0-9]{1,20})?$'.
2025-01-17 13:29:48,542 - ERROR - Erro ao enviar mensagem para o Telegram: name 'aiohttp' is not defined
2025-01-17 13:29:49,571 - ERROR - Erro ao comprar ETHUSDT: APIError(code=-1013): Filter failure: LOT_SIZE
2025-01-17 13:29:49,571 - ERROR - Erro ao enviar mensagem para o Telegram: name 'aiohttp' is not defined
2025-01-17 13:30:21,645 - ERROR - Erro ao comprar BTCUSDT: APIError(code=-1100): Illegal characters found in parameter 'quantity'; legal range is '^([0-9]{1,20})(\.[0-9]{1,20})?$'.
2025-01-17 13:30:21,646 - ERROR - Erro ao enviar mensagem para o Telegram: name 'aiohttp' is not defined
2025-01-17 13:30:22,676 - ERROR - Erro ao comprar ETHUSDT: APIError(code=-1013): Filter failure: LOT_SIZE
2025-01-17 13:30:22,676 - ERROR - Erro ao enviar mensagem para o Telegram: name 'aiohttp' is not defined
2025-01-17 13:30:54,389 - ERROR - Erro ao comprar BTCUSDT: APIError(code=-1100): Illegal characters found in parameter 'quantity'; legal range is '^([0-9]{1,20})(\.[0-9]{1,20})?$'.
2025-01-17 13:30:54,390 - ERROR - Erro ao enviar mensagem para o Telegram: name 'aiohttp' is not defined
2025-01-17 13:30:55,415 - ERROR - Erro ao comprar ETHUSDT: APIError(code=-1013): Filter failure: LOT_SIZE
2025-01-17 13:30:55,417 - ERROR - Erro ao enviar mensagem para o Telegram: name 'aiohttp' is not defined
2025-01-17 13:31:27,610 - ERROR - Erro ao comprar BTCUSDT: APIError(code=-1100): Illegal characters found in parameter 'quantity'; legal range is '^([0-9]{1,20})(\.[0-9]{1,20})?$'.
2025-01-17 13:31:27,611 - ERROR - Erro ao enviar mensagem para o Telegram: name 'aiohttp' is not defined
2025-01-17 13:31:28,653 - ERROR - Erro ao comprar ETHUSDT: APIError(code=-1013): Filter failure: LOT_SIZE
2025-01-17 13:31:28,655 - ERROR - Erro ao enviar mensagem para o Telegram: name 'aiohttp' is not defined
2025-01-17 13:33:12,233 - INFO - Sincronização com a Binance realizada. Offset: -1577ms
2025-01-17 13:50:14,230 - INFO - Sincronização com a Binance realizada. Offset: -1589ms
2025-01-17 13:53:00,975 - INFO - Sincronização com a Binance realizada. Offset: -1591ms
2025-01-17 13:56:26,755 - INFO - Sincronização com a Binance realizada. Offset: -1594ms
2025-01-17 14:14:42,654 - INFO - Sincronização com a Binance realizada. Offset: -1604ms
2025-01-17 14:14:45,342 - WARNING - \u26a0\ufe0f Ordem para BTCUSDT abaixo do mínimo permitido (None). Valor da ordem: 1.32
2025-01-17 14:14:46,910 - WARNING - \u26a0\ufe0f Ordem para ETHUSDT abaixo do mínimo permitido (None). Valor da ordem: 1.32
2025-01-17 14:15:22,656 - INFO - Sincronização com a Binance realizada. Offset: -1605ms
2025-01-17 14:15:25,176 - WARNING - \u26a0\ufe0f Ordem para BTCUSDT abaixo do mínimo permitido (None). Valor da ordem: 1.32
2025-01-17 14:15:26,697 - WARNING - \u26a0\ufe0f Ordem para ETHUSDT abaixo do mínimo permitido (None). Valor da ordem: 1.32
2025-01-17 14:15:59,282 - WARNING - \u26a0\ufe0f Ordem para BTCUSDT abaixo do mínimo permitido (None). Valor da ordem: 1.32
2025-01-17 14:16:00,763 - WARNING - \u26a0\ufe0f Ordem para ETHUSDT abaixo do mínimo permitido (None). Valor da ordem: 1.32
2025-01-17 14:16:32,761 - WARNING - \u26a0\ufe0f Ordem para BTCUSDT abaixo do mínimo permitido (None). Valor da ordem: 1.32
2025-01-17 14:16:34,309 - WARNING - \u26a0\ufe0f Ordem para ETHUSDT abaixo do mínimo permitido (None). Valor da ordem: 1.32
2025-01-17 14:17:06,287 - WARNING - \u26a0\ufe0f Ordem para BTCUSDT abaixo do mínimo permitido (None). Valor da ordem: 1.32
2025-01-17 14:17:07,785 - WARNING - \u26a0\ufe0f Ordem para ETHUSDT abaixo do mínimo permitido (None). Valor da ordem: 1.32
2025-01-17 14:58:27,541 - INFO - Sincronização com a Binance realizada. Offset: -1633ms
2025-01-17 14:58:30,881 - WARNING - \u26a0\ufe0f Ordem para BTCUSDT abaixo do mínimo permitido (None). Valor da ordem: 1.32
2025-01-17 14:58:32,407 - WARNING - \u26a0\ufe0f Ordem para ETHUSDT abaixo do mínimo permitido (None). Valor da ordem: 1.32
2025-01-17 16:18:40,099 - INFO - Sincronização com a Binance realizada. Offset: -1686ms
2025-01-17 16:18:42,607 - WARNING - \u26a0\ufe0f Ordem para BTCUSDT abaixo do mínimo permitido (None). Valor da ordem: 1.32
2025-01-17 16:18:44,170 - WARNING - \u26a0\ufe0f Ordem para ETHUSDT abaixo do mínimo permitido (None). Valor da ordem: 1.32
2025-01-17 16:44:07,773 - INFO - Sincronização com a Binance realizada. Offset: -1706ms
2025-01-17 16:44:10,303 - WARNING - \u26a0\ufe0f Ordem para BTCUSDT abaixo do mínimo permitido (None). Valor da ordem: 1.32
2025-01-17 16:44:11,815 - WARNING - \u26a0\ufe0f Ordem para ETHUSDT abaixo do mínimo permitido (None). Valor da ordem: 1.32
2025-01-17 16:44:43,813 - WARNING - \u26a0\ufe0f Ordem para BTCUSDT abaixo do mínimo permitido (None). Valor da ordem: 1.32
2025-01-17 16:44:45,305 - WARNING - \u26a0\ufe0f Ordem para ETHUSDT abaixo do mínimo permitido (None). Valor da ordem: 1.32
2025-01-17 16:45:17,919 - WARNING - \u26a0\ufe0f Ordem para BTCUSDT abaixo do mínimo permitido (None). Valor da ordem: 1.32
2025-01-17 16:45:19,479 - WARNING - \u26a0\ufe0f Ordem para ETHUSDT abaixo do mínimo permitido (None). Valor da ordem: 1.32
2025-01-17 16:45:52,016 - WARNING - \u26a0\ufe0f Ordem para BTCUSDT abaixo do mínimo permitido (None). Valor da ordem: 1.32
2025-01-17 16:45:53,542 - WARNING - \u26a0\ufe0f Ordem para ETHUSDT abaixo do mínimo permitido (None). Valor da ordem: 1.32
2025-01-17 16:46:25,533 - WARNING - \u26a0\ufe0f Ordem para BTCUSDT abaixo do mínimo permitido (None). Valor da ordem: 1.32
2025-01-17 16:46:27,049 - WARNING - \u26a0\ufe0f Ordem para ETHUSDT abaixo do mínimo permitido (None). Valor da ordem: 1.32
2025-01-17 16:46:59,217 - WARNING - \u26a0\ufe0f Ordem para BTCUSDT abaixo do mínimo permitido (None). Valor da ordem: 1.32
2025-01-17 16:47:02,720 - WARNING - \u26a0\ufe0f Ordem para ETHUSDT abaixo do mínimo permitido (None). Valor da ordem: 1.32
2025-01-17 16:47:34,845 - WARNING - \u26a0\ufe0f Ordem para BTCUSDT abaixo do mínimo permitido (None). Valor da ordem: 1.32
2025-01-17 16:47:36,584 - WARNING - \u26a0\ufe0f Ordem para ETHUSDT abaixo do mínimo permitido (None). Valor da ordem: 1.32
2025-01-17 16:48:08,696 - WARNING - \u26a0\ufe0f Ordem para BTCUSDT abaixo do mínimo permitido (None). Valor da ordem: 1.32
2025-01-17 16:48:10,181 - WARNING - \u26a0\ufe0f Ordem para ETHUSDT abaixo do mínimo permitido (None). Valor da ordem: 1.32
2025-01-17 16:48:42,324 - WARNING - \u26a0\ufe0f Ordem para BTCUSDT abaixo do mínimo permitido (None). Valor da ordem: 1.32
2025-01-17 16:48:43,826 - WARNING - \u26a0\ufe0f Ordem para ETHUSDT abaixo do mínimo permitido (None). Valor da ordem: 1.32
2025-01-17 16:49:15,902 - WARNING - \u26a0\ufe0f Ordem para BTCUSDT abaixo do mínimo permitido (None). Valor da ordem: 1.32
2025-01-17 16:49:17,428 - WARNING - \u26a0\ufe0f Ordem para ETHUSDT abaixo do mínimo permitido (None). Valor da ordem: 1.32
2025-01-17 16:49:49,412 - WARNING - \u26a0\ufe0f Ordem para BTCUSDT abaixo do mínimo permitido (None). Valor da ordem: 1.32
2025-01-17 16:49:51,013 - WARNING - \u26a0\ufe0f Ordem para ETHUSDT abaixo do mínimo permitido (None). Valor da ordem: 1.32
2025-01-17 16:50:23,131 - WARNING - \u26a0\ufe0f Ordem para BTCUSDT abaixo do mínimo permitido (None). Valor da ordem: 1.32
2025-01-17 16:50:24,666 - WARNING - \u26a0\ufe0f Ordem para ETHUSDT abaixo do mínimo permitido (None). Valor da ordem: 1.32
2025-01-17 16:50:56,739 - WARNING - \u26a0\ufe0f Ordem para BTCUSDT abaixo do mínimo permitido (None). Valor da ordem: 1.32
2025-01-17 16:50:58,258 - WARNING - \u26a0\ufe0f Ordem para ETHUSDT abaixo do mínimo permitido (None). Valor da ordem: 1.32
2025-01-17 16:51:30,276 - WARNING - \u26a0\ufe0f Ordem para BTCUSDT abaixo do mínimo permitido (None). Valor da ordem: 1.32
2025-01-17 16:51:31,765 - WARNING - \u26a0\ufe0f Ordem para ETHUSDT abaixo do mínimo permitido (None). Valor da ordem: 1.32
2025-01-17 16:52:03,914 - WARNING - \u26a0\ufe0f Ordem para BTCUSDT abaixo do mínimo permitido (None). Valor da ordem: 1.32
2025-01-17 16:52:05,440 - WARNING - \u26a0\ufe0f Ordem para ETHUSDT abaixo do mínimo permitido (None). Valor da ordem: 1.32
2025-01-17 16:52:37,509 - WARNING - \u26a0\ufe0f Ordem para BTCUSDT abaixo do mínimo permitido (None). Valor da ordem: 1.32
2025-01-17 16:52:38,989 - WARNING - \u26a0\ufe0f Ordem para ETHUSDT abaixo do mínimo permitido (None). Valor da ordem: 1.32
2025-01-17 16:53:11,159 - WARNING - \u26a0\ufe0f Ordem para BTCUSDT abaixo do mínimo permitido (None). Valor da ordem: 1.32
2025-01-17 16:53:12,719 - WARNING - \u26a0\ufe0f Ordem para ETHUSDT abaixo do mínimo permitido (None). Valor da ordem: 1.32
2025-01-17 18:23:41,285 - INFO - \U0001f552 Sincronização com a Binance realizada. Offset: -1770ms
2025-01-17 18:23:43,016 - WARNING - \u26a0\ufe0f Ordem para BTCUSDT abaixo do mínimo permitido (None). Valor da ordem: 137988.28
2025-01-17 18:23:43,777 - WARNING - \u26a0\ufe0f Ordem para ETHUSDT abaixo do mínimo permitido (None). Valor da ordem: 4614.17
2025-01-17 18:24:15,168 - WARNING - \u26a0\ufe0f Ordem para BTCUSDT abaixo do mínimo permitido (None). Valor da ordem: 138022.76
2025-01-17 18:24:15,921 - WARNING - \u26a0\ufe0f Ordem para ETHUSDT abaixo do mínimo permitido (None). Valor da ordem: 4614.52
2025-01-17 18:24:47,311 - WARNING - \u26a0\ufe0f Ordem para BTCUSDT abaixo do mínimo permitido (None). Valor da ordem: 138010.05
2025-01-17 18:24:48,081 - WARNING - \u26a0\ufe0f Ordem para ETHUSDT abaixo do mínimo permitido (None). Valor da ordem: 4616.19
2025-01-17 18:25:19,302 - WARNING - \u26a0\ufe0f Ordem para BTCUSDT abaixo do mínimo permitido (None). Valor da ordem: 138070.42
2025-01-17 18:25:20,064 - WARNING - \u26a0\ufe0f Ordem para ETHUSDT abaixo do mínimo permitido (None). Valor da ordem: 4615.36
2025-01-17 18:25:32,943 - INFO - \U0001f552 Sincronização com a Binance realizada. Offset: -1771ms
2025-01-17 18:25:34,318 - WARNING - \u26a0\ufe0f Ordem para BTCUSDT abaixo do mínimo permitido (None). Valor da ordem: 138049.00
2025-01-17 18:25:35,064 - WARNING - \u26a0\ufe0f Ordem para ETHUSDT abaixo do mínimo permitido (None). Valor da ordem: 4611.35
2025-01-17 18:26:06,858 - WARNING - \u26a0\ufe0f Ordem para BTCUSDT abaixo do mínimo permitido (None). Valor da ordem: 138140.84
2025-01-17 18:26:07,619 - WARNING - \u26a0\ufe0f Ordem para ETHUSDT abaixo do mínimo permitido (None). Valor da ordem: 4611.43
2025-01-17 18:26:39,422 - WARNING - \u26a0\ufe0f Ordem para BTCUSDT abaixo do mínimo permitido (None). Valor da ordem: 138122.72
2025-01-17 18:26:40,169 - WARNING - \u26a0\ufe0f Ordem para ETHUSDT abaixo do mínimo permitido (None). Valor da ordem: 4612.73
2025-01-17 18:27:05,614 - INFO - \U0001f552 Sincronização com a Binance realizada. Offset: -1772ms
2025-01-17 18:27:07,392 - WARNING - \u26a0\ufe0f Ordem para BTCUSDT abaixo do mínimo permitido. Valor da ordem: 138136.47
2025-01-17 18:27:08,148 - WARNING - \u26a0\ufe0f Ordem para ETHUSDT abaixo do mínimo permitido. Valor da ordem: 4612.73
2025-01-17 18:27:39,985 - WARNING - \u26a0\ufe0f Ordem para BTCUSDT abaixo do mínimo permitido. Valor da ordem: 138174.30
2025-01-17 18:27:40,725 - WARNING - \u26a0\ufe0f Ordem para ETHUSDT abaixo do mínimo permitido. Valor da ordem: 4612.39
2025-01-17 18:28:12,570 - WARNING - \u26a0\ufe0f Ordem para BTCUSDT abaixo do mínimo permitido. Valor da ordem: 138141.53
2025-01-17 18:28:13,546 - WARNING - \u26a0\ufe0f Ordem para ETHUSDT abaixo do mínimo permitido. Valor da ordem: 4612.19
2025-01-17 18:28:44,994 - WARNING - \u26a0\ufe0f Ordem para BTCUSDT abaixo do mínimo permitido. Valor da ordem: 138149.87
2025-01-17 18:28:45,756 - WARNING - \u26a0\ufe0f Ordem para ETHUSDT abaixo do mínimo permitido. Valor da ordem: 4610.62
2025-01-17 18:29:17,392 - WARNING - \u26a0\ufe0f Ordem para BTCUSDT abaixo do mínimo permitido. Valor da ordem: 138089.88
2025-01-17 18:29:18,139 - WARNING - \u26a0\ufe0f Ordem para ETHUSDT abaixo do mínimo permitido. Valor da ordem: 4605.01
2025-01-17 18:29:49,972 - WARNING - \u26a0\ufe0f Ordem para BTCUSDT abaixo do mínimo permitido. Valor da ordem: 138111.12
2025-01-17 18:29:50,731 - WARNING - \u26a0\ufe0f Ordem para ETHUSDT abaixo do mínimo permitido. Valor da ordem: 4602.38
2025-01-17 18:30:22,169 - WARNING - \u26a0\ufe0f Ordem para BTCUSDT abaixo do mínimo permitido. Valor da ordem: 138092.44
2025-01-17 18:30:22,923 - WARNING - \u26a0\ufe0f Ordem para ETHUSDT abaixo do mínimo permitido. Valor da ordem: 4601.66
2025-01-17 18:30:43,721 - INFO - \U0001f552 Sincronização com a Binance realizada. Offset: -1775ms
2025-01-17 18:30:45,607 - WARNING - \u26a0\ufe0f Ordem para BTCUSDT abaixo do mínimo permitido (None). Valor da ordem: 138049.24
2025-01-17 18:30:46,367 - WARNING - \u26a0\ufe0f Ordem para ETHUSDT abaixo do mínimo permitido (None). Valor da ordem: 4598.72
2025-01-17 18:32:43,612 - INFO - \U0001f552 Sincronização com a Binance realizada. Offset: -1778ms
2025-01-17 18:32:44,856 - WARNING - \u26a0\ufe0f Ordem para BTCUSDT abaixo do mínimo permitido (None). Valor da ordem: 138064.64
2025-01-17 18:32:45,608 - WARNING - \u26a0\ufe0f Ordem para ETHUSDT abaixo do mínimo permitido (None). Valor da ordem: 4605.45
2025-01-17 18:33:17,446 - WARNING - \u26a0\ufe0f Ordem para BTCUSDT abaixo do mínimo permitido (None). Valor da ordem: 138064.64
2025-01-17 18:33:18,199 - WARNING - \u26a0\ufe0f Ordem para ETHUSDT abaixo do mínimo permitido (None). Valor da ordem: 4603.91
2025-01-17 18:33:50,059 - WARNING - \u26a0\ufe0f Ordem para BTCUSDT abaixo do mínimo permitido (None). Valor da ordem: 137878.65
2025-01-17 18:33:50,813 - WARNING - \u26a0\ufe0f Ordem para ETHUSDT abaixo do mínimo permitido (None). Valor da ordem: 4601.83
2025-01-17 18:34:22,659 - WARNING - \u26a0\ufe0f Ordem para BTCUSDT abaixo do mínimo permitido (None). Valor da ordem: 137836.53
2025-01-17 18:34:23,408 - WARNING - \u26a0\ufe0f Ordem para ETHUSDT abaixo do mínimo permitido (None). Valor da ordem: 4598.00
2025-01-17 18:34:54,651 - WARNING - \u26a0\ufe0f Ordem para BTCUSDT abaixo do mínimo permitido (None). Valor da ordem: 137878.33
2025-01-17 18:34:55,401 - WARNING - \u26a0\ufe0f Ordem para ETHUSDT abaixo do mínimo permitido (None). Valor da ordem: 4596.41
2025-01-17 18:35:26,666 - WARNING - \u26a0\ufe0f Ordem para BTCUSDT abaixo do mínimo permitido (None). Valor da ordem: 137913.92
2025-01-17 18:35:27,680 - WARNING - \u26a0\ufe0f Ordem para ETHUSDT abaixo do mínimo permitido (None). Valor da ordem: 4596.00
2025-01-17 18:35:59,069 - WARNING - \u26a0\ufe0f Ordem para BTCUSDT abaixo do mínimo permitido (None). Valor da ordem: 137923.76
2025-01-17 18:35:59,823 - WARNING - \u26a0\ufe0f Ordem para ETHUSDT abaixo do mínimo permitido (None). Valor da ordem: 4595.09
2025-01-17 18:36:31,589 - WARNING - \u26a0\ufe0f Ordem para BTCUSDT abaixo do mínimo permitido (None). Valor da ordem: 137930.40
2025-01-17 18:36:32,331 - WARNING - \u26a0\ufe0f Ordem para ETHUSDT abaixo do mínimo permitido (None). Valor da ordem: 4592.72
2025-01-17 18:37:04,130 - WARNING - \u26a0\ufe0f Ordem para BTCUSDT abaixo do mínimo permitido (None). Valor da ordem: 137920.96
2025-01-17 18:37:04,899 - WARNING - \u26a0\ufe0f Ordem para ETHUSDT abaixo do mínimo permitido (None). Valor da ordem: 4590.49
2025-01-17 18:37:36,132 - WARNING - \u26a0\ufe0f Ordem para BTCUSDT abaixo do mínimo permitido (None). Valor da ordem: 137901.22
2025-01-17 18:37:36,937 - WARNING - \u26a0\ufe0f Ordem para ETHUSDT abaixo do mínimo permitido (None). Valor da ordem: 4588.40
2025-01-17 18:37:54,016 - INFO - \U0001f552 Sincronização com a Binance realizada. Offset: -1779ms
2025-01-17 18:38:49,069 - INFO - \U0001f552 Sincronização com a Binance realizada. Offset: -1779ms
2025-01-17 18:42:51,560 - INFO - Sincronização com a Binance realizada. Offset: -1784ms
2025-01-17 18:42:54,113 - WARNING - \u26a0\ufe0f Ordem para BTCUSDT abaixo do mínimo permitido (None). Valor da ordem: 1.32
2025-01-17 18:42:56,130 - WARNING - \u26a0\ufe0f Ordem para ETHUSDT abaixo do mínimo permitido (None). Valor da ordem: 1.32
2025-01-17 18:50:32,650 - INFO - Sincronização com a Binance realizada. Offset: -1787ms
2025-01-17 18:50:35,010 - WARNING - \u26a0\ufe0f Ordem para BTCUSDT abaixo do mínimo permitido (None). Valor da ordem: 137830.38
2025-01-17 18:50:37,264 - WARNING - \u26a0\ufe0f Ordem para ETHUSDT abaixo do mínimo permitido (None). Valor da ordem: 4569.84
2025-01-17 18:51:08,488 - WARNING - \u26a0\ufe0f Ordem para BTCUSDT abaixo do mínimo permitido (None). Valor da ordem: 137657.11
2025-01-17 18:51:10,215 - WARNING - \u26a0\ufe0f Ordem para ETHUSDT abaixo do mínimo permitido (None). Valor da ordem: 4565.95
2025-01-17 18:51:41,426 - WARNING - \u26a0\ufe0f Ordem para BTCUSDT abaixo do mínimo permitido (None). Valor da ordem: 137514.99
2025-01-17 18:51:42,160 - WARNING - \u26a0\ufe0f Ordem para ETHUSDT abaixo do mínimo permitido (None). Valor da ordem: 4562.32
2025-01-17 18:52:13,586 - WARNING - \u26a0\ufe0f Ordem para BTCUSDT abaixo do mínimo permitido (None). Valor da ordem: 137493.37
2025-01-17 18:52:14,351 - WARNING - \u26a0\ufe0f Ordem para ETHUSDT abaixo do mínimo permitido (None). Valor da ordem: 4562.80
2025-01-17 18:52:46,550 - WARNING - \u26a0\ufe0f Ordem para BTCUSDT abaixo do mínimo permitido (None). Valor da ordem: 137533.11
2025-01-17 18:52:47,769 - WARNING - \u26a0\ufe0f Ordem para ETHUSDT abaixo do mínimo permitido (None). Valor da ordem: 4564.53
2025-01-17 18:53:19,962 - WARNING - \u26a0\ufe0f Ordem para BTCUSDT abaixo do mínimo permitido (None). Valor da ordem: 137541.64
2025-01-17 18:53:21,694 - WARNING - \u26a0\ufe0f Ordem para ETHUSDT abaixo do mínimo permitido (None). Valor da ordem: 4569.01
2025-01-17 18:53:53,889 - WARNING - \u26a0\ufe0f Ordem para BTCUSDT abaixo do mínimo permitido (None). Valor da ordem: 137614.67
2025-01-17 18:53:55,608 - WARNING - \u26a0\ufe0f Ordem para ETHUSDT abaixo do mínimo permitido (None). Valor da ordem: 4566.65
2025-01-17 18:54:27,750 - WARNING - \u26a0\ufe0f Ordem para BTCUSDT abaixo do mínimo permitido (None). Valor da ordem: 137641.01
2025-01-17 18:54:28,478 - WARNING - \u26a0\ufe0f Ordem para ETHUSDT abaixo do mínimo permitido (None). Valor da ordem: 4564.01
2025-01-17 18:54:59,865 - WARNING - \u26a0\ufe0f Ordem para BTCUSDT abaixo do mínimo permitido (None). Valor da ordem: 137524.93
2025-01-17 18:55:02,103 - WARNING - \u26a0\ufe0f Ordem para ETHUSDT abaixo do mínimo permitido (None). Valor da ordem: 4565.23
2025-01-17 18:55:34,518 - WARNING - \u26a0\ufe0f Ordem para BTCUSDT abaixo do mínimo permitido (None). Valor da ordem: 137545.23
2025-01-17 18:55:35,516 - WARNING - \u26a0\ufe0f Ordem para ETHUSDT abaixo do mínimo permitido (None). Valor da ordem: 4567.34
2025-01-17 18:56:06,746 - WARNING - \u26a0\ufe0f Ordem para BTCUSDT abaixo do mínimo permitido (None). Valor da ordem: 137640.97
2025-01-17 18:56:08,497 - WARNING - \u26a0\ufe0f Ordem para ETHUSDT abaixo do mínimo permitido (None). Valor da ordem: 4567.60
2025-01-17 18:56:40,698 - WARNING - \u26a0\ufe0f Ordem para BTCUSDT abaixo do mínimo permitido (None). Valor da ordem: 137640.27
2025-01-17 18:56:42,419 - WARNING - \u26a0\ufe0f Ordem para ETHUSDT abaixo do mínimo permitido (None). Valor da ordem: 4566.93
2025-01-17 18:57:14,376 - WARNING - \u26a0\ufe0f Ordem para BTCUSDT abaixo do mínimo permitido (None). Valor da ordem: 137638.27
2025-01-17 18:57:15,128 - WARNING - \u26a0\ufe0f Ordem para ETHUSDT abaixo do mínimo permitido (None). Valor da ordem: 4567.70
2025-01-17 18:57:46,355 - WARNING - \u26a0\ufe0f Ordem para BTCUSDT abaixo do mínimo permitido (None). Valor da ordem: 137628.79
2025-01-17 18:57:47,106 - WARNING - \u26a0\ufe0f Ordem para ETHUSDT abaixo do mínimo permitido (None). Valor da ordem: 4568.43
2025-01-17 18:58:19,471 - WARNING - \u26a0\ufe0f Ordem para BTCUSDT abaixo do mínimo permitido (None). Valor da ordem: 137698.13
2025-01-17 18:58:20,958 - WARNING - \u26a0\ufe0f Ordem para ETHUSDT abaixo do mínimo permitido (None). Valor da ordem: 4568.94
2025-01-17 18:58:50,601 - INFO - Sincronização com a Binance realizada. Offset: -1792ms
2025-01-17 18:59:11,635 - INFO - Sincronização com a Binance realizada. Offset: -1794ms
2025-01-17 18:59:13,095 - WARNING - \u26a0\ufe0f Ordem para BTCUSDT abaixo do mínimo permitido (None). Valor da ordem: 137619.93
2025-01-17 18:59:14,074 - WARNING - \u26a0\ufe0f Ordem para ETHUSDT abaixo do mínimo permitido (None). Valor da ordem: 4568.99
2025-01-17 18:59:45,702 - WARNING - \u26a0\ufe0f Ordem para BTCUSDT abaixo do mínimo permitido (None). Valor da ordem: 137598.15
2025-01-17 18:59:46,467 - WARNING - \u26a0\ufe0f Ordem para ETHUSDT abaixo do mínimo permitido (None). Valor da ordem: 4569.03
2025-01-17 19:00:18,269 - WARNING - \u26a0\ufe0f Ordem para BTCUSDT abaixo do mínimo permitido (None). Valor da ordem: 137567.88
2025-01-17 19:00:19,195 - WARNING - \u26a0\ufe0f Ordem para ETHUSDT abaixo do mínimo permitido (None). Valor da ordem: 4569.31
2025-01-17 19:00:50,563 - WARNING - \u26a0\ufe0f Ordem para BTCUSDT abaixo do mínimo permitido (None). Valor da ordem: 137559.92
2025-01-17 19:00:51,319 - WARNING - \u26a0\ufe0f Ordem para ETHUSDT abaixo do mínimo permitido (None). Valor da ordem: 4569.52
2025-01-17 19:01:22,573 - WARNING - \u26a0\ufe0f Ordem para BTCUSDT abaixo do mínimo permitido (None). Valor da ordem: 137589.67
2025-01-17 19:01:23,323 - WARNING - \u26a0\ufe0f Ordem para ETHUSDT abaixo do mínimo permitido (None). Valor da ordem: 4568.65
2025-01-17 19:01:55,171 - WARNING - \u26a0\ufe0f Ordem para BTCUSDT abaixo do mínimo permitido (None). Valor da ordem: 137632.76
2025-01-17 19:01:55,924 - WARNING - \u26a0\ufe0f Ordem para ETHUSDT abaixo do mínimo permitido (None). Valor da ordem: 4569.76
2025-01-17 19:02:27,940 - WARNING - \u26a0\ufe0f Ordem para BTCUSDT abaixo do mínimo permitido (None). Valor da ordem: 137706.11
2025-01-17 19:02:28,691 - WARNING - \u26a0\ufe0f Ordem para ETHUSDT abaixo do mínimo permitido (None). Valor da ordem: 4575.47
2025-01-17 19:03:00,452 - WARNING - \u26a0\ufe0f Ordem para BTCUSDT abaixo do mínimo permitido (None). Valor da ordem: 137623.22
2025-01-17 19:03:01,226 - WARNING - \u26a0\ufe0f Ordem para ETHUSDT abaixo do mínimo permitido (None). Valor da ordem: 4577.23
2025-01-17 19:03:33,086 - WARNING - \u26a0\ufe0f Ordem para BTCUSDT abaixo do mínimo permitido (None). Valor da ordem: 137598.11
2025-01-17 19:03:33,834 - WARNING - \u26a0\ufe0f Ordem para ETHUSDT abaixo do mínimo permitido (None). Valor da ordem: 4579.93
2025-01-17 19:04:05,698 - WARNING - \u26a0\ufe0f Ordem para BTCUSDT abaixo do mínimo permitido (None). Valor da ordem: 137702.57
2025-01-17 19:04:06,501 - WARNING - \u26a0\ufe0f Ordem para ETHUSDT abaixo do mínimo permitido (None). Valor da ordem: 4584.44
2025-01-17 19:04:38,263 - WARNING - \u26a0\ufe0f Ordem para BTCUSDT abaixo do mínimo permitido (None). Valor da ordem: 137637.26
2025-01-17 19:04:39,015 - WARNING - \u26a0\ufe0f Ordem para ETHUSDT abaixo do mínimo permitido (None). Valor da ordem: 4585.61
2025-01-17 19:05:10,834 - WARNING - \u26a0\ufe0f Ordem para BTCUSDT abaixo do mínimo permitido (None). Valor da ordem: 137641.52
2025-01-17 19:05:11,594 - WARNING - \u26a0\ufe0f Ordem para ETHUSDT abaixo do mínimo permitido (None). Valor da ordem: 4584.83
2025-01-17 19:05:43,624 - WARNING - \u26a0\ufe0f Ordem para BTCUSDT abaixo do mínimo permitido (None). Valor da ordem: 137681.08
2025-01-17 19:05:44,370 - WARNING - \u26a0\ufe0f Ordem para ETHUSDT abaixo do mínimo permitido (None). Valor da ordem: 4583.91
2025-01-17 19:06:16,220 - WARNING - \u26a0\ufe0f Ordem para BTCUSDT abaixo do mínimo permitido (None). Valor da ordem: 137646.27
2025-01-17 19:06:17,003 - WARNING - \u26a0\ufe0f Ordem para ETHUSDT abaixo do mínimo permitido (None). Valor da ordem: 4579.08
2025-01-17 19:06:48,404 - WARNING - \u26a0\ufe0f Ordem para BTCUSDT abaixo do mínimo permitido (None). Valor da ordem: 137597.11
2025-01-17 19:06:49,173 - WARNING - \u26a0\ufe0f Ordem para ETHUSDT abaixo do mínimo permitido (None). Valor da ordem: 4578.23
2025-01-17 19:07:21,126 - WARNING - \u26a0\ufe0f Ordem para BTCUSDT abaixo do mínimo permitido (None). Valor da ordem: 137572.05
2025-01-17 19:07:21,890 - WARNING - \u26a0\ufe0f Ordem para ETHUSDT abaixo do mínimo permitido (None). Valor da ordem: 4579.21
2025-01-17 19:07:53,778 - WARNING - \u26a0\ufe0f Ordem para BTCUSDT abaixo do mínimo permitido (None). Valor da ordem: 137515.81
2025-01-17 19:07:54,546 - WARNING - \u26a0\ufe0f Ordem para ETHUSDT abaixo do mínimo permitido (None). Valor da ordem: 4577.52
2025-01-17 19:08:26,413 - WARNING - \u26a0\ufe0f Ordem para BTCUSDT abaixo do mínimo permitido (None). Valor da ordem: 137515.81
2025-01-17 19:08:27,168 - WARNING - \u26a0\ufe0f Ordem para ETHUSDT abaixo do mínimo permitido (None). Valor da ordem: 4577.85
2025-01-17 19:08:58,978 - WARNING - \u26a0\ufe0f Ordem para BTCUSDT abaixo do mínimo permitido (None). Valor da ordem: 137613.29
2025-01-17 19:08:59,774 - WARNING - \u26a0\ufe0f Ordem para ETHUSDT abaixo do mínimo permitido (None). Valor da ordem: 4578.93
2025-01-17 19:09:31,555 - WARNING - \u26a0\ufe0f Ordem para BTCUSDT abaixo do mínimo permitido (None). Valor da ordem: 137568.24
2025-01-17 19:09:32,334 - WARNING - \u26a0\ufe0f Ordem para ETHUSDT abaixo do mínimo permitido (None). Valor da ordem: 4582.42
2025-01-17 19:10:04,270 - WARNING - \u26a0\ufe0f Ordem para BTCUSDT abaixo do mínimo permitido (None). Valor da ordem: 137507.53
2025-01-17 19:10:05,046 - WARNING - \u26a0\ufe0f Ordem para ETHUSDT abaixo do mínimo permitido (None). Valor da ordem: 4579.81
2025-01-17 19:10:36,454 - WARNING - \u26a0\ufe0f Ordem para BTCUSDT abaixo do mínimo permitido (None). Valor da ordem: 137494.75
2025-01-17 19:10:37,224 - WARNING - \u26a0\ufe0f Ordem para ETHUSDT abaixo do mínimo permitido (None). Valor da ordem: 4579.85
2025-01-17 19:11:08,504 - WARNING - \u26a0\ufe0f Ordem para BTCUSDT abaixo do mínimo permitido (None). Valor da ordem: 137457.84
2025-01-17 19:11:09,261 - WARNING - \u26a0\ufe0f Ordem para ETHUSDT abaixo do mínimo permitido (None). Valor da ordem: 4578.44
2025-01-17 19:11:40,749 - WARNING - \u26a0\ufe0f Ordem para BTCUSDT abaixo do mínimo permitido (None). Valor da ordem: 137480.45
2025-01-17 19:11:42,980 - WARNING - \u26a0\ufe0f Ordem para ETHUSDT abaixo do mínimo permitido (None). Valor da ordem: 4578.64
2025-01-17 19:12:14,751 - WARNING - \u26a0\ufe0f Ordem para BTCUSDT abaixo do mínimo permitido (None). Valor da ordem: 137437.89
2025-01-17 19:12:15,510 - WARNING - \u26a0\ufe0f Ordem para ETHUSDT abaixo do mínimo permitido (None). Valor da ordem: 4579.57
2025-01-17 19:12:47,391 - WARNING - \u26a0\ufe0f Ordem para BTCUSDT abaixo do mínimo permitido (None). Valor da ordem: 137382.04
2025-01-17 19:12:48,157 - WARNING - \u26a0\ufe0f Ordem para ETHUSDT abaixo do mínimo permitido (None). Valor da ordem: 4579.53
2025-01-17 19:13:19,951 - WARNING - \u26a0\ufe0f Ordem para BTCUSDT abaixo do mínimo permitido (None). Valor da ordem: 137371.06
2025-01-17 19:13:20,722 - WARNING - \u26a0\ufe0f Ordem para ETHUSDT abaixo do mínimo permitido (None). Valor da ordem: 4580.61
2025-01-17 19:13:51,987 - WARNING - \u26a0\ufe0f Ordem para BTCUSDT abaixo do mínimo permitido (None). Valor da ordem: 137409.75
2025-01-17 19:13:52,776 - WARNING - \u26a0\ufe0f Ordem para ETHUSDT abaixo do mínimo permitido (None). Valor da ordem: 4580.62
2025-01-17 19:14:24,633 - WARNING - \u26a0\ufe0f Ordem para BTCUSDT abaixo do mínimo permitido (None). Valor da ordem: 137373.41
2025-01-17 19:14:25,383 - WARNING - \u26a0\ufe0f Ordem para ETHUSDT abaixo do mínimo permitido (None). Valor da ordem: 4579.58
2025-01-17 19:14:57,315 - WARNING - \u26a0\ufe0f Ordem para BTCUSDT abaixo do mínimo permitido (None). Valor da ordem: 137371.45
2025-01-17 19:14:58,070 - WARNING - \u26a0\ufe0f Ordem para ETHUSDT abaixo do mínimo permitido (None). Valor da ordem: 4577.61
2025-01-17 19:15:29,937 - WARNING - \u26a0\ufe0f Ordem para BTCUSDT abaixo do mínimo permitido (None). Valor da ordem: 137299.06
2025-01-17 19:15:30,708 - WARNING - \u26a0\ufe0f Ordem para ETHUSDT abaixo do mínimo permitido (None). Valor da ordem: 4578.96
2025-01-17 19:16:02,138 - WARNING - \u26a0\ufe0f Ordem para BTCUSDT abaixo do mínimo permitido (None). Valor da ordem: 137297.87
2025-01-17 19:16:02,943 - WARNING - \u26a0\ufe0f Ordem para ETHUSDT abaixo do mínimo permitido (None). Valor da ordem: 4578.53
2025-01-17 19:16:34,750 - WARNING - \u26a0\ufe0f Ordem para BTCUSDT abaixo do mínimo permitido (None). Valor da ordem: 137293.67
2025-01-17 19:16:35,524 - WARNING - \u26a0\ufe0f Ordem para ETHUSDT abaixo do mínimo permitido (None). Valor da ordem: 4579.82
2025-01-17 19:17:06,789 - WARNING - \u26a0\ufe0f Ordem para BTCUSDT abaixo do mínimo permitido (None). Valor da ordem: 137367.34
2025-01-17 19:17:07,584 - WARNING - \u26a0\ufe0f Ordem para ETHUSDT abaixo do mínimo permitido (None). Valor da ordem: 4579.46
2025-01-17 19:17:39,431 - WARNING - \u26a0\ufe0f Ordem para BTCUSDT abaixo do mínimo permitido (None). Valor da ordem: 137372.07
2025-01-17 19:17:40,188 - WARNING - \u26a0\ufe0f Ordem para ETHUSDT abaixo do mínimo permitido (None). Valor da ordem: 4578.65
2025-01-17 19:18:11,999 - WARNING - \u26a0\ufe0f Ordem para BTCUSDT abaixo do mínimo permitido (None). Valor da ordem: 137389.13
2025-01-17 19:18:12,765 - WARNING - \u26a0\ufe0f Ordem para ETHUSDT abaixo do mínimo permitido (None). Valor da ordem: 4582.35
2025-01-17 19:18:44,538 - WARNING - \u26a0\ufe0f Ordem para BTCUSDT abaixo do mínimo permitido (None). Valor da ordem: 137309.48
2025-01-17 19:18:45,291 - WARNING - \u26a0\ufe0f Ordem para ETHUSDT abaixo do mínimo permitido (None). Valor da ordem: 4580.11
2025-01-17 19:19:16,537 - WARNING - \u26a0\ufe0f Ordem para BTCUSDT abaixo do mínimo permitido (None). Valor da ordem: 137302.10
2025-01-17 19:19:17,301 - WARNING - \u26a0\ufe0f Ordem para ETHUSDT abaixo do mínimo permitido (None). Valor da ordem: 4580.49
2025-01-17 19:19:49,180 - WARNING - \u26a0\ufe0f Ordem para BTCUSDT abaixo do mínimo permitido (None). Valor da ordem: 137327.62
2025-01-17 19:19:49,942 - WARNING - \u26a0\ufe0f Ordem para ETHUSDT abaixo do mínimo permitido (None). Valor da ordem: 4583.11
2025-01-17 19:20:21,725 - WARNING - \u26a0\ufe0f Ordem para BTCUSDT abaixo do mínimo permitido (None). Valor da ordem: 137296.16
2025-01-17 19:20:22,727 - WARNING - \u26a0\ufe0f Ordem para ETHUSDT abaixo do mínimo permitido (None). Valor da ordem: 4580.11
2025-01-17 19:20:54,688 - WARNING - \u26a0\ufe0f Ordem para BTCUSDT abaixo do mínimo permitido (None). Valor da ordem: 137306.82
2025-01-17 19:20:55,735 - WARNING - \u26a0\ufe0f Ordem para ETHUSDT abaixo do mínimo permitido (None). Valor da ordem: 4580.10
2025-01-17 19:21:27,541 - WARNING - \u26a0\ufe0f Ordem para BTCUSDT abaixo do mínimo permitido (None). Valor da ordem: 137356.19
2025-01-17 19:21:28,302 - WARNING - \u26a0\ufe0f Ordem para ETHUSDT abaixo do mínimo permitido (None). Valor da ordem: 4577.60
2025-01-17 19:21:59,562 - WARNING - \u26a0\ufe0f Ordem para BTCUSDT abaixo do mínimo permitido (None). Valor da ordem: 137401.39
2025-01-17 19:22:00,345 - WARNING - \u26a0\ufe0f Ordem para ETHUSDT abaixo do mínimo permitido (None). Valor da ordem: 4576.50
2025-01-17 19:22:32,233 - WARNING - \u26a0\ufe0f Ordem para BTCUSDT abaixo do mínimo permitido (None). Valor da ordem: 137393.70
2025-01-17 19:22:32,992 - WARNING - \u26a0\ufe0f Ordem para ETHUSDT abaixo do mínimo permitido (None). Valor da ordem: 4578.41
2025-01-17 19:23:04,348 - WARNING - \u26a0\ufe0f Ordem para BTCUSDT abaixo do mínimo permitido (None). Valor da ordem: 137393.70
2025-01-17 19:23:05,099 - WARNING - \u26a0\ufe0f Ordem para ETHUSDT abaixo do mínimo permitido (None). Valor da ordem: 4579.19
2025-01-17 19:23:36,505 - WARNING - \u26a0\ufe0f Ordem para BTCUSDT abaixo do mínimo permitido (None). Valor da ordem: 137442.74
2025-01-17 19:23:37,267 - WARNING - \u26a0\ufe0f Ordem para ETHUSDT abaixo do mínimo permitido (None). Valor da ordem: 4579.07
2025-01-17 19:24:09,114 - WARNING - \u26a0\ufe0f Ordem para BTCUSDT abaixo do mínimo permitido (None). Valor da ordem: 137428.84
2025-01-17 19:24:09,885 - WARNING - \u26a0\ufe0f Ordem para ETHUSDT abaixo do mínimo permitido (None). Valor da ordem: 4577.96
2025-01-17 19:24:41,156 - WARNING - \u26a0\ufe0f Ordem para BTCUSDT abaixo do mínimo permitido (None). Valor da ordem: 137409.75
2025-01-17 19:24:41,915 - WARNING - \u26a0\ufe0f Ordem para ETHUSDT abaixo do mínimo permitido (None). Valor da ordem: 4573.12
2025-01-17 19:25:13,197 - WARNING - \u26a0\ufe0f Ordem para BTCUSDT abaixo do mínimo permitido (None). Valor da ordem: 137419.94
2025-01-17 19:25:13,957 - WARNING - \u26a0\ufe0f Ordem para ETHUSDT abaixo do mínimo permitido (None). Valor da ordem: 4573.78
2025-01-17 19:25:45,909 - WARNING - \u26a0\ufe0f Ordem para BTCUSDT abaixo do mínimo permitido (None). Valor da ordem: 137419.94
2025-01-17 19:25:46,675 - WARNING - \u26a0\ufe0f Ordem para ETHUSDT abaixo do mínimo permitido (None). Valor da ordem: 4573.93
2025-01-17 19:26:18,576 - WARNING - \u26a0\ufe0f Ordem para BTCUSDT abaixo do mínimo permitido (None). Valor da ordem: 137419.94
2025-01-17 19:26:19,330 - WARNING - \u26a0\ufe0f Ordem para ETHUSDT abaixo do mínimo permitido (None). Valor da ordem: 4573.14
2025-01-17 19:26:50,634 - WARNING - \u26a0\ufe0f Ordem para BTCUSDT abaixo do mínimo permitido (None). Valor da ordem: 137467.31
2025-01-17 19:26:51,420 - WARNING - \u26a0\ufe0f Ordem para ETHUSDT abaixo do mínimo permitido (None). Valor da ordem: 4575.23
2025-01-17 19:27:22,686 - WARNING - \u26a0\ufe0f Ordem para BTCUSDT abaixo do mínimo permitido (None). Valor da ordem: 137545.16
2025-01-17 19:27:23,483 - WARNING - \u26a0\ufe0f Ordem para ETHUSDT abaixo do mínimo permitido (None). Valor da ordem: 4576.48
2025-01-17 19:27:55,376 - WARNING - \u26a0\ufe0f Ordem para BTCUSDT abaixo do mínimo permitido (None). Valor da ordem: 137525.23
2025-01-17 19:27:56,150 - WARNING - \u26a0\ufe0f Ordem para ETHUSDT abaixo do mínimo permitido (None). Valor da ordem: 4574.19
2025-01-17 19:28:28,005 - WARNING - \u26a0\ufe0f Ordem para BTCUSDT abaixo do mínimo permitido (None). Valor da ordem: 137541.69
2025-01-17 19:28:28,799 - WARNING - \u26a0\ufe0f Ordem para ETHUSDT abaixo do mínimo permitido (None). Valor da ordem: 4577.20
2025-01-17 19:29:00,065 - WARNING - \u26a0\ufe0f Ordem para BTCUSDT abaixo do mínimo permitido (None). Valor da ordem: 137556.33
2025-01-17 19:29:00,856 - WARNING - \u26a0\ufe0f Ordem para ETHUSDT abaixo do mínimo permitido (None). Valor da ordem: 4578.50
2025-01-17 19:29:32,116 - WARNING - \u26a0\ufe0f Ordem para BTCUSDT abaixo do mínimo permitido (None). Valor da ordem: 137580.86
2025-01-17 19:29:32,899 - WARNING - \u26a0\ufe0f Ordem para ETHUSDT abaixo do mínimo permitido (None). Valor da ordem: 4576.56
2025-01-17 19:30:04,816 - WARNING - \u26a0\ufe0f Ordem para BTCUSDT abaixo do mínimo permitido (None). Valor da ordem: 137580.88
2025-01-17 19:30:05,567 - WARNING - \u26a0\ufe0f Ordem para ETHUSDT abaixo do mínimo permitido (None). Valor da ordem: 4575.90
2025-01-17 19:30:37,517 - WARNING - \u26a0\ufe0f Ordem para BTCUSDT abaixo do mínimo permitido (None). Valor da ordem: 137523.34
2025-01-17 19:30:38,306 - WARNING - \u26a0\ufe0f Ordem para ETHUSDT abaixo do mínimo permitido (None). Valor da ordem: 4575.56
2025-01-17 19:31:09,785 - WARNING - \u26a0\ufe0f Ordem para BTCUSDT abaixo do mínimo permitido (None). Valor da ordem: 137504.46
2025-01-17 19:31:10,550 - WARNING - \u26a0\ufe0f Ordem para ETHUSDT abaixo do mínimo permitido (None). Valor da ordem: 4573.95
2025-01-17 19:31:41,965 - WARNING - \u26a0\ufe0f Ordem para BTCUSDT abaixo do mínimo permitido (None). Valor da ordem: 137487.48
2025-01-17 19:31:42,731 - WARNING - \u26a0\ufe0f Ordem para ETHUSDT abaixo do mínimo permitido (None). Valor da ordem: 4573.20
2025-01-17 19:32:14,607 - WARNING - \u26a0\ufe0f Ordem para BTCUSDT abaixo do mínimo permitido (None). Valor da ordem: 137426.61
2025-01-17 19:32:15,362 - WARNING - \u26a0\ufe0f Ordem para ETHUSDT abaixo do mínimo permitido (None). Valor da ordem: 4573.39
2025-01-17 19:32:47,114 - WARNING - \u26a0\ufe0f Ordem para BTCUSDT abaixo do mínimo permitido (None). Valor da ordem: 137395.07
2025-01-17 19:32:47,885 - WARNING - \u26a0\ufe0f Ordem para ETHUSDT abaixo do mínimo permitido (None). Valor da ordem: 4573.93
2025-01-17 19:33:19,194 - WARNING - \u26a0\ufe0f Ordem para BTCUSDT abaixo do mínimo permitido (None). Valor da ordem: 137474.44
2025-01-17 19:33:19,956 - WARNING - \u26a0\ufe0f Ordem para ETHUSDT abaixo do mínimo permitido (None). Valor da ordem: 4578.10
2025-01-17 19:33:51,221 - WARNING - \u26a0\ufe0f Ordem para BTCUSDT abaixo do mínimo permitido (None). Valor da ordem: 137578.68
2025-01-17 19:33:51,973 - WARNING - \u26a0\ufe0f Ordem para ETHUSDT abaixo do mínimo permitido (None). Valor da ordem: 4579.85
2025-01-17 19:34:23,854 - WARNING - \u26a0\ufe0f Ordem para BTCUSDT abaixo do mínimo permitido (None). Valor da ordem: 137554.98
2025-01-17 19:34:24,631 - WARNING - \u26a0\ufe0f Ordem para ETHUSDT abaixo do mínimo permitido (None). Valor da ordem: 4581.28
2025-01-17 19:34:55,911 - WARNING - \u26a0\ufe0f Ordem para BTCUSDT abaixo do mínimo permitido (None). Valor da ordem: 137541.98
2025-01-17 19:34:56,672 - WARNING - \u26a0\ufe0f Ordem para ETHUSDT abaixo do mínimo permitido (None). Valor da ordem: 4582.20
2025-01-17 19:35:28,480 - WARNING - \u26a0\ufe0f Ordem para BTCUSDT abaixo do mínimo permitido (None). Valor da ordem: 137553.87
2025-01-17 19:35:29,263 - WARNING - \u26a0\ufe0f Ordem para ETHUSDT abaixo do mínimo permitido (None). Valor da ordem: 4581.96
2025-01-17 19:36:01,139 - WARNING - \u26a0\ufe0f Ordem para BTCUSDT abaixo do mínimo permitido (None). Valor da ordem: 137631.62
2025-01-17 19:36:01,913 - WARNING - \u26a0\ufe0f Ordem para ETHUSDT abaixo do mínimo permitido (None). Valor da ordem: 4584.45
2025-01-17 19:36:33,738 - WARNING - \u26a0\ufe0f Ordem para BTCUSDT abaixo do mínimo permitido (None). Valor da ordem: 137645.42
2025-01-17 19:36:34,533 - WARNING - \u26a0\ufe0f Ordem para ETHUSDT abaixo do mínimo permitido (None). Valor da ordem: 4580.39
2025-01-17 19:37:06,417 - WARNING - \u26a0\ufe0f Ordem para BTCUSDT abaixo do mínimo permitido (None). Valor da ordem: 137627.17
2025-01-17 19:37:07,205 - WARNING - \u26a0\ufe0f Ordem para ETHUSDT abaixo do mínimo permitido (None). Valor da ordem: 4581.04
2025-01-17 19:37:39,085 - WARNING - \u26a0\ufe0f Ordem para BTCUSDT abaixo do mínimo permitido (None). Valor da ordem: 137633.77
2025-01-17 19:37:39,870 - WARNING - \u26a0\ufe0f Ordem para ETHUSDT abaixo do mínimo permitido (None). Valor da ordem: 4580.37
2025-01-17 19:38:11,665 - WARNING - \u26a0\ufe0f Ordem para BTCUSDT abaixo do mínimo permitido (None). Valor da ordem: 137645.10
2025-01-17 19:38:12,434 - WARNING - \u26a0\ufe0f Ordem para ETHUSDT abaixo do mínimo permitido (None). Valor da ordem: 4576.94
2025-01-17 19:38:44,243 - WARNING - \u26a0\ufe0f Ordem para BTCUSDT abaixo do mínimo permitido (None). Valor da ordem: 137645.10
2025-01-17 19:38:45,009 - WARNING - \u26a0\ufe0f Ordem para ETHUSDT abaixo do mínimo permitido (None). Valor da ordem: 4579.46
2025-01-17 19:39:16,276 - WARNING - \u26a0\ufe0f Ordem para BTCUSDT abaixo do mínimo permitido (None). Valor da ordem: 137657.29
2025-01-17 19:39:17,068 - WARNING - \u26a0\ufe0f Ordem para ETHUSDT abaixo do mínimo permitido (None). Valor da ordem: 4579.81
2025-01-17 19:39:48,982 - WARNING - \u26a0\ufe0f Ordem para BTCUSDT abaixo do mínimo permitido (None). Valor da ordem: 137605.14
2025-01-17 19:39:49,736 - WARNING - \u26a0\ufe0f Ordem para ETHUSDT abaixo do mínimo permitido (None). Valor da ordem: 4578.37
2025-01-17 19:40:21,525 - WARNING - \u26a0\ufe0f Ordem para BTCUSDT abaixo do mínimo permitido (None). Valor da ordem: 137594.86
2025-01-17 19:40:22,321 - WARNING - \u26a0\ufe0f Ordem para ETHUSDT abaixo do mínimo permitido (None). Valor da ordem: 4578.40
2025-01-17 19:40:53,753 - WARNING - \u26a0\ufe0f Ordem para BTCUSDT abaixo do mínimo permitido (None). Valor da ordem: 137590.88
2025-01-17 19:40:54,550 - WARNING - \u26a0\ufe0f Ordem para ETHUSDT abaixo do mínimo permitido (None). Valor da ordem: 4577.74
2025-01-17 19:41:26,403 - WARNING - \u26a0\ufe0f Ordem para BTCUSDT abaixo do mínimo permitido (None). Valor da ordem: 137588.78
2025-01-17 19:41:27,160 - WARNING - \u26a0\ufe0f Ordem para ETHUSDT abaixo do mínimo permitido (None). Valor da ordem: 4575.89
2025-01-17 19:41:59,127 - WARNING - \u26a0\ufe0f Ordem para BTCUSDT abaixo do mínimo permitido (None). Valor da ordem: 137588.78
2025-01-17 19:41:59,897 - WARNING - \u26a0\ufe0f Ordem para ETHUSDT abaixo do mínimo permitido (None). Valor da ordem: 4577.19
2025-01-17 19:42:31,693 - WARNING - \u26a0\ufe0f Ordem para BTCUSDT abaixo do mínimo permitido (None). Valor da ordem: 137588.78
2025-01-17 19:42:32,474 - WARNING - \u26a0\ufe0f Ordem para ETHUSDT abaixo do mínimo permitido (None). Valor da ordem: 4577.98
2025-01-17 19:43:04,373 - WARNING - \u26a0\ufe0f Ordem para BTCUSDT abaixo do mínimo permitido (None). Valor da ordem: 137543.83
2025-01-17 19:43:05,338 - WARNING - \u26a0\ufe0f Ordem para ETHUSDT abaixo do mínimo permitido (None). Valor da ordem: 4576.53
2025-01-17 19:43:37,200 - WARNING - \u26a0\ufe0f Ordem para BTCUSDT abaixo do mínimo permitido (None). Valor da ordem: 137488.44
2025-01-17 19:43:37,952 - WARNING - \u26a0\ufe0f Ordem para ETHUSDT abaixo do mínimo permitido (None). Valor da ordem: 4576.02
2025-01-17 19:44:09,567 - WARNING - \u26a0\ufe0f Ordem para BTCUSDT abaixo do mínimo permitido (None). Valor da ordem: 137515.63
2025-01-17 19:44:10,326 - WARNING - \u26a0\ufe0f Ordem para ETHUSDT abaixo do mínimo permitido (None). Valor da ordem: 4574.48
2025-01-17 19:44:41,575 - WARNING - \u26a0\ufe0f Ordem para BTCUSDT abaixo do mínimo permitido (None). Valor da ordem: 137563.17
2025-01-17 19:44:42,357 - WARNING - \u26a0\ufe0f Ordem para ETHUSDT abaixo do mínimo permitido (None). Valor da ordem: 4572.74
2025-01-17 19:45:13,614 - WARNING - \u26a0\ufe0f Ordem para BTCUSDT abaixo do mínimo permitido (None). Valor da ordem: 137563.16
2025-01-17 19:45:14,400 - WARNING - \u26a0\ufe0f Ordem para ETHUSDT abaixo do mínimo permitido (None). Valor da ordem: 4572.15
2025-01-17 19:45:46,244 - WARNING - \u26a0\ufe0f Ordem para BTCUSDT abaixo do mínimo permitido (None). Valor da ordem: 137476.55
2025-01-17 19:45:47,024 - WARNING - \u26a0\ufe0f Ordem para ETHUSDT abaixo do mínimo permitido (None). Valor da ordem: 4572.14
2025-01-17 19:46:18,830 - WARNING - \u26a0\ufe0f Ordem para BTCUSDT abaixo do mínimo permitido (None). Valor da ordem: 137256.72
2025-01-17 19:46:19,590 - WARNING - \u26a0\ufe0f Ordem para ETHUSDT abaixo do mínimo permitido (None). Valor da ordem: 4569.18
2025-01-17 19:46:51,423 - WARNING - \u26a0\ufe0f Ordem para BTCUSDT abaixo do mínimo permitido (None). Valor da ordem: 137200.69
2025-01-17 19:46:52,177 - WARNING - \u26a0\ufe0f Ordem para ETHUSDT abaixo do mínimo permitido (None). Valor da ordem: 4564.51
2025-01-17 19:47:23,472 - WARNING - \u26a0\ufe0f Ordem para BTCUSDT abaixo do mínimo permitido (None). Valor da ordem: 137299.94
2025-01-17 19:47:24,234 - WARNING - \u26a0\ufe0f Ordem para ETHUSDT abaixo do mínimo permitido (None). Valor da ordem: 4565.14
2025-01-17 19:47:56,053 - WARNING - \u26a0\ufe0f Ordem para BTCUSDT abaixo do mínimo permitido (None). Valor da ordem: 137218.95
2025-01-17 19:47:56,812 - WARNING - \u26a0\ufe0f Ordem para ETHUSDT abaixo do mínimo permitido (None). Valor da ordem: 4566.39
2025-01-17 19:48:28,656 - WARNING - \u26a0\ufe0f Ordem para BTCUSDT abaixo do mínimo permitido (None). Valor da ordem: 137170.82
2025-01-17 19:48:29,425 - WARNING - \u26a0\ufe0f Ordem para ETHUSDT abaixo do mínimo permitido (None). Valor da ordem: 4564.53
2025-01-17 19:49:01,340 - WARNING - \u26a0\ufe0f Ordem para BTCUSDT abaixo do mínimo permitido (None). Valor da ordem: 137106.35
2025-01-17 19:49:02,109 - WARNING - \u26a0\ufe0f Ordem para ETHUSDT abaixo do mínimo permitido (None). Valor da ordem: 4561.90
2025-01-17 19:49:33,981 - WARNING - \u26a0\ufe0f Ordem para BTCUSDT abaixo do mínimo permitido (None). Valor da ordem: 137195.90
2025-01-17 19:49:34,780 - WARNING - \u26a0\ufe0f Ordem para ETHUSDT abaixo do mínimo permitido (None). Valor da ordem: 4562.98
2025-01-17 19:50:06,116 - WARNING - \u26a0\ufe0f Ordem para BTCUSDT abaixo do mínimo permitido (None). Valor da ordem: 137231.75
2025-01-17 19:50:06,891 - WARNING - \u26a0\ufe0f Ordem para ETHUSDT abaixo do mínimo permitido (None). Valor da ordem: 4563.80
2025-01-17 19:50:38,900 - WARNING - \u26a0\ufe0f Ordem para BTCUSDT abaixo do mínimo permitido (None). Valor da ordem: 137319.27
2025-01-17 19:50:39,667 - WARNING - \u26a0\ufe0f Ordem para ETHUSDT abaixo do mínimo permitido (None). Valor da ordem: 4564.77
2025-01-17 19:51:11,094 - WARNING - \u26a0\ufe0f Ordem para BTCUSDT abaixo do mínimo permitido (None). Valor da ordem: 137291.71
2025-01-17 19:51:12,110 - WARNING - \u26a0\ufe0f Ordem para ETHUSDT abaixo do mínimo permitido (None). Valor da ordem: 4566.86
2025-01-17 19:51:43,393 - WARNING - \u26a0\ufe0f Ordem para BTCUSDT abaixo do mínimo permitido (None). Valor da ordem: 137363.76
2025-01-17 19:51:44,455 - WARNING - \u26a0\ufe0f Ordem para ETHUSDT abaixo do mínimo permitido (None). Valor da ordem: 4567.05
2025-01-17 19:52:15,939 - WARNING - \u26a0\ufe0f Ordem para BTCUSDT abaixo do mínimo permitido (None). Valor da ordem: 137397.66
2025-01-17 19:52:16,700 - WARNING - \u26a0\ufe0f Ordem para ETHUSDT abaixo do mínimo permitido (None). Valor da ordem: 4570.90
2025-01-17 19:52:48,547 - WARNING - \u26a0\ufe0f Ordem para BTCUSDT abaixo do mínimo permitido (None). Valor da ordem: 137480.73
2025-01-17 19:52:49,314 - WARNING - \u26a0\ufe0f Ordem para ETHUSDT abaixo do mínimo permitido (None). Valor da ordem: 4571.33
2025-01-17 19:53:21,091 - WARNING - \u26a0\ufe0f Ordem para BTCUSDT abaixo do mínimo permitido (None). Valor da ordem: 137402.34
2025-01-17 19:53:21,881 - WARNING - \u26a0\ufe0f Ordem para ETHUSDT abaixo do mínimo permitido (None). Valor da ordem: 4568.44
2025-01-17 19:53:53,702 - WARNING - \u26a0\ufe0f Ordem para BTCUSDT abaixo do mínimo permitido (None). Valor da ordem: 137379.61
2025-01-17 19:53:54,466 - WARNING - \u26a0\ufe0f Ordem para ETHUSDT abaixo do mínimo permitido (None). Valor da ordem: 4569.15
2025-01-17 19:54:26,250 - WARNING - \u26a0\ufe0f Ordem para BTCUSDT abaixo do mínimo permitido (None). Valor da ordem: 137402.46
2025-01-17 19:54:27,015 - WARNING - \u26a0\ufe0f Ordem para ETHUSDT abaixo do mínimo permitido (None). Valor da ordem: 4569.93
2025-01-17 19:54:58,320 - WARNING - \u26a0\ufe0f Ordem para BTCUSDT abaixo do mínimo permitido (None). Valor da ordem: 137389.91
2025-01-17 19:54:59,080 - WARNING - \u26a0\ufe0f Ordem para ETHUSDT abaixo do mínimo permitido (None). Valor da ordem: 4569.90
2025-01-17 19:55:30,896 - WARNING - \u26a0\ufe0f Ordem para BTCUSDT abaixo do mínimo permitido (None). Valor da ordem: 137471.46
2025-01-17 19:55:31,697 - WARNING - \u26a0\ufe0f Ordem para ETHUSDT abaixo do mínimo permitido (None). Valor da ordem: 4572.32
2025-01-17 19:56:03,554 - WARNING - \u26a0\ufe0f Ordem para BTCUSDT abaixo do mínimo permitido (None). Valor da ordem: 137480.23
2025-01-17 19:56:04,586 - WARNING - \u26a0\ufe0f Ordem para ETHUSDT abaixo do mínimo permitido (None). Valor da ordem: 4572.20
2025-01-17 19:56:36,408 - WARNING - \u26a0\ufe0f Ordem para BTCUSDT abaixo do mínimo permitido (None). Valor da ordem: 137480.56
2025-01-17 19:56:37,165 - WARNING - \u26a0\ufe0f Ordem para ETHUSDT abaixo do mínimo permitido (None). Valor da ordem: 4569.91
2025-01-17 19:57:09,056 - WARNING - \u26a0\ufe0f Ordem para BTCUSDT abaixo do mínimo permitido (None). Valor da ordem: 137480.57
2025-01-17 19:57:09,819 - WARNING - \u26a0\ufe0f Ordem para ETHUSDT abaixo do mínimo permitido (None). Valor da ordem: 4569.43
2025-01-17 19:57:41,461 - WARNING - \u26a0\ufe0f Ordem para BTCUSDT abaixo do mínimo permitido (None). Valor da ordem: 137453.87
2025-01-17 19:57:42,216 - WARNING - \u26a0\ufe0f Ordem para ETHUSDT abaixo do mínimo permitido (None). Valor da ordem: 4569.43
2025-01-17 19:58:14,075 - WARNING - \u26a0\ufe0f Ordem para BTCUSDT abaixo do mínimo permitido (None). Valor da ordem: 137432.31
2025-01-17 19:58:14,837 - WARNING - \u26a0\ufe0f Ordem para ETHUSDT abaixo do mínimo permitido (None). Valor da ordem: 4569.69
2025-01-17 19:58:46,678 - WARNING - \u26a0\ufe0f Ordem para BTCUSDT abaixo do mínimo permitido (None). Valor da ordem: 137374.80
2025-01-17 19:58:47,442 - WARNING - \u26a0\ufe0f Ordem para ETHUSDT abaixo do mínimo permitido (None). Valor da ordem: 4566.67
2025-01-17 19:59:18,755 - WARNING - \u26a0\ufe0f Ordem para BTCUSDT abaixo do mínimo permitido (None). Valor da ordem: 137315.02
2025-01-17 19:59:19,520 - WARNING - \u26a0\ufe0f Ordem para ETHUSDT abaixo do mínimo permitido (None). Valor da ordem: 4564.27
2025-01-17 19:59:50,889 - WARNING - \u26a0\ufe0f Ordem para BTCUSDT abaixo do mínimo permitido (None). Valor da ordem: 137348.80
2025-01-17 19:59:51,673 - WARNING - \u26a0\ufe0f Ordem para ETHUSDT abaixo do mínimo permitido (None). Valor da ordem: 4565.17
2025-01-17 20:00:22,971 - WARNING - \u26a0\ufe0f Ordem para BTCUSDT abaixo do mínimo permitido (None). Valor da ordem: 137277.24
2025-01-17 20:00:23,738 - WARNING - \u26a0\ufe0f Ordem para ETHUSDT abaixo do mínimo permitido (None). Valor da ordem: 4566.02
2025-01-17 20:00:55,046 - WARNING - \u26a0\ufe0f Ordem para BTCUSDT abaixo do mínimo permitido (None). Valor da ordem: 137172.00
2025-01-17 20:00:55,825 - WARNING - \u26a0\ufe0f Ordem para ETHUSDT abaixo do mínimo permitido (None). Valor da ordem: 4561.61
2025-01-17 20:01:27,680 - WARNING - \u26a0\ufe0f Ordem para BTCUSDT abaixo do mínimo permitido (None). Valor da ordem: 137142.47
2025-01-17 20:01:28,454 - WARNING - \u26a0\ufe0f Ordem para ETHUSDT abaixo do mínimo permitido (None). Valor da ordem: 4557.92
2025-01-17 20:02:00,340 - WARNING - \u26a0\ufe0f Ordem para BTCUSDT abaixo do mínimo permitido (None). Valor da ordem: 137247.71
2025-01-17 20:02:01,109 - WARNING - \u26a0\ufe0f Ordem para ETHUSDT abaixo do mínimo permitido (None). Valor da ordem: 4559.85
2025-01-17 20:02:32,921 - WARNING - \u26a0\ufe0f Ordem para BTCUSDT abaixo do mínimo permitido (None). Valor da ordem: 137270.69
2025-01-17 20:02:33,690 - WARNING - \u26a0\ufe0f Ordem para ETHUSDT abaixo do mínimo permitido (None). Valor da ordem: 4558.10
2025-01-17 20:03:05,416 - WARNING - \u26a0\ufe0f Ordem para BTCUSDT abaixo do mínimo permitido (None). Valor da ordem: 137299.14
2025-01-17 20:03:06,223 - WARNING - \u26a0\ufe0f Ordem para ETHUSDT abaixo do mínimo permitido (None). Valor da ordem: 4556.38
2025-01-17 20:03:37,506 - WARNING - \u26a0\ufe0f Ordem para BTCUSDT abaixo do mínimo permitido (None). Valor da ordem: 137267.37
2025-01-17 20:03:38,278 - WARNING - \u26a0\ufe0f Ordem para ETHUSDT abaixo do mínimo permitido (None). Valor da ordem: 4555.59
2025-01-17 20:04:10,216 - WARNING - \u26a0\ufe0f Ordem para BTCUSDT abaixo do mínimo permitido (None). Valor da ordem: 137309.47
2025-01-17 20:04:10,979 - WARNING - \u26a0\ufe0f Ordem para ETHUSDT abaixo do mínimo permitido (None). Valor da ordem: 4561.15
2025-01-17 20:04:42,827 - WARNING - \u26a0\ufe0f Ordem para BTCUSDT abaixo do mínimo permitido (None). Valor da ordem: 137292.85
2025-01-17 20:04:43,616 - WARNING - \u26a0\ufe0f Ordem para ETHUSDT abaixo do mínimo permitido (None). Valor da ordem: 4560.36
2025-01-17 20:05:15,419 - WARNING - \u26a0\ufe0f Ordem para BTCUSDT abaixo do mínimo permitido (None). Valor da ordem: 137320.56
2025-01-17 20:05:16,196 - WARNING - \u26a0\ufe0f Ordem para ETHUSDT abaixo do mínimo permitido (None). Valor da ordem: 4562.52
2025-01-17 20:05:48,493 - WARNING - \u26a0\ufe0f Ordem para BTCUSDT abaixo do mínimo permitido (None). Valor da ordem: 137294.34
2025-01-17 20:05:49,268 - WARNING - \u26a0\ufe0f Ordem para ETHUSDT abaixo do mínimo permitido (None). Valor da ordem: 4561.23
2025-01-17 20:06:21,081 - WARNING - \u26a0\ufe0f Ordem para BTCUSDT abaixo do mínimo permitido (None). Valor da ordem: 137270.85
2025-01-17 20:06:21,869 - WARNING - \u26a0\ufe0f Ordem para ETHUSDT abaixo do mínimo permitido (None). Valor da ordem: 4559.85
2025-01-17 20:06:53,659 - WARNING - \u26a0\ufe0f Ordem para BTCUSDT abaixo do mínimo permitido (None). Valor da ordem: 137262.02
2025-01-17 20:06:54,412 - WARNING - \u26a0\ufe0f Ordem para ETHUSDT abaixo do mínimo permitido (None). Valor da ordem: 4560.23
2025-01-17 20:07:25,874 - WARNING - \u26a0\ufe0f Ordem para BTCUSDT abaixo do mínimo permitido (None). Valor da ordem: 137292.99
2025-01-17 20:07:28,101 - WARNING - \u26a0\ufe0f Ordem para ETHUSDT abaixo do mínimo permitido (None). Valor da ordem: 4564.01
2025-01-17 20:07:59,948 - WARNING - \u26a0\ufe0f Ordem para BTCUSDT abaixo do mínimo permitido (None). Valor da ordem: 137286.11
2025-01-17 20:08:01,693 - WARNING - \u26a0\ufe0f Ordem para ETHUSDT abaixo do mínimo permitido (None). Valor da ordem: 4563.67
2025-01-17 20:08:33,752 - WARNING - \u26a0\ufe0f Ordem para BTCUSDT abaixo do mínimo permitido (None). Valor da ordem: 137307.92
2025-01-17 20:08:35,494 - WARNING - \u26a0\ufe0f Ordem para ETHUSDT abaixo do mínimo permitido (None). Valor da ordem: 4564.98
2025-01-17 20:09:07,382 - WARNING - \u26a0\ufe0f Ordem para BTCUSDT abaixo do mínimo permitido (None). Valor da ordem: 137313.06
2025-01-17 20:09:09,124 - WARNING - \u26a0\ufe0f Ordem para ETHUSDT abaixo do mínimo permitido (None). Valor da ordem: 4566.01
2025-01-17 20:09:41,999 - WARNING - \u26a0\ufe0f Ordem para BTCUSDT abaixo do mínimo permitido (None). Valor da ordem: 137327.06
2025-01-17 20:09:42,770 - WARNING - \u26a0\ufe0f Ordem para ETHUSDT abaixo do mínimo permitido (None). Valor da ordem: 4566.20
2025-01-17 20:10:14,800 - WARNING - \u26a0\ufe0f Ordem para BTCUSDT abaixo do mínimo permitido (None). Valor da ordem: 137346.91
2025-01-17 20:10:15,545 - WARNING - \u26a0\ufe0f Ordem para ETHUSDT abaixo do mínimo permitido (None). Valor da ordem: 4567.22
2025-01-17 20:10:46,794 - WARNING - \u26a0\ufe0f Ordem para BTCUSDT abaixo do mínimo permitido (None). Valor da ordem: 137343.93
2025-01-17 20:10:47,567 - WARNING - \u26a0\ufe0f Ordem para ETHUSDT abaixo do mínimo permitido (None). Valor da ordem: 4566.02
2025-01-17 20:11:19,506 - WARNING - \u26a0\ufe0f Ordem para BTCUSDT abaixo do mínimo permitido (None). Valor da ordem: 137303.86
2025-01-17 20:11:20,269 - WARNING - \u26a0\ufe0f Ordem para ETHUSDT abaixo do mínimo permitido (None). Valor da ordem: 4565.14
2025-01-17 20:11:52,069 - WARNING - \u26a0\ufe0f Ordem para BTCUSDT abaixo do mínimo permitido (None). Valor da ordem: 137287.07
2025-01-17 20:11:52,829 - WARNING - \u26a0\ufe0f Ordem para ETHUSDT abaixo do mínimo permitido (None). Valor da ordem: 4567.13
2025-01-17 20:12:24,669 - WARNING - \u26a0\ufe0f Ordem para BTCUSDT abaixo do mínimo permitido (None). Valor da ordem: 137292.17
2025-01-17 20:12:25,457 - WARNING - \u26a0\ufe0f Ordem para ETHUSDT abaixo do mínimo permitido (None). Valor da ordem: 4568.61
2025-01-17 20:12:57,245 - WARNING - \u26a0\ufe0f Ordem para BTCUSDT abaixo do mínimo permitido (None). Valor da ordem: 137338.92
2025-01-17 20:12:58,006 - WARNING - \u26a0\ufe0f Ordem para ETHUSDT abaixo do mínimo permitido (None). Valor da ordem: 4570.61
2025-01-17 20:13:29,412 - WARNING - \u26a0\ufe0f Ordem para BTCUSDT abaixo do mínimo permitido (None). Valor da ordem: 137370.15
2025-01-17 20:13:30,174 - WARNING - \u26a0\ufe0f Ordem para ETHUSDT abaixo do mínimo permitido (None). Valor da ordem: 4571.73
2025-01-17 20:14:01,422 - WARNING - \u26a0\ufe0f Ordem para BTCUSDT abaixo do mínimo permitido (None). Valor da ordem: 137354.06
2025-01-17 20:14:02,186 - WARNING - \u26a0\ufe0f Ordem para ETHUSDT abaixo do mínimo permitido (None). Valor da ordem: 4571.72
2025-01-17 20:14:34,067 - WARNING - \u26a0\ufe0f Ordem para BTCUSDT abaixo do mínimo permitido (None). Valor da ordem: 137384.17
2025-01-17 20:14:34,820 - WARNING - \u26a0\ufe0f Ordem para ETHUSDT abaixo do mínimo permitido (None). Valor da ordem: 4574.44
2025-01-17 20:15:06,604 - WARNING - \u26a0\ufe0f Ordem para BTCUSDT abaixo do mínimo permitido (None). Valor da ordem: 137410.19
2025-01-17 20:15:07,424 - WARNING - \u26a0\ufe0f Ordem para ETHUSDT abaixo do mínimo permitido (None). Valor da ordem: 4570.20
2025-01-17 20:15:39,307 - WARNING - \u26a0\ufe0f Ordem para BTCUSDT abaixo do mínimo permitido (None). Valor da ordem: 137384.32
2025-01-17 20:15:40,066 - WARNING - \u26a0\ufe0f Ordem para ETHUSDT abaixo do mínimo permitido (None). Valor da ordem: 4568.49
2025-01-17 20:16:12,166 - WARNING - \u26a0\ufe0f Ordem para BTCUSDT abaixo do mínimo permitido (None). Valor da ordem: 137429.89
2025-01-17 20:16:12,923 - WARNING - \u26a0\ufe0f Ordem para ETHUSDT abaixo do mínimo permitido (None). Valor da ordem: 4569.68
2025-01-17 20:16:44,982 - WARNING - \u26a0\ufe0f Ordem para BTCUSDT abaixo do mínimo permitido (None). Valor da ordem: 137423.31
2025-01-17 20:16:45,743 - WARNING - \u26a0\ufe0f Ordem para ETHUSDT abaixo do mínimo permitido (None). Valor da ordem: 4568.41
2025-01-17 20:17:17,539 - WARNING - \u26a0\ufe0f Ordem para BTCUSDT abaixo do mínimo permitido (None). Valor da ordem: 137423.32
2025-01-17 20:17:18,295 - WARNING - \u26a0\ufe0f Ordem para ETHUSDT abaixo do mínimo permitido (None). Valor da ordem: 4568.82
2025-01-17 20:17:50,148 - WARNING - \u26a0\ufe0f Ordem para BTCUSDT abaixo do mínimo permitido (None). Valor da ordem: 137401.58
2025-01-17 20:17:50,914 - WARNING - \u26a0\ufe0f Ordem para ETHUSDT abaixo do mínimo permitido (None). Valor da ordem: 4567.93
2025-01-17 20:18:22,773 - WARNING - \u26a0\ufe0f Ordem para BTCUSDT abaixo do mínimo permitido (None). Valor da ordem: 137425.76
2025-01-17 20:18:23,533 - WARNING - \u26a0\ufe0f Ordem para ETHUSDT abaixo do mínimo permitido (None). Valor da ordem: 4567.35
2025-01-17 20:18:55,330 - WARNING - \u26a0\ufe0f Ordem para BTCUSDT abaixo do mínimo permitido (None). Valor da ordem: 137401.58
2025-01-17 20:18:56,091 - WARNING - \u26a0\ufe0f Ordem para ETHUSDT abaixo do mínimo permitido (None). Valor da ordem: 4567.41
2025-01-17 20:19:27,335 - WARNING - \u26a0\ufe0f Ordem para BTCUSDT abaixo do mínimo permitido (None). Valor da ordem: 137397.29
2025-01-17 20:19:28,151 - WARNING - \u26a0\ufe0f Ordem para ETHUSDT abaixo do mínimo permitido (None). Valor da ordem: 4567.03
2025-01-17 20:19:59,409 - WARNING - \u26a0\ufe0f Ordem para BTCUSDT abaixo do mínimo permitido (None). Valor da ordem: 137368.69
2025-01-17 20:20:00,171 - WARNING - \u26a0\ufe0f Ordem para ETHUSDT abaixo do mínimo permitido (None). Valor da ordem: 4567.69
2025-01-17 20:20:32,080 - WARNING - \u26a0\ufe0f Ordem para BTCUSDT abaixo do mínimo permitido (None). Valor da ordem: 137387.65
2025-01-17 20:20:32,814 - WARNING - \u26a0\ufe0f Ordem para ETHUSDT abaixo do mínimo permitido (None). Valor da ordem: 4569.65
2025-01-17 20:21:04,666 - WARNING - \u26a0\ufe0f Ordem para BTCUSDT abaixo do mínimo permitido (None). Valor da ordem: 137374.53
2025-01-17 20:21:05,473 - WARNING - \u26a0\ufe0f Ordem para ETHUSDT abaixo do mínimo permitido (None). Valor da ordem: 4570.56
2025-01-17 20:21:37,396 - WARNING - \u26a0\ufe0f Ordem para BTCUSDT abaixo do mínimo permitido (None). Valor da ordem: 137359.48
2025-01-17 20:21:38,147 - WARNING - \u26a0\ufe0f Ordem para ETHUSDT abaixo do mínimo permitido (None). Valor da ordem: 4571.62
2025-01-17 20:22:10,029 - WARNING - \u26a0\ufe0f Ordem para BTCUSDT abaixo do mínimo permitido (None). Valor da ordem: 137368.10
2025-01-17 20:22:10,791 - WARNING - \u26a0\ufe0f Ordem para ETHUSDT abaixo do mínimo permitido (None). Valor da ordem: 4573.02
2025-01-17 20:22:43,056 - WARNING - \u26a0\ufe0f Ordem para BTCUSDT abaixo do mínimo permitido (None). Valor da ordem: 137349.46
2025-01-17 20:22:43,815 - WARNING - \u26a0\ufe0f Ordem para ETHUSDT abaixo do mínimo permitido (None). Valor da ordem: 4576.03
2025-01-17 20:23:15,715 - WARNING - \u26a0\ufe0f Ordem para BTCUSDT abaixo do mínimo permitido (None). Valor da ordem: 137398.08
2025-01-17 20:23:16,480 - WARNING - \u26a0\ufe0f Ordem para ETHUSDT abaixo do mínimo permitido (None). Valor da ordem: 4578.61
2025-01-17 20:23:48,326 - WARNING - \u26a0\ufe0f Ordem para BTCUSDT abaixo do mínimo permitido (None). Valor da ordem: 137421.90
2025-01-17 20:23:49,097 - WARNING - \u26a0\ufe0f Ordem para ETHUSDT abaixo do mínimo permitido (None). Valor da ordem: 4579.56
2025-01-17 20:24:21,635 - WARNING - \u26a0\ufe0f Ordem para BTCUSDT abaixo do mínimo permitido (None). Valor da ordem: 137404.99
2025-01-17 20:24:22,390 - WARNING - \u26a0\ufe0f Ordem para ETHUSDT abaixo do mínimo permitido (None). Valor da ordem: 4579.08
2025-01-17 20:24:54,240 - WARNING - \u26a0\ufe0f Ordem para BTCUSDT abaixo do mínimo permitido (None). Valor da ordem: 137397.12
2025-01-17 20:24:55,001 - WARNING - \u26a0\ufe0f Ordem para ETHUSDT abaixo do mínimo permitido (None). Valor da ordem: 4577.20
2025-01-17 20:25:26,774 - WARNING - \u26a0\ufe0f Ordem para BTCUSDT abaixo do mínimo permitido (None). Valor da ordem: 137480.09
2025-01-17 20:25:27,529 - WARNING - \u26a0\ufe0f Ordem para ETHUSDT abaixo do mínimo permitido (None). Valor da ordem: 4583.02
2025-01-17 20:25:59,420 - WARNING - \u26a0\ufe0f Ordem para BTCUSDT abaixo do mínimo permitido (None). Valor da ordem: 137451.08
2025-01-17 20:26:00,183 - WARNING - \u26a0\ufe0f Ordem para ETHUSDT abaixo do mínimo permitido (None). Valor da ordem: 4581.89
2025-01-17 20:26:31,987 - WARNING - \u26a0\ufe0f Ordem para BTCUSDT abaixo do mínimo permitido (None). Valor da ordem: 137501.95
2025-01-17 20:26:32,749 - WARNING - \u26a0\ufe0f Ordem para ETHUSDT abaixo do mínimo permitido (None). Valor da ordem: 4581.83
2025-01-17 20:27:04,775 - WARNING - \u26a0\ufe0f Ordem para BTCUSDT abaixo do mínimo permitido (None). Valor da ordem: 137500.61
2025-01-17 20:27:05,536 - WARNING - \u26a0\ufe0f Ordem para ETHUSDT abaixo do mínimo permitido (None). Valor da ordem: 4582.66
2025-01-17 20:27:36,850 - WARNING - \u26a0\ufe0f Ordem para BTCUSDT abaixo do mínimo permitido (None). Valor da ordem: 137469.92
2025-01-17 20:27:37,616 - WARNING - \u26a0\ufe0f Ordem para ETHUSDT abaixo do mínimo permitido (None). Valor da ordem: 4584.44
2025-01-17 20:28:09,413 - WARNING - \u26a0\ufe0f Ordem para BTCUSDT abaixo do mínimo permitido (None). Valor da ordem: 137463.71
2025-01-17 20:28:10,176 - WARNING - \u26a0\ufe0f Ordem para ETHUSDT abaixo do mínimo permitido (None). Valor da ordem: 4584.24
2025-01-17 20:28:42,042 - WARNING - \u26a0\ufe0f Ordem para BTCUSDT abaixo do mínimo permitido (None). Valor da ordem: 137450.03
2025-01-17 20:28:42,818 - WARNING - \u26a0\ufe0f Ordem para ETHUSDT abaixo do mínimo permitido (None). Valor da ordem: 4582.96
2025-01-17 20:29:14,759 - WARNING - \u26a0\ufe0f Ordem para BTCUSDT abaixo do mínimo permitido (None). Valor da ordem: 137359.26
2025-01-17 20:29:17,107 - WARNING - \u26a0\ufe0f Ordem para ETHUSDT abaixo do mínimo permitido (None). Valor da ordem: 4580.50
2025-01-17 20:29:48,531 - WARNING - \u26a0\ufe0f Ordem para BTCUSDT abaixo do mínimo permitido (None). Valor da ordem: 137368.99
2025-01-17 20:29:49,514 - WARNING - \u26a0\ufe0f Ordem para ETHUSDT abaixo do mínimo permitido (None). Valor da ordem: 4581.83
2025-01-17 20:30:21,425 - WARNING - \u26a0\ufe0f Ordem para BTCUSDT abaixo do mínimo permitido (None). Valor da ordem: 137368.98
2025-01-17 20:30:22,192 - WARNING - \u26a0\ufe0f Ordem para ETHUSDT abaixo do mínimo permitido (None). Valor da ordem: 4581.16
2025-01-17 20:30:53,452 - WARNING - \u26a0\ufe0f Ordem para BTCUSDT abaixo do mínimo permitido (None). Valor da ordem: 137361.94
2025-01-17 20:30:54,239 - WARNING - \u26a0\ufe0f Ordem para ETHUSDT abaixo do mínimo permitido (None). Valor da ordem: 4581.42
2025-01-17 20:31:25,529 - WARNING - \u26a0\ufe0f Ordem para BTCUSDT abaixo do mínimo permitido (None). Valor da ordem: 137326.61
2025-01-17 20:31:26,316 - WARNING - \u26a0\ufe0f Ordem para ETHUSDT abaixo do mínimo permitido (None). Valor da ordem: 4580.49
2025-01-17 20:31:59,370 - WARNING - \u26a0\ufe0f Ordem para BTCUSDT abaixo do mínimo permitido (None). Valor da ordem: 137303.47
2025-01-17 20:32:00,149 - WARNING - \u26a0\ufe0f Ordem para ETHUSDT abaixo do mínimo permitido (None). Valor da ordem: 4578.19
2025-01-17 20:32:31,990 - WARNING - \u26a0\ufe0f Ordem para BTCUSDT abaixo do mínimo permitido (None). Valor da ordem: 137285.38
2025-01-17 20:32:32,788 - WARNING - \u26a0\ufe0f Ordem para ETHUSDT abaixo do mínimo permitido (None). Valor da ordem: 4576.79
2025-01-17 20:33:04,744 - WARNING - \u26a0\ufe0f Ordem para BTCUSDT abaixo do mínimo permitido (None). Valor da ordem: 137240.24
2025-01-17 20:33:05,515 - WARNING - \u26a0\ufe0f Ordem para ETHUSDT abaixo do mínimo permitido (None). Valor da ordem: 4572.87
2025-01-17 20:33:37,340 - WARNING - \u26a0\ufe0f Ordem para BTCUSDT abaixo do mínimo permitido (None). Valor da ordem: 137252.13
2025-01-17 20:33:38,126 - WARNING - \u26a0\ufe0f Ordem para ETHUSDT abaixo do mínimo permitido (None). Valor da ordem: 4572.32
2025-01-17 20:34:09,877 - WARNING - \u26a0\ufe0f Ordem para BTCUSDT abaixo do mínimo permitido (None). Valor da ordem: 137213.02
2025-01-17 20:34:10,632 - WARNING - \u26a0\ufe0f Ordem para ETHUSDT abaixo do mínimo permitido (None). Valor da ordem: 4570.61
2025-01-17 20:34:42,525 - WARNING - \u26a0\ufe0f Ordem para BTCUSDT abaixo do mínimo permitido (None). Valor da ordem: 137190.40
2025-01-17 20:34:43,287 - WARNING - \u26a0\ufe0f Ordem para ETHUSDT abaixo do mínimo permitido (None). Valor da ordem: 4571.27
2025-01-17 20:35:15,043 - WARNING - \u26a0\ufe0f Ordem para BTCUSDT abaixo do mínimo permitido (None). Valor da ordem: 137185.81
2025-01-17 20:35:15,809 - WARNING - \u26a0\ufe0f Ordem para ETHUSDT abaixo do mínimo permitido (None). Valor da ordem: 4572.57
2025-01-17 20:35:47,584 - WARNING - \u26a0\ufe0f Ordem para BTCUSDT abaixo do mínimo permitido (None). Valor da ordem: 137247.55
2025-01-17 20:35:48,345 - WARNING - \u26a0\ufe0f Ordem para ETHUSDT abaixo do mínimo permitido (None). Valor da ordem: 4574.43
2025-01-17 20:36:19,735 - WARNING - \u26a0\ufe0f Ordem para BTCUSDT abaixo do mínimo permitido (None). Valor da ordem: 137214.65
2025-01-17 20:36:20,537 - WARNING - \u26a0\ufe0f Ordem para ETHUSDT abaixo do mínimo permitido (None). Valor da ordem: 4574.16
2025-01-17 20:36:52,393 - WARNING - \u26a0\ufe0f Ordem para BTCUSDT abaixo do mínimo permitido (None). Valor da ordem: 137221.40
2025-01-17 20:36:53,163 - WARNING - \u26a0\ufe0f Ordem para ETHUSDT abaixo do mínimo permitido (None). Valor da ordem: 4575.51
2025-01-17 20:37:24,962 - WARNING - \u26a0\ufe0f Ordem para BTCUSDT abaixo do mínimo permitido (None). Valor da ordem: 137203.14
2025-01-17 20:37:25,740 - WARNING - \u26a0\ufe0f Ordem para ETHUSDT abaixo do mínimo permitido (None). Valor da ordem: 4575.53
2025-01-17 20:37:56,998 - WARNING - \u26a0\ufe0f Ordem para BTCUSDT abaixo do mínimo permitido (None). Valor da ordem: 137247.54
2025-01-17 20:37:57,760 - WARNING - \u26a0\ufe0f Ordem para ETHUSDT abaixo do mínimo permitido (None). Valor da ordem: 4578.52
2025-01-17 20:38:30,139 - WARNING - \u26a0\ufe0f Ordem para BTCUSDT abaixo do mínimo permitido (None). Valor da ordem: 137311.55
2025-01-17 20:38:30,936 - WARNING - \u26a0\ufe0f Ordem para ETHUSDT abaixo do mínimo permitido (None). Valor da ordem: 4578.50
2025-01-17 20:39:02,773 - WARNING - \u26a0\ufe0f Ordem para BTCUSDT abaixo do mínimo permitido (None). Valor da ordem: 137258.52
2025-01-17 20:39:03,541 - WARNING - \u26a0\ufe0f Ordem para ETHUSDT abaixo do mínimo permitido (None). Valor da ordem: 4577.86
2025-01-17 20:39:35,914 - WARNING - \u26a0\ufe0f Ordem para BTCUSDT abaixo do mínimo permitido (None). Valor da ordem: 137258.51
2025-01-17 20:39:36,683 - WARNING - \u26a0\ufe0f Ordem para ETHUSDT abaixo do mínimo permitido (None). Valor da ordem: 4576.35
2025-01-17 20:40:07,928 - WARNING - \u26a0\ufe0f Ordem para BTCUSDT abaixo do mínimo permitido (None). Valor da ordem: 137231.33
2025-01-17 20:40:08,707 - WARNING - \u26a0\ufe0f Ordem para ETHUSDT abaixo do mínimo permitido (None). Valor da ordem: 4575.72
2025-01-17 20:40:40,519 - WARNING - \u26a0\ufe0f Ordem para BTCUSDT abaixo do mínimo permitido (None). Valor da ordem: 137230.92
2025-01-17 20:40:41,291 - WARNING - \u26a0\ufe0f Ordem para ETHUSDT abaixo do mínimo permitido (None). Valor da ordem: 4577.15
2025-01-17 20:41:13,228 - WARNING - \u26a0\ufe0f Ordem para BTCUSDT abaixo do mínimo permitido (None). Valor da ordem: 137222.09
2025-01-17 20:41:13,983 - WARNING - \u26a0\ufe0f Ordem para ETHUSDT abaixo do mínimo permitido (None). Valor da ordem: 4574.61
2025-01-17 20:41:45,772 - WARNING - \u26a0\ufe0f Ordem para BTCUSDT abaixo do mínimo permitido (None). Valor da ordem: 137222.03
2025-01-17 20:41:46,558 - WARNING - \u26a0\ufe0f Ordem para ETHUSDT abaixo do mínimo permitido (None). Valor da ordem: 4574.61
2025-01-17 20:42:18,679 - WARNING - \u26a0\ufe0f Ordem para BTCUSDT abaixo do mínimo permitido (None). Valor da ordem: 137256.86
2025-01-17 20:42:19,441 - WARNING - \u26a0\ufe0f Ordem para ETHUSDT abaixo do mínimo permitido (None). Valor da ordem: 4578.45
2025-01-17 20:42:50,813 - WARNING - \u26a0\ufe0f Ordem para BTCUSDT abaixo do mínimo permitido (None). Valor da ordem: 137214.77
2025-01-17 20:42:51,574 - WARNING - \u26a0\ufe0f Ordem para ETHUSDT abaixo do mínimo permitido (None). Valor da ordem: 4576.81
2025-01-17 20:43:23,415 - WARNING - \u26a0\ufe0f Ordem para BTCUSDT abaixo do mínimo permitido (None). Valor da ordem: 137193.72
2025-01-17 20:43:24,203 - WARNING - \u26a0\ufe0f Ordem para ETHUSDT abaixo do mínimo permitido (None). Valor da ordem: 4576.60
2025-01-17 20:43:55,735 - WARNING - \u26a0\ufe0f Ordem para BTCUSDT abaixo do mínimo permitido (None). Valor da ordem: 137190.39
2025-01-17 20:43:56,513 - WARNING - \u26a0\ufe0f Ordem para ETHUSDT abaixo do mínimo permitido (None). Valor da ordem: 4577.39
2025-01-17 20:44:28,758 - WARNING - \u26a0\ufe0f Ordem para BTCUSDT abaixo do mínimo permitido (None). Valor da ordem: 137162.37
2025-01-17 20:44:29,723 - WARNING - \u26a0\ufe0f Ordem para ETHUSDT abaixo do mínimo permitido (None). Valor da ordem: 4576.47
2025-01-17 20:45:09,772 - WARNING - \u26a0\ufe0f Ordem para BTCUSDT abaixo do mínimo permitido (None). Valor da ordem: 137156.49
2025-01-17 20:45:10,577 - WARNING - \u26a0\ufe0f Ordem para ETHUSDT abaixo do mínimo permitido (None). Valor da ordem: 4575.89
2025-01-17 20:45:42,457 - WARNING - \u26a0\ufe0f Ordem para BTCUSDT abaixo do mínimo permitido (None). Valor da ordem: 137141.97
2025-01-17 20:45:43,206 - WARNING - \u26a0\ufe0f Ordem para ETHUSDT abaixo do mínimo permitido (None). Valor da ordem: 4575.87
2025-01-17 20:46:14,984 - WARNING - \u26a0\ufe0f Ordem para BTCUSDT abaixo do mínimo permitido (None). Valor da ordem: 137151.60
2025-01-17 20:46:15,748 - WARNING - \u26a0\ufe0f Ordem para ETHUSDT abaixo do mínimo permitido (None). Valor da ordem: 4578.20
2025-01-17 20:46:47,779 - WARNING - \u26a0\ufe0f Ordem para BTCUSDT abaixo do mínimo permitido (None). Valor da ordem: 137134.39
2025-01-17 20:46:48,555 - WARNING - \u26a0\ufe0f Ordem para ETHUSDT abaixo do mínimo permitido (None). Valor da ordem: 4577.08
2025-01-17 20:47:20,401 - WARNING - \u26a0\ufe0f Ordem para BTCUSDT abaixo do mínimo permitido (None). Valor da ordem: 137066.83
2025-01-17 20:47:21,173 - WARNING - \u26a0\ufe0f Ordem para ETHUSDT abaixo do mínimo permitido (None). Valor da ordem: 4576.16
2025-01-17 20:47:52,578 - WARNING - \u26a0\ufe0f Ordem para BTCUSDT abaixo do mínimo permitido (None). Valor da ordem: 137064.88
2025-01-17 20:47:54,837 - WARNING - \u26a0\ufe0f Ordem para ETHUSDT abaixo do mínimo permitido (None). Valor da ordem: 4576.65
2025-01-17 20:48:26,670 - WARNING - \u26a0\ufe0f Ordem para BTCUSDT abaixo do mínimo permitido (None). Valor da ordem: 137033.65
2025-01-17 20:48:27,431 - WARNING - \u26a0\ufe0f Ordem para ETHUSDT abaixo do mínimo permitido (None). Valor da ordem: 4576.78
2025-01-17 20:48:59,290 - WARNING - \u26a0\ufe0f Ordem para BTCUSDT abaixo do mínimo permitido (None). Valor da ordem: 137044.16
2025-01-17 20:49:00,083 - WARNING - \u26a0\ufe0f Ordem para ETHUSDT abaixo do mínimo permitido (None). Valor da ordem: 4576.03
2025-01-17 20:49:31,328 - WARNING - \u26a0\ufe0f Ordem para BTCUSDT abaixo do mínimo permitido (None). Valor da ordem: 137055.36
2025-01-17 20:49:32,095 - WARNING - \u26a0\ufe0f Ordem para ETHUSDT abaixo do mínimo permitido (None). Valor da ordem: 4575.27
2025-01-17 20:50:03,892 - WARNING - \u26a0\ufe0f Ordem para BTCUSDT abaixo do mínimo permitido (None). Valor da ordem: 137047.58
2025-01-17 20:50:04,661 - WARNING - \u26a0\ufe0f Ordem para ETHUSDT abaixo do mínimo permitido (None). Valor da ordem: 4575.28
2025-01-17 20:50:36,915 - WARNING - \u26a0\ufe0f Ordem para BTCUSDT abaixo do mínimo permitido (None). Valor da ordem: 137014.47
2025-01-17 20:50:38,463 - WARNING - \u26a0\ufe0f Ordem para ETHUSDT abaixo do mínimo permitido (None). Valor da ordem: 4573.91
2025-01-17 20:51:10,298 - WARNING - \u26a0\ufe0f Ordem para BTCUSDT abaixo do mínimo permitido (None). Valor da ordem: 137008.21
2025-01-17 20:51:11,790 - WARNING - \u26a0\ufe0f Ordem para ETHUSDT abaixo do mínimo permitido (None). Valor da ordem: 4574.19
2025-01-17 20:51:44,407 - WARNING - \u26a0\ufe0f Ordem para BTCUSDT abaixo do mínimo permitido (None). Valor da ordem: 136998.28
2025-01-17 20:51:45,923 - WARNING - \u26a0\ufe0f Ordem para ETHUSDT abaixo do mínimo permitido (None). Valor da ordem: 4576.57
2025-01-17 20:52:17,331 - WARNING - \u26a0\ufe0f Ordem para BTCUSDT abaixo do mínimo permitido (None). Valor da ordem: 137002.34
2025-01-17 20:52:18,097 - WARNING - \u26a0\ufe0f Ordem para ETHUSDT abaixo do mínimo permitido (None). Valor da ordem: 4577.47
2025-01-17 20:52:49,377 - WARNING - \u26a0\ufe0f Ordem para BTCUSDT abaixo do mínimo permitido (None). Valor da ordem: 137002.34
2025-01-17 20:52:50,138 - WARNING - \u26a0\ufe0f Ordem para ETHUSDT abaixo do mínimo permitido (None). Valor da ordem: 4576.79
2025-01-17 20:53:21,963 - WARNING - \u26a0\ufe0f Ordem para BTCUSDT abaixo do mínimo permitido (None). Valor da ordem: 136967.55
2025-01-17 20:53:22,760 - WARNING - \u26a0\ufe0f Ordem para ETHUSDT abaixo do mínimo permitido (None). Valor da ordem: 4574.72
2025-01-17 20:53:54,011 - WARNING - \u26a0\ufe0f Ordem para BTCUSDT abaixo do mínimo permitido (None). Valor da ordem: 136967.46
2025-01-17 20:53:54,769 - WARNING - \u26a0\ufe0f Ordem para ETHUSDT abaixo do mínimo permitido (None). Valor da ordem: 4571.28
2025-01-17 20:54:26,688 - WARNING - \u26a0\ufe0f Ordem para BTCUSDT abaixo do mínimo permitido (None). Valor da ordem: 136992.31
2025-01-17 20:54:27,445 - WARNING - \u26a0\ufe0f Ordem para ETHUSDT abaixo do mínimo permitido (None). Valor da ordem: 4571.30
2025-01-17 20:54:58,686 - WARNING - \u26a0\ufe0f Ordem para BTCUSDT abaixo do mínimo permitido (None). Valor da ordem: 136992.29
2025-01-17 20:54:59,445 - WARNING - \u26a0\ufe0f Ordem para ETHUSDT abaixo do mínimo permitido (None). Valor da ordem: 4569.91
2025-01-17 20:55:30,694 - WARNING - \u26a0\ufe0f Ordem para BTCUSDT abaixo do mínimo permitido (None). Valor da ordem: 137020.47
2025-01-17 20:55:31,467 - WARNING - \u26a0\ufe0f Ordem para ETHUSDT abaixo do mínimo permitido (None). Valor da ordem: 4572.33
2025-01-17 20:56:03,308 - WARNING - \u26a0\ufe0f Ordem para BTCUSDT abaixo do mínimo permitido (None). Valor da ordem: 136963.06
2025-01-17 20:56:04,077 - WARNING - \u26a0\ufe0f Ordem para ETHUSDT abaixo do mínimo permitido (None). Valor da ordem: 4572.83
2025-01-17 20:56:35,332 - WARNING - \u26a0\ufe0f Ordem para BTCUSDT abaixo do mínimo permitido (None). Valor da ordem: 136954.32
2025-01-17 20:56:36,082 - WARNING - \u26a0\ufe0f Ordem para ETHUSDT abaixo do mínimo permitido (None). Valor da ordem: 4573.91
2025-01-17 20:57:07,885 - WARNING - \u26a0\ufe0f Ordem para BTCUSDT abaixo do mínimo permitido (None). Valor da ordem: 136975.35
2025-01-17 20:57:08,646 - WARNING - \u26a0\ufe0f Ordem para ETHUSDT abaixo do mínimo permitido (None). Valor da ordem: 4573.73
2025-01-17 20:57:40,441 - WARNING - \u26a0\ufe0f Ordem para BTCUSDT abaixo do mínimo permitido (None). Valor da ordem: 136975.35
2025-01-17 20:57:41,210 - WARNING - \u26a0\ufe0f Ordem para ETHUSDT abaixo do mínimo permitido (None). Valor da ordem: 4572.61
2025-01-17 20:58:12,454 - WARNING - \u26a0\ufe0f Ordem para BTCUSDT abaixo do mínimo permitido (None). Valor da ordem: 136968.48
2025-01-17 20:58:13,212 - WARNING - \u26a0\ufe0f Ordem para ETHUSDT abaixo do mínimo permitido (None). Valor da ordem: 4572.12
2025-01-17 20:58:44,743 - WARNING - \u26a0\ufe0f Ordem para BTCUSDT abaixo do mínimo permitido (None). Valor da ordem: 136946.41
2025-01-17 20:58:45,607 - WARNING - \u26a0\ufe0f Ordem para ETHUSDT abaixo do mínimo permitido (None). Valor da ordem: 4569.23
2025-01-17 20:59:16,886 - WARNING - \u26a0\ufe0f Ordem para BTCUSDT abaixo do mínimo permitido (None). Valor da ordem: 136912.22
2025-01-17 20:59:17,653 - WARNING - \u26a0\ufe0f Ordem para ETHUSDT abaixo do mínimo permitido (None). Valor da ordem: 4568.52
2025-01-17 20:59:49,089 - WARNING - \u26a0\ufe0f Ordem para BTCUSDT abaixo do mínimo permitido (None). Valor da ordem: 136911.51
2025-01-17 20:59:49,836 - WARNING - \u26a0\ufe0f Ordem para ETHUSDT abaixo do mínimo permitido (None). Valor da ordem: 4567.99
2025-01-17 21:00:21,077 - WARNING - \u26a0\ufe0f Ordem para BTCUSDT abaixo do mínimo permitido (None). Valor da ordem: 136967.46
2025-01-17 21:00:21,845 - WARNING - \u26a0\ufe0f Ordem para ETHUSDT abaixo do mínimo permitido (None). Valor da ordem: 4574.83
2025-01-17 21:00:55,197 - WARNING - \u26a0\ufe0f Ordem para BTCUSDT abaixo do mínimo permitido (None). Valor da ordem: 137031.55
2025-01-17 21:00:56,023 - WARNING - \u26a0\ufe0f Ordem para ETHUSDT abaixo do mínimo permitido (None). Valor da ordem: 4575.23
2025-01-17 21:01:27,320 - WARNING - \u26a0\ufe0f Ordem para BTCUSDT abaixo do mínimo permitido (None). Valor da ordem: 136988.51
2025-01-17 21:01:28,083 - WARNING - \u26a0\ufe0f Ordem para ETHUSDT abaixo do mínimo permitido (None). Valor da ordem: 4570.62
2025-01-17 21:02:00,131 - WARNING - \u26a0\ufe0f Ordem para BTCUSDT abaixo do mínimo permitido (None). Valor da ordem: 136956.51
2025-01-17 21:02:00,890 - WARNING - \u26a0\ufe0f Ordem para ETHUSDT abaixo do mínimo permitido (None). Valor da ordem: 4572.52
2025-01-17 21:02:32,757 - WARNING - \u26a0\ufe0f Ordem para BTCUSDT abaixo do mínimo permitido (None). Valor da ordem: 136957.83
2025-01-17 21:02:33,530 - WARNING - \u26a0\ufe0f Ordem para ETHUSDT abaixo do mínimo permitido (None). Valor da ordem: 4569.18
2025-01-17 21:03:05,334 - WARNING - \u26a0\ufe0f Ordem para BTCUSDT abaixo do mínimo permitido (None). Valor da ordem: 136977.17
2025-01-17 21:03:06,126 - WARNING - \u26a0\ufe0f Ordem para ETHUSDT abaixo do mínimo permitido (None). Valor da ordem: 4567.35
2025-01-17 21:03:38,001 - WARNING - \u26a0\ufe0f Ordem para BTCUSDT abaixo do mínimo permitido (None). Valor da ordem: 136973.89
2025-01-17 21:03:38,770 - WARNING - \u26a0\ufe0f Ordem para ETHUSDT abaixo do mínimo permitido (None). Valor da ordem: 4569.44
2025-01-17 21:04:11,922 - WARNING - \u26a0\ufe0f Ordem para BTCUSDT abaixo do mínimo permitido (None). Valor da ordem: 137015.49
2025-01-17 21:04:12,701 - WARNING - \u26a0\ufe0f Ordem para ETHUSDT abaixo do mínimo permitido (None). Valor da ordem: 4570.64
2025-01-17 21:04:44,103 - WARNING - \u26a0\ufe0f Ordem para BTCUSDT abaixo do mínimo permitido (None). Valor da ordem: 137108.15
2025-01-17 21:04:44,857 - WARNING - \u26a0\ufe0f Ordem para ETHUSDT abaixo do mínimo permitido (None). Valor da ordem: 4571.86
2025-01-17 21:05:16,767 - WARNING - \u26a0\ufe0f Ordem para BTCUSDT abaixo do mínimo permitido (None). Valor da ordem: 137059.55
2025-01-17 21:05:17,548 - WARNING - \u26a0\ufe0f Ordem para ETHUSDT abaixo do mínimo permitido (None). Valor da ordem: 4571.45
2025-01-17 21:05:49,001 - WARNING - \u26a0\ufe0f Ordem para BTCUSDT abaixo do mínimo permitido (None). Valor da ordem: 137076.45
2025-01-17 21:05:49,784 - WARNING - \u26a0\ufe0f Ordem para ETHUSDT abaixo do mínimo permitido (None). Valor da ordem: 4567.72
2025-01-17 21:06:21,255 - WARNING - \u26a0\ufe0f Ordem para BTCUSDT abaixo do mínimo permitido (None). Valor da ordem: 137106.53
2025-01-17 21:06:22,025 - WARNING - \u26a0\ufe0f Ordem para ETHUSDT abaixo do mínimo permitido (None). Valor da ordem: 4570.93
2025-01-17 21:06:53,924 - WARNING - \u26a0\ufe0f Ordem para BTCUSDT abaixo do mínimo permitido (None). Valor da ordem: 137149.82
2025-01-17 21:06:54,692 - WARNING - \u26a0\ufe0f Ordem para ETHUSDT abaixo do mínimo permitido (None). Valor da ordem: 4572.60
2025-01-17 21:07:26,079 - WARNING - \u26a0\ufe0f Ordem para BTCUSDT abaixo do mínimo permitido (None). Valor da ordem: 137163.49
2025-01-17 21:07:26,875 - WARNING - \u26a0\ufe0f Ordem para ETHUSDT abaixo do mínimo permitido (None). Valor da ordem: 4572.81
2025-01-17 21:07:58,918 - WARNING - \u26a0\ufe0f Ordem para BTCUSDT abaixo do mínimo permitido (None). Valor da ordem: 137243.20
2025-01-17 21:07:59,701 - WARNING - \u26a0\ufe0f Ordem para ETHUSDT abaixo do mínimo permitido (None). Valor da ordem: 4571.95
2025-01-17 21:08:31,485 - WARNING - \u26a0\ufe0f Ordem para BTCUSDT abaixo do mínimo permitido (None). Valor da ordem: 137270.02
2025-01-17 21:08:32,252 - WARNING - \u26a0\ufe0f Ordem para ETHUSDT abaixo do mínimo permitido (None). Valor da ordem: 4570.78
2025-01-17 21:09:04,061 - WARNING - \u26a0\ufe0f Ordem para BTCUSDT abaixo do mínimo permitido (None). Valor da ordem: 137235.21
2025-01-17 21:09:04,823 - WARNING - \u26a0\ufe0f Ordem para ETHUSDT abaixo do mínimo permitido (None). Valor da ordem: 4570.39
2025-01-17 21:09:37,077 - WARNING - \u26a0\ufe0f Ordem para BTCUSDT abaixo do mínimo permitido (None). Valor da ordem: 137195.18
2025-01-17 21:09:39,588 - WARNING - \u26a0\ufe0f Ordem para ETHUSDT abaixo do mínimo permitido (None). Valor da ordem: 4570.64
2025-01-17 21:10:12,353 - WARNING - \u26a0\ufe0f Ordem para BTCUSDT abaixo do mínimo permitido (None). Valor da ordem: 137281.73
2025-01-17 21:10:14,132 - WARNING - \u26a0\ufe0f Ordem para ETHUSDT abaixo do mínimo permitido (None). Valor da ordem: 4576.25
2025-01-17 21:10:46,067 - WARNING - \u26a0\ufe0f Ordem para BTCUSDT abaixo do mínimo permitido (None). Valor da ordem: 137326.60
2025-01-17 21:10:46,829 - WARNING - \u26a0\ufe0f Ordem para ETHUSDT abaixo do mínimo permitido (None). Valor da ordem: 4576.82
2025-01-17 21:11:18,593 - WARNING - \u26a0\ufe0f Ordem para BTCUSDT abaixo do mínimo permitido (None). Valor da ordem: 137337.17
2025-01-17 21:11:19,350 - WARNING - \u26a0\ufe0f Ordem para ETHUSDT abaixo do mínimo permitido (None). Valor da ordem: 4576.49
2025-01-17 21:11:51,204 - WARNING - \u26a0\ufe0f Ordem para BTCUSDT abaixo do mínimo permitido (None). Valor da ordem: 137305.30
2025-01-17 21:11:51,969 - WARNING - \u26a0\ufe0f Ordem para ETHUSDT abaixo do mínimo permitido (None). Valor da ordem: 4575.97
2025-01-17 21:12:23,872 - WARNING - \u26a0\ufe0f Ordem para BTCUSDT abaixo do mínimo permitido (None). Valor da ordem: 137256.23
2025-01-17 21:12:24,616 - WARNING - \u26a0\ufe0f Ordem para ETHUSDT abaixo do mínimo permitido (None). Valor da ordem: 4574.41
2025-01-17 21:12:56,445 - WARNING - \u26a0\ufe0f Ordem para BTCUSDT abaixo do mínimo permitido (None). Valor da ordem: 137251.86
2025-01-17 21:12:57,198 - WARNING - \u26a0\ufe0f Ordem para ETHUSDT abaixo do mínimo permitido (None). Valor da ordem: 4575.57
2025-01-17 21:13:28,996 - WARNING - \u26a0\ufe0f Ordem para BTCUSDT abaixo do mínimo permitido (None). Valor da ordem: 137243.68
2025-01-17 21:13:29,756 - WARNING - \u26a0\ufe0f Ordem para ETHUSDT abaixo do mínimo permitido (None). Valor da ordem: 4574.33
2025-01-17 21:14:01,058 - WARNING - \u26a0\ufe0f Ordem para BTCUSDT abaixo do mínimo permitido (None). Valor da ordem: 137275.27
2025-01-17 21:14:01,837 - WARNING - \u26a0\ufe0f Ordem para ETHUSDT abaixo do mínimo permitido (None). Valor da ordem: 4572.56
2025-01-17 21:14:33,650 - WARNING - \u26a0\ufe0f Ordem para BTCUSDT abaixo do mínimo permitido (None). Valor da ordem: 137258.99
2025-01-17 21:14:34,445 - WARNING - \u26a0\ufe0f Ordem para ETHUSDT abaixo do mínimo permitido (None). Valor da ordem: 4572.31
2025-01-17 21:15:06,272 - WARNING - \u26a0\ufe0f Ordem para BTCUSDT abaixo do mínimo permitido (None). Valor da ordem: 137286.01
2025-01-17 21:15:07,048 - WARNING - \u26a0\ufe0f Ordem para ETHUSDT abaixo do mínimo permitido (None). Valor da ordem: 4571.81
2025-01-17 21:15:38,874 - WARNING - \u26a0\ufe0f Ordem para BTCUSDT abaixo do mínimo permitido (None). Valor da ordem: 137293.70
2025-01-17 21:15:39,641 - WARNING - \u26a0\ufe0f Ordem para ETHUSDT abaixo do mínimo permitido (None). Valor da ordem: 4570.36
2025-01-17 21:16:11,600 - WARNING - \u26a0\ufe0f Ordem para BTCUSDT abaixo do mínimo permitido (None). Valor da ordem: 137345.45
2025-01-17 21:16:12,373 - WARNING - \u26a0\ufe0f Ordem para ETHUSDT abaixo do mínimo permitido (None). Valor da ordem: 4572.57
2025-01-17 21:16:44,261 - WARNING - \u26a0\ufe0f Ordem para BTCUSDT abaixo do mínimo permitido (None). Valor da ordem: 137436.49
2025-01-17 21:16:45,038 - WARNING - \u26a0\ufe0f Ordem para ETHUSDT abaixo do mínimo permitido (None). Valor da ordem: 4572.22
2025-01-17 21:17:17,388 - WARNING - \u26a0\ufe0f Ordem para BTCUSDT abaixo do mínimo permitido (None). Valor da ordem: 137425.15
2025-01-17 21:17:18,180 - WARNING - \u26a0\ufe0f Ordem para ETHUSDT abaixo do mínimo permitido (None). Valor da ordem: 4571.39
2025-01-17 21:17:58,199 - ERROR - Erro ao verificar saldo: HTTPSConnectionPool(host='api.binance.com', port=443): Read timed out. (read timeout=10)
2025-01-17 21:18:05,616 - INFO - Sincronização com a Binance realizada. Offset: -1890ms
2025-01-17 21:18:37,718 - WARNING - \u26a0\ufe0f Ordem para BTCUSDT abaixo do mínimo permitido (None). Valor da ordem: 137405.59
2025-01-17 21:18:38,507 - WARNING - \u26a0\ufe0f Ordem para ETHUSDT abaixo do mínimo permitido (None). Valor da ordem: 4568.63
2025-01-17 21:19:10,341 - WARNING - \u26a0\ufe0f Ordem para BTCUSDT abaixo do mínimo permitido (None). Valor da ordem: 137367.86
2025-01-17 21:19:11,155 - WARNING - \u26a0\ufe0f Ordem para ETHUSDT abaixo do mínimo permitido (None). Valor da ordem: 4569.41
2025-01-17 21:19:43,042 - WARNING - \u26a0\ufe0f Ordem para BTCUSDT abaixo do mínimo permitido (None). Valor da ordem: 137320.95
2025-01-17 21:19:43,823 - WARNING - \u26a0\ufe0f Ordem para ETHUSDT abaixo do mínimo permitido (None). Valor da ordem: 4566.42
2025-01-17 21:20:19,794 - WARNING - \u26a0\ufe0f Ordem para BTCUSDT abaixo do mínimo permitido (None). Valor da ordem: 137275.16
2025-01-17 21:20:20,608 - WARNING - \u26a0\ufe0f Ordem para ETHUSDT abaixo do mínimo permitido (None). Valor da ordem: 4564.70
2025-01-17 21:20:53,027 - WARNING - \u26a0\ufe0f Ordem para BTCUSDT abaixo do mínimo permitido (None). Valor da ordem: 137256.26
2025-01-17 21:20:53,964 - WARNING - \u26a0\ufe0f Ordem para ETHUSDT abaixo do mínimo permitido (None). Valor da ordem: 4565.35
2025-01-17 21:21:25,727 - WARNING - \u26a0\ufe0f Ordem para BTCUSDT abaixo do mínimo permitido (None). Valor da ordem: 137231.58
2025-01-17 21:21:26,710 - WARNING - \u26a0\ufe0f Ordem para ETHUSDT abaixo do mínimo permitido (None). Valor da ordem: 4564.55
2025-01-18 00:46:55,831 - INFO - Sincronização com a Binance realizada. Offset: -2322ms
2025-01-18 00:46:57,754 - WARNING - \u26a0\ufe0f Ordem para BTCUSDT abaixo do mínimo permitido (None). Valor da ordem: 136247.62
2025-01-18 00:46:58,564 - WARNING - \u26a0\ufe0f Ordem para ETHUSDT abaixo do mínimo permitido (None). Valor da ordem: 4464.06
2025-01-18 00:47:30,545 - WARNING - \u26a0\ufe0f Ordem para BTCUSDT abaixo do mínimo permitido (None). Valor da ordem: 136269.01
2025-01-18 00:47:31,354 - WARNING - \u26a0\ufe0f Ordem para ETHUSDT abaixo do mínimo permitido (None). Valor da ordem: 4463.02
2025-01-18 00:48:03,165 - WARNING - \u26a0\ufe0f Ordem para BTCUSDT abaixo do mínimo permitido (None). Valor da ordem: 136331.04
2025-01-18 00:48:03,992 - WARNING - \u26a0\ufe0f Ordem para ETHUSDT abaixo do mínimo permitido (None). Valor da ordem: 4463.14
2025-01-18 00:48:35,854 - WARNING - \u26a0\ufe0f Ordem para BTCUSDT abaixo do mínimo permitido (None). Valor da ordem: 136373.47
2025-01-18 00:48:37,559 - WARNING - \u26a0\ufe0f Ordem para ETHUSDT abaixo do mínimo permitido (None). Valor da ordem: 4461.99
2025-01-18 00:49:10,174 - WARNING - \u26a0\ufe0f Ordem para BTCUSDT abaixo do mínimo permitido (None). Valor da ordem: 136218.65
2025-01-18 00:49:11,116 - WARNING - \u26a0\ufe0f Ordem para ETHUSDT abaixo do mínimo permitido (None). Valor da ordem: 4459.56
2025-01-18 00:49:43,106 - WARNING - \u26a0\ufe0f Ordem para BTCUSDT abaixo do mínimo permitido (None). Valor da ordem: 136252.73
2025-01-18 00:49:43,982 - WARNING - \u26a0\ufe0f Ordem para ETHUSDT abaixo do mínimo permitido (None). Valor da ordem: 4463.20
2025-01-18 00:50:15,838 - WARNING - \u26a0\ufe0f Ordem para BTCUSDT abaixo do mínimo permitido (None). Valor da ordem: 136222.71
2025-01-18 00:50:16,686 - WARNING - \u26a0\ufe0f Ordem para ETHUSDT abaixo do mínimo permitido (None). Valor da ordem: 4456.51
2025-01-18 00:50:48,143 - WARNING - \u26a0\ufe0f Ordem para BTCUSDT abaixo do mínimo permitido (None). Valor da ordem: 136168.61
2025-01-18 00:50:48,979 - WARNING - \u26a0\ufe0f Ordem para ETHUSDT abaixo do mínimo permitido (None). Valor da ordem: 4453.35
2025-01-18 00:51:20,907 - WARNING - \u26a0\ufe0f Ordem para BTCUSDT abaixo do mínimo permitido (None). Valor da ordem: 136177.66
2025-01-18 00:51:21,691 - WARNING - \u26a0\ufe0f Ordem para ETHUSDT abaixo do mínimo permitido (None). Valor da ordem: 4448.56
2025-01-18 00:51:53,574 - WARNING - \u26a0\ufe0f Ordem para BTCUSDT abaixo do mínimo permitido (None). Valor da ordem: 136140.04
2025-01-18 00:51:54,393 - WARNING - \u26a0\ufe0f Ordem para ETHUSDT abaixo do mínimo permitido (None). Valor da ordem: 4446.42
2025-01-18 00:52:26,244 - WARNING - \u26a0\ufe0f Ordem para BTCUSDT abaixo do mínimo permitido (None). Valor da ordem: 136099.93
2025-01-18 00:52:27,275 - WARNING - \u26a0\ufe0f Ordem para ETHUSDT abaixo do mínimo permitido (None). Valor da ordem: 4444.17
2025-01-18 00:52:59,053 - WARNING - \u26a0\ufe0f Ordem para BTCUSDT abaixo do mínimo permitido (None). Valor da ordem: 136004.31
2025-01-18 00:52:59,839 - WARNING - \u26a0\ufe0f Ordem para ETHUSDT abaixo do mínimo permitido (None). Valor da ordem: 4437.87
2025-01-18 00:53:31,658 - WARNING - \u26a0\ufe0f Ordem para BTCUSDT abaixo do mínimo permitido (None). Valor da ordem: 136065.78
2025-01-18 00:53:32,439 - WARNING - \u26a0\ufe0f Ordem para ETHUSDT abaixo do mínimo permitido (None). Valor da ordem: 4440.59
2025-01-18 00:54:06,875 - WARNING - \u26a0\ufe0f Ordem para BTCUSDT abaixo do mínimo permitido (None). Valor da ordem: 136121.78
2025-01-18 00:54:07,768 - WARNING - \u26a0\ufe0f Ordem para ETHUSDT abaixo do mínimo permitido (None). Valor da ordem: 4441.34
2025-01-18 00:54:39,736 - WARNING - \u26a0\ufe0f Ordem para BTCUSDT abaixo do mínimo permitido (None). Valor da ordem: 136342.96
2025-01-18 00:54:40,547 - WARNING - \u26a0\ufe0f Ordem para ETHUSDT abaixo do mínimo permitido (None). Valor da ordem: 4452.89
2025-01-18 00:55:12,450 - WARNING - \u26a0\ufe0f Ordem para BTCUSDT abaixo do mínimo permitido (None). Valor da ordem: 136273.48
2025-01-18 00:55:13,237 - WARNING - \u26a0\ufe0f Ordem para ETHUSDT abaixo do mínimo permitido (None). Valor da ordem: 4447.65
2025-01-18 00:55:45,073 - WARNING - \u26a0\ufe0f Ordem para BTCUSDT abaixo do mínimo permitido (None). Valor da ordem: 136336.04
2025-01-18 00:55:45,841 - WARNING - \u26a0\ufe0f Ordem para ETHUSDT abaixo do mínimo permitido (None). Valor da ordem: 4448.19
2025-01-18 00:56:17,683 - WARNING - \u26a0\ufe0f Ordem para BTCUSDT abaixo do mínimo permitido (None). Valor da ordem: 136286.23
2025-01-18 00:56:18,443 - WARNING - \u26a0\ufe0f Ordem para ETHUSDT abaixo do mínimo permitido (None). Valor da ordem: 4444.30
2025-01-18 00:56:50,411 - WARNING - \u26a0\ufe0f Ordem para BTCUSDT abaixo do mínimo permitido (None). Valor da ordem: 136263.23
2025-01-18 00:56:51,178 - WARNING - \u26a0\ufe0f Ordem para ETHUSDT abaixo do mínimo permitido (None). Valor da ordem: 4447.88
2025-01-18 00:57:23,370 - WARNING - \u26a0\ufe0f Ordem para BTCUSDT abaixo do mínimo permitido (None). Valor da ordem: 136261.34
2025-01-18 00:57:24,170 - WARNING - \u26a0\ufe0f Ordem para ETHUSDT abaixo do mínimo permitido (None). Valor da ordem: 4453.89
2025-01-18 00:57:55,948 - WARNING - \u26a0\ufe0f Ordem para BTCUSDT abaixo do mínimo permitido (None). Valor da ordem: 136281.74
2025-01-18 00:57:56,732 - WARNING - \u26a0\ufe0f Ordem para ETHUSDT abaixo do mínimo permitido (None). Valor da ordem: 4458.41
2025-01-18 00:58:28,612 - WARNING - \u26a0\ufe0f Ordem para BTCUSDT abaixo do mínimo permitido (None). Valor da ordem: 136280.48
2025-01-18 00:58:29,474 - WARNING - \u26a0\ufe0f Ordem para ETHUSDT abaixo do mínimo permitido (None). Valor da ordem: 4457.38
2025-01-18 00:59:00,853 - WARNING - \u26a0\ufe0f Ordem para BTCUSDT abaixo do mínimo permitido (None). Valor da ordem: 136282.73
2025-01-18 00:59:01,696 - WARNING - \u26a0\ufe0f Ordem para ETHUSDT abaixo do mínimo permitido (None). Valor da ordem: 4457.05
2025-01-18 00:59:33,667 - WARNING - \u26a0\ufe0f Ordem para BTCUSDT abaixo do mínimo permitido (None). Valor da ordem: 136237.53
2025-01-18 00:59:34,498 - WARNING - \u26a0\ufe0f Ordem para ETHUSDT abaixo do mínimo permitido (None). Valor da ordem: 4454.34
2025-01-18 01:00:06,474 - WARNING - \u26a0\ufe0f Ordem para BTCUSDT abaixo do mínimo permitido (None). Valor da ordem: 136198.22
2025-01-18 01:00:07,280 - WARNING - \u26a0\ufe0f Ordem para ETHUSDT abaixo do mínimo permitido (None). Valor da ordem: 4450.81
2025-01-18 01:00:39,224 - WARNING - \u26a0\ufe0f Ordem para BTCUSDT abaixo do mínimo permitido (None). Valor da ordem: 136123.97
2025-01-18 01:00:40,029 - WARNING - \u26a0\ufe0f Ordem para ETHUSDT abaixo do mínimo permitido (None). Valor da ordem: 4450.52
2025-01-18 01:01:11,930 - WARNING - \u26a0\ufe0f Ordem para BTCUSDT abaixo do mínimo permitido (None). Valor da ordem: 136226.37
2025-01-18 01:01:12,758 - WARNING - \u26a0\ufe0f Ordem para ETHUSDT abaixo do mínimo permitido (None). Valor da ordem: 4456.07
2025-01-18 01:01:44,387 - WARNING - \u26a0\ufe0f Ordem para BTCUSDT abaixo do mínimo permitido (None). Valor da ordem: 136267.55
2025-01-18 01:01:45,242 - WARNING - \u26a0\ufe0f Ordem para ETHUSDT abaixo do mínimo permitido (None). Valor da ordem: 4457.36
2025-01-18 01:02:17,130 - WARNING - \u26a0\ufe0f Ordem para BTCUSDT abaixo do mínimo permitido (None). Valor da ordem: 136323.37
2025-01-18 01:02:17,939 - WARNING - \u26a0\ufe0f Ordem para ETHUSDT abaixo do mínimo permitido (None). Valor da ordem: 4464.07
2025-01-18 01:02:56,522 - INFO - Sincronização com a Binance realizada. Offset: -2328ms
2025-01-18 01:09:43,202 - INFO - Sincronização com a Binance realizada. Offset: -2334ms
2025-01-18 01:09:45,448 - INFO - \U0001f50d Informações da Binance para BTCUSDT: {'symbol': 'BTCUSDT', 'status': 'TRADING', 'baseAsset': 'BTC', 'baseAssetPrecision': 8, 'quoteAsset': 'USDT', 'quotePrecision': 8, 'quoteAssetPrecision': 8, 'baseCommissionPrecision': 8, 'quoteCommissionPrecision': 8, 'orderTypes': ['LIMIT', 'LIMIT_MAKER', 'MARKET', 'STOP_LOSS', 'STOP_LOSS_LIMIT', 'TAKE_PROFIT', 'TAKE_PROFIT_LIMIT'], 'icebergAllowed': True, 'ocoAllowed': True, 'otoAllowed': True, 'quoteOrderQtyMarketAllowed': True, 'allowTrailingStop': True, 'cancelReplaceAllowed': True, 'isSpotTradingAllowed': True, 'isMarginTradingAllowed': True, 'filters': [{'filterType': 'PRICE_FILTER', 'minPrice': '0.01000000', 'maxPrice': '1000000.00000000', 'tickSize': '0.01000000'}, {'filterType': 'LOT_SIZE', 'minQty': '0.00001000', 'maxQty': '9000.00000000', 'stepSize': '0.00001000'}, {'filterType': 'ICEBERG_PARTS', 'limit': 10}, {'filterType': 'MARKET_LOT_SIZE', 'minQty': '0.00000000', 'maxQty': '89.67500095', 'stepSize': '0.00000000'}, {'filterType': 'TRAILING_DELTA', 'minTrailingAboveDelta': 10, 'maxTrailingAboveDelta': 2000, 'minTrailingBelowDelta': 10, 'maxTrailingBelowDelta': 2000}, {'filterType': 'PERCENT_PRICE_BY_SIDE', 'bidMultiplierUp': '5', 'bidMultiplierDown': '0.2', 'askMultiplierUp': '5', 'askMultiplierDown': '0.2', 'avgPriceMins': 5}, {'filterType': 'NOTIONAL', 'minNotional': '5.00000000', 'applyMinToMarket': True, 'maxNotional': '9000000.00000000', 'applyMaxToMarket': False, 'avgPriceMins': 5}, {'filterType': 'MAX_NUM_ORDERS', 'maxNumOrders': 200}, {'filterType': 'MAX_NUM_ALGO_ORDERS', 'maxNumAlgoOrders': 5}], 'permissions': [], 'permissionSets': [['SPOT', 'MARGIN', 'TRD_GRP_004', 'TRD_GRP_005', 'TRD_GRP_006', 'TRD_GRP_009', 'TRD_GRP_010', 'TRD_GRP_011', 'TRD_GRP_012', 'TRD_GRP_013', 'TRD_GRP_014', 'TRD_GRP_015', 'TRD_GRP_016', 'TRD_GRP_017', 'TRD_GRP_018', 'TRD_GRP_019', 'TRD_GRP_020', 'TRD_GRP_021', 'TRD_GRP_022', 'TRD_GRP_023', 'TRD_GRP_024', 'TRD_GRP_025', 'TRD_GRP_026', 'TRD_GRP_027', 'TRD_GRP_028', 'TRD_GRP_029', 'TRD_GRP_030', 'TRD_GRP_031', 'TRD_GRP_032', 'TRD_GRP_033', 'TRD_GRP_034', 'TRD_GRP_035', 'TRD_GRP_036', 'TRD_GRP_037', 'TRD_GRP_038', 'TRD_GRP_039', 'TRD_GRP_040', 'TRD_GRP_041', 'TRD_GRP_042', 'TRD_GRP_043', 'TRD_GRP_044', 'TRD_GRP_045', 'TRD_GRP_046', 'TRD_GRP_047', 'TRD_GRP_048', 'TRD_GRP_049', 'TRD_GRP_050', 'TRD_GRP_051', 'TRD_GRP_052', 'TRD_GRP_053', 'TRD_GRP_054', 'TRD_GRP_055', 'TRD_GRP_056', 'TRD_GRP_057', 'TRD_GRP_058', 'TRD_GRP_059', 'TRD_GRP_060', 'TRD_GRP_061', 'TRD_GRP_062', 'TRD_GRP_063', 'TRD_GRP_064', 'TRD_GRP_065', 'TRD_GRP_066', 'TRD_GRP_067', 'TRD_GRP_068', 'TRD_GRP_069', 'TRD_GRP_070', 'TRD_GRP_071', 'TRD_GRP_072', 'TRD_GRP_073', 'TRD_GRP_074', 'TRD_GRP_075', 'TRD_GRP_076', 'TRD_GRP_077', 'TRD_GRP_078', 'TRD_GRP_079', 'TRD_GRP_080', 'TRD_GRP_081', 'TRD_GRP_082', 'TRD_GRP_083', 'TRD_GRP_084', 'TRD_GRP_085', 'TRD_GRP_086', 'TRD_GRP_087', 'TRD_GRP_088', 'TRD_GRP_089', 'TRD_GRP_090', 'TRD_GRP_091', 'TRD_GRP_092', 'TRD_GRP_093', 'TRD_GRP_094', 'TRD_GRP_095', 'TRD_GRP_096', 'TRD_GRP_097', 'TRD_GRP_098', 'TRD_GRP_099', 'TRD_GRP_100', 'TRD_GRP_101', 'TRD_GRP_102', 'TRD_GRP_103', 'TRD_GRP_104', 'TRD_GRP_105', 'TRD_GRP_106', 'TRD_GRP_107', 'TRD_GRP_108', 'TRD_GRP_109', 'TRD_GRP_110', 'TRD_GRP_111', 'TRD_GRP_112', 'TRD_GRP_113', 'TRD_GRP_114', 'TRD_GRP_115', 'TRD_GRP_116', 'TRD_GRP_117', 'TRD_GRP_118', 'TRD_GRP_119', 'TRD_GRP_120', 'TRD_GRP_121', 'TRD_GRP_122', 'TRD_GRP_123', 'TRD_GRP_124', 'TRD_GRP_125', 'TRD_GRP_126', 'TRD_GRP_127', 'TRD_GRP_128', 'TRD_GRP_129', 'TRD_GRP_130', 'TRD_GRP_131', 'TRD_GRP_132', 'TRD_GRP_133', 'TRD_GRP_134', 'TRD_GRP_135', 'TRD_GRP_136', 'TRD_GRP_137', 'TRD_GRP_138', 'TRD_GRP_139', 'TRD_GRP_140', 'TRD_GRP_141', 'TRD_GRP_142', 'TRD_GRP_143', 'TRD_GRP_144', 'TRD_GRP_145', 'TRD_GRP_146', 'TRD_GRP_147', 'TRD_GRP_148', 'TRD_GRP_149', 'TRD_GRP_150', 'TRD_GRP_151', 'TRD_GRP_152', 'TRD_GRP_153', 'TRD_GRP_154', 'TRD_GRP_155', 'TRD_GRP_156', 'TRD_GRP_157', 'TRD_GRP_158', 'TRD_GRP_159', 'TRD_GRP_160', 'TRD_GRP_161', 'TRD_GRP_162', 'TRD_GRP_163', 'TRD_GRP_164', 'TRD_GRP_165', 'TRD_GRP_166', 'TRD_GRP_167', 'TRD_GRP_168', 'TRD_GRP_169', 'TRD_GRP_170', 'TRD_GRP_171', 'TRD_GRP_172', 'TRD_GRP_173', 'TRD_GRP_174', 'TRD_GRP_175', 'TRD_GRP_176', 'TRD_GRP_177', 'TRD_GRP_178', 'TRD_GRP_179', 'TRD_GRP_180', 'TRD_GRP_181', 'TRD_GRP_182', 'TRD_GRP_183', 'TRD_GRP_184', 'TRD_GRP_185', 'TRD_GRP_186', 'TRD_GRP_187', 'TRD_GRP_188', 'TRD_GRP_189', 'TRD_GRP_190', 'TRD_GRP_191', 'TRD_GRP_192', 'TRD_GRP_193', 'TRD_GRP_194', 'TRD_GRP_195', 'TRD_GRP_196', 'TRD_GRP_197', 'TRD_GRP_198', 'TRD_GRP_199', 'TRD_GRP_200', 'TRD_GRP_201', 'TRD_GRP_202', 'TRD_GRP_203', 'TRD_GRP_204', 'TRD_GRP_205', 'TRD_GRP_206', 'TRD_GRP_207', 'TRD_GRP_208', 'TRD_GRP_209', 'TRD_GRP_210', 'TRD_GRP_211', 'TRD_GRP_212', 'TRD_GRP_213', 'TRD_GRP_214', 'TRD_GRP_215', 'TRD_GRP_216', 'TRD_GRP_217', 'TRD_GRP_218', 'TRD_GRP_219', 'TRD_GRP_220', 'TRD_GRP_221', 'TRD_GRP_222', 'TRD_GRP_223', 'TRD_GRP_224', 'TRD_GRP_225', 'TRD_GRP_226', 'TRD_GRP_227', 'TRD_GRP_228', 'TRD_GRP_229', 'TRD_GRP_230', 'TRD_GRP_231', 'TRD_GRP_232', 'TRD_GRP_233', 'TRD_GRP_234', 'TRD_GRP_235']], 'defaultSelfTradePreventionMode': 'EXPIRE_MAKER', 'allowedSelfTradePreventionModes': ['EXPIRE_TAKER', 'EXPIRE_MAKER', 'EXPIRE_BOTH']}
2025-01-18 01:09:45,449 - WARNING - \u26a0\ufe0f Filtro MIN_NOTIONAL não encontrado para BTCUSDT.
2025-01-18 01:09:49,238 - WARNING - \u26a0\ufe0f Não foi possível determinar o valor mínimo de compra para BTCUSDT.
2025-01-18 01:09:50,019 - INFO - \U0001f50d Informações da Binance para ETHUSDT: {'symbol': 'ETHUSDT', 'status': 'TRADING', 'baseAsset': 'ETH', 'baseAssetPrecision': 8, 'quoteAsset': 'USDT', 'quotePrecision': 8, 'quoteAssetPrecision': 8, 'baseCommissionPrecision': 8, 'quoteCommissionPrecision': 8, 'orderTypes': ['LIMIT', 'LIMIT_MAKER', 'MARKET', 'STOP_LOSS', 'STOP_LOSS_LIMIT', 'TAKE_PROFIT', 'TAKE_PROFIT_LIMIT'], 'icebergAllowed': True, 'ocoAllowed': True, 'otoAllowed': True, 'quoteOrderQtyMarketAllowed': True, 'allowTrailingStop': True, 'cancelReplaceAllowed': True, 'isSpotTradingAllowed': True, 'isMarginTradingAllowed': True, 'filters': [{'filterType': 'PRICE_FILTER', 'minPrice': '0.01000000', 'maxPrice': '1000000.00000000', 'tickSize': '0.01000000'}, {'filterType': 'LOT_SIZE', 'minQty': '0.00010000', 'maxQty': '9000.00000000', 'stepSize': '0.00010000'}, {'filterType': 'ICEBERG_PARTS', 'limit': 10}, {'filterType': 'MARKET_LOT_SIZE', 'minQty': '0.00000000', 'maxQty': '2418.75700375', 'stepSize': '0.00000000'}, {'filterType': 'TRAILING_DELTA', 'minTrailingAboveDelta': 10, 'maxTrailingAboveDelta': 2000, 'minTrailingBelowDelta': 10, 'maxTrailingBelowDelta': 2000}, {'filterType': 'PERCENT_PRICE_BY_SIDE', 'bidMultiplierUp': '5', 'bidMultiplierDown': '0.2', 'askMultiplierUp': '5', 'askMultiplierDown': '0.2', 'avgPriceMins': 5}, {'filterType': 'NOTIONAL', 'minNotional': '5.00000000', 'applyMinToMarket': True, 'maxNotional': '9000000.00000000', 'applyMaxToMarket': False, 'avgPriceMins': 5}, {'filterType': 'MAX_NUM_ORDERS', 'maxNumOrders': 200}, {'filterType': 'MAX_NUM_ALGO_ORDERS', 'maxNumAlgoOrders': 5}], 'permissions': [], 'permissionSets': [['SPOT', 'MARGIN', 'TRD_GRP_004', 'TRD_GRP_005', 'TRD_GRP_006', 'TRD_GRP_009', 'TRD_GRP_010', 'TRD_GRP_011', 'TRD_GRP_012', 'TRD_GRP_013', 'TRD_GRP_014', 'TRD_GRP_015', 'TRD_GRP_016', 'TRD_GRP_017', 'TRD_GRP_018', 'TRD_GRP_019', 'TRD_GRP_020', 'TRD_GRP_021', 'TRD_GRP_022', 'TRD_GRP_023', 'TRD_GRP_024', 'TRD_GRP_025', 'TRD_GRP_026', 'TRD_GRP_027', 'TRD_GRP_028', 'TRD_GRP_029', 'TRD_GRP_030', 'TRD_GRP_031', 'TRD_GRP_032', 'TRD_GRP_033', 'TRD_GRP_034', 'TRD_GRP_035', 'TRD_GRP_036', 'TRD_GRP_037', 'TRD_GRP_038', 'TRD_GRP_039', 'TRD_GRP_040', 'TRD_GRP_041', 'TRD_GRP_042', 'TRD_GRP_043', 'TRD_GRP_044', 'TRD_GRP_045', 'TRD_GRP_046', 'TRD_GRP_047', 'TRD_GRP_048', 'TRD_GRP_049', 'TRD_GRP_050', 'TRD_GRP_051', 'TRD_GRP_052', 'TRD_GRP_053', 'TRD_GRP_054', 'TRD_GRP_055', 'TRD_GRP_056', 'TRD_GRP_057', 'TRD_GRP_058', 'TRD_GRP_059', 'TRD_GRP_060', 'TRD_GRP_061', 'TRD_GRP_062', 'TRD_GRP_063', 'TRD_GRP_064', 'TRD_GRP_065', 'TRD_GRP_066', 'TRD_GRP_067', 'TRD_GRP_068', 'TRD_GRP_069', 'TRD_GRP_070', 'TRD_GRP_071', 'TRD_GRP_072', 'TRD_GRP_073', 'TRD_GRP_074', 'TRD_GRP_075', 'TRD_GRP_076', 'TRD_GRP_077', 'TRD_GRP_078', 'TRD_GRP_079', 'TRD_GRP_080', 'TRD_GRP_081', 'TRD_GRP_082', 'TRD_GRP_083', 'TRD_GRP_084', 'TRD_GRP_085', 'TRD_GRP_086', 'TRD_GRP_087', 'TRD_GRP_088', 'TRD_GRP_089', 'TRD_GRP_090', 'TRD_GRP_091', 'TRD_GRP_092', 'TRD_GRP_093', 'TRD_GRP_094', 'TRD_GRP_095', 'TRD_GRP_096', 'TRD_GRP_097', 'TRD_GRP_098', 'TRD_GRP_099', 'TRD_GRP_100', 'TRD_GRP_101', 'TRD_GRP_102', 'TRD_GRP_103', 'TRD_GRP_104', 'TRD_GRP_105', 'TRD_GRP_106', 'TRD_GRP_107', 'TRD_GRP_108', 'TRD_GRP_109', 'TRD_GRP_110', 'TRD_GRP_111', 'TRD_GRP_112', 'TRD_GRP_113', 'TRD_GRP_114', 'TRD_GRP_115', 'TRD_GRP_116', 'TRD_GRP_117', 'TRD_GRP_118', 'TRD_GRP_119', 'TRD_GRP_120', 'TRD_GRP_121', 'TRD_GRP_122', 'TRD_GRP_123', 'TRD_GRP_124', 'TRD_GRP_125', 'TRD_GRP_126', 'TRD_GRP_127', 'TRD_GRP_128', 'TRD_GRP_129', 'TRD_GRP_130', 'TRD_GRP_131', 'TRD_GRP_132', 'TRD_GRP_133', 'TRD_GRP_134', 'TRD_GRP_135', 'TRD_GRP_136', 'TRD_GRP_137', 'TRD_GRP_138', 'TRD_GRP_139', 'TRD_GRP_140', 'TRD_GRP_141', 'TRD_GRP_142', 'TRD_GRP_143', 'TRD_GRP_144', 'TRD_GRP_145', 'TRD_GRP_146', 'TRD_GRP_147', 'TRD_GRP_148', 'TRD_GRP_149', 'TRD_GRP_150', 'TRD_GRP_151', 'TRD_GRP_152', 'TRD_GRP_153', 'TRD_GRP_154', 'TRD_GRP_155', 'TRD_GRP_156', 'TRD_GRP_157', 'TRD_GRP_158', 'TRD_GRP_159', 'TRD_GRP_160', 'TRD_GRP_161', 'TRD_GRP_162', 'TRD_GRP_163', 'TRD_GRP_164', 'TRD_GRP_165', 'TRD_GRP_166', 'TRD_GRP_167', 'TRD_GRP_168', 'TRD_GRP_169', 'TRD_GRP_170', 'TRD_GRP_171', 'TRD_GRP_172', 'TRD_GRP_173', 'TRD_GRP_174', 'TRD_GRP_175', 'TRD_GRP_176', 'TRD_GRP_177', 'TRD_GRP_178', 'TRD_GRP_179', 'TRD_GRP_180', 'TRD_GRP_181', 'TRD_GRP_182', 'TRD_GRP_183', 'TRD_GRP_184', 'TRD_GRP_185', 'TRD_GRP_186', 'TRD_GRP_187', 'TRD_GRP_188', 'TRD_GRP_189', 'TRD_GRP_190', 'TRD_GRP_191', 'TRD_GRP_192', 'TRD_GRP_193', 'TRD_GRP_194', 'TRD_GRP_195', 'TRD_GRP_196', 'TRD_GRP_197', 'TRD_GRP_198', 'TRD_GRP_199', 'TRD_GRP_200', 'TRD_GRP_201', 'TRD_GRP_202', 'TRD_GRP_203', 'TRD_GRP_204', 'TRD_GRP_205', 'TRD_GRP_206', 'TRD_GRP_207', 'TRD_GRP_208', 'TRD_GRP_209', 'TRD_GRP_210', 'TRD_GRP_211', 'TRD_GRP_212', 'TRD_GRP_213', 'TRD_GRP_214', 'TRD_GRP_215', 'TRD_GRP_216', 'TRD_GRP_217', 'TRD_GRP_218', 'TRD_GRP_219', 'TRD_GRP_220', 'TRD_GRP_221', 'TRD_GRP_222', 'TRD_GRP_223', 'TRD_GRP_224', 'TRD_GRP_225', 'TRD_GRP_226', 'TRD_GRP_227', 'TRD_GRP_228', 'TRD_GRP_229', 'TRD_GRP_230', 'TRD_GRP_231', 'TRD_GRP_232', 'TRD_GRP_233', 'TRD_GRP_234', 'TRD_GRP_235']], 'defaultSelfTradePreventionMode': 'EXPIRE_MAKER', 'allowedSelfTradePreventionModes': ['EXPIRE_TAKER', 'EXPIRE_MAKER', 'EXPIRE_BOTH']}
2025-01-18 01:09:50,020 - WARNING - \u26a0\ufe0f Filtro MIN_NOTIONAL não encontrado para ETHUSDT.
2025-01-18 01:09:50,761 - WARNING - \u26a0\ufe0f Não foi possível determinar o valor mínimo de compra para ETHUSDT.
2025-01-18 01:10:22,124 - INFO - \U0001f50d Informações da Binance para BTCUSDT: {'symbol': 'BTCUSDT', 'status': 'TRADING', 'baseAsset': 'BTC', 'baseAssetPrecision': 8, 'quoteAsset': 'USDT', 'quotePrecision': 8, 'quoteAssetPrecision': 8, 'baseCommissionPrecision': 8, 'quoteCommissionPrecision': 8, 'orderTypes': ['LIMIT', 'LIMIT_MAKER', 'MARKET', 'STOP_LOSS', 'STOP_LOSS_LIMIT', 'TAKE_PROFIT', 'TAKE_PROFIT_LIMIT'], 'icebergAllowed': True, 'ocoAllowed': True, 'otoAllowed': True, 'quoteOrderQtyMarketAllowed': True, 'allowTrailingStop': True, 'cancelReplaceAllowed': True, 'isSpotTradingAllowed': True, 'isMarginTradingAllowed': True, 'filters': [{'filterType': 'PRICE_FILTER', 'minPrice': '0.01000000', 'maxPrice': '1000000.00000000', 'tickSize': '0.01000000'}, {'filterType': 'LOT_SIZE', 'minQty': '0.00001000', 'maxQty': '9000.00000000', 'stepSize': '0.00001000'}, {'filterType': 'ICEBERG_PARTS', 'limit': 10}, {'filterType': 'MARKET_LOT_SIZE', 'minQty': '0.00000000', 'maxQty': '89.67500095', 'stepSize': '0.00000000'}, {'filterType': 'TRAILING_DELTA', 'minTrailingAboveDelta': 10, 'maxTrailingAboveDelta': 2000, 'minTrailingBelowDelta': 10, 'maxTrailingBelowDelta': 2000}, {'filterType': 'PERCENT_PRICE_BY_SIDE', 'bidMultiplierUp': '5', 'bidMultiplierDown': '0.2', 'askMultiplierUp': '5', 'askMultiplierDown': '0.2', 'avgPriceMins': 5}, {'filterType': 'NOTIONAL', 'minNotional': '5.00000000', 'applyMinToMarket': True, 'maxNotional': '9000000.00000000', 'applyMaxToMarket': False, 'avgPriceMins': 5}, {'filterType': 'MAX_NUM_ORDERS', 'maxNumOrders': 200}, {'filterType': 'MAX_NUM_ALGO_ORDERS', 'maxNumAlgoOrders': 5}], 'permissions': [], 'permissionSets': [['SPOT', 'MARGIN', 'TRD_GRP_004', 'TRD_GRP_005', 'TRD_GRP_006', 'TRD_GRP_009', 'TRD_GRP_010', 'TRD_GRP_011', 'TRD_GRP_012', 'TRD_GRP_013', 'TRD_GRP_014', 'TRD_GRP_015', 'TRD_GRP_016', 'TRD_GRP_017', 'TRD_GRP_018', 'TRD_GRP_019', 'TRD_GRP_020', 'TRD_GRP_021', 'TRD_GRP_022', 'TRD_GRP_023', 'TRD_GRP_024', 'TRD_GRP_025', 'TRD_GRP_026', 'TRD_GRP_027', 'TRD_GRP_028', 'TRD_GRP_029', 'TRD_GRP_030', 'TRD_GRP_031', 'TRD_GRP_032', 'TRD_GRP_033', 'TRD_GRP_034', 'TRD_GRP_035', 'TRD_GRP_036', 'TRD_GRP_037', 'TRD_GRP_038', 'TRD_GRP_039', 'TRD_GRP_040', 'TRD_GRP_041', 'TRD_GRP_042', 'TRD_GRP_043', 'TRD_GRP_044', 'TRD_GRP_045', 'TRD_GRP_046', 'TRD_GRP_047', 'TRD_GRP_048', 'TRD_GRP_049', 'TRD_GRP_050', 'TRD_GRP_051', 'TRD_GRP_052', 'TRD_GRP_053', 'TRD_GRP_054', 'TRD_GRP_055', 'TRD_GRP_056', 'TRD_GRP_057', 'TRD_GRP_058', 'TRD_GRP_059', 'TRD_GRP_060', 'TRD_GRP_061', 'TRD_GRP_062', 'TRD_GRP_063', 'TRD_GRP_064', 'TRD_GRP_065', 'TRD_GRP_066', 'TRD_GRP_067', 'TRD_GRP_068', 'TRD_GRP_069', 'TRD_GRP_070', 'TRD_GRP_071', 'TRD_GRP_072', 'TRD_GRP_073', 'TRD_GRP_074', 'TRD_GRP_075', 'TRD_GRP_076', 'TRD_GRP_077', 'TRD_GRP_078', 'TRD_GRP_079', 'TRD_GRP_080', 'TRD_GRP_081', 'TRD_GRP_082', 'TRD_GRP_083', 'TRD_GRP_084', 'TRD_GRP_085', 'TRD_GRP_086', 'TRD_GRP_087', 'TRD_GRP_088', 'TRD_GRP_089', 'TRD_GRP_090', 'TRD_GRP_091', 'TRD_GRP_092', 'TRD_GRP_093', 'TRD_GRP_094', 'TRD_GRP_095', 'TRD_GRP_096', 'TRD_GRP_097', 'TRD_GRP_098', 'TRD_GRP_099', 'TRD_GRP_100', 'TRD_GRP_101', 'TRD_GRP_102', 'TRD_GRP_103', 'TRD_GRP_104', 'TRD_GRP_105', 'TRD_GRP_106', 'TRD_GRP_107', 'TRD_GRP_108', 'TRD_GRP_109', 'TRD_GRP_110', 'TRD_GRP_111', 'TRD_GRP_112', 'TRD_GRP_113', 'TRD_GRP_114', 'TRD_GRP_115', 'TRD_GRP_116', 'TRD_GRP_117', 'TRD_GRP_118', 'TRD_GRP_119', 'TRD_GRP_120', 'TRD_GRP_121', 'TRD_GRP_122', 'TRD_GRP_123', 'TRD_GRP_124', 'TRD_GRP_125', 'TRD_GRP_126', 'TRD_GRP_127', 'TRD_GRP_128', 'TRD_GRP_129', 'TRD_GRP_130', 'TRD_GRP_131', 'TRD_GRP_132', 'TRD_GRP_133', 'TRD_GRP_134', 'TRD_GRP_135', 'TRD_GRP_136', 'TRD_GRP_137', 'TRD_GRP_138', 'TRD_GRP_139', 'TRD_GRP_140', 'TRD_GRP_141', 'TRD_GRP_142', 'TRD_GRP_143', 'TRD_GRP_144', 'TRD_GRP_145', 'TRD_GRP_146', 'TRD_GRP_147', 'TRD_GRP_148', 'TRD_GRP_149', 'TRD_GRP_150', 'TRD_GRP_151', 'TRD_GRP_152', 'TRD_GRP_153', 'TRD_GRP_154', 'TRD_GRP_155', 'TRD_GRP_156', 'TRD_GRP_157', 'TRD_GRP_158', 'TRD_GRP_159', 'TRD_GRP_160', 'TRD_GRP_161', 'TRD_GRP_162', 'TRD_GRP_163', 'TRD_GRP_164', 'TRD_GRP_165', 'TRD_GRP_166', 'TRD_GRP_167', 'TRD_GRP_168', 'TRD_GRP_169', 'TRD_GRP_170', 'TRD_GRP_171', 'TRD_GRP_172', 'TRD_GRP_173', 'TRD_GRP_174', 'TRD_GRP_175', 'TRD_GRP_176', 'TRD_GRP_177', 'TRD_GRP_178', 'TRD_GRP_179', 'TRD_GRP_180', 'TRD_GRP_181', 'TRD_GRP_182', 'TRD_GRP_183', 'TRD_GRP_184', 'TRD_GRP_185', 'TRD_GRP_186', 'TRD_GRP_187', 'TRD_GRP_188', 'TRD_GRP_189', 'TRD_GRP_190', 'TRD_GRP_191', 'TRD_GRP_192', 'TRD_GRP_193', 'TRD_GRP_194', 'TRD_GRP_195', 'TRD_GRP_196', 'TRD_GRP_197', 'TRD_GRP_198', 'TRD_GRP_199', 'TRD_GRP_200', 'TRD_GRP_201', 'TRD_GRP_202', 'TRD_GRP_203', 'TRD_GRP_204', 'TRD_GRP_205', 'TRD_GRP_206', 'TRD_GRP_207', 'TRD_GRP_208', 'TRD_GRP_209', 'TRD_GRP_210', 'TRD_GRP_211', 'TRD_GRP_212', 'TRD_GRP_213', 'TRD_GRP_214', 'TRD_GRP_215', 'TRD_GRP_216', 'TRD_GRP_217', 'TRD_GRP_218', 'TRD_GRP_219', 'TRD_GRP_220', 'TRD_GRP_221', 'TRD_GRP_222', 'TRD_GRP_223', 'TRD_GRP_224', 'TRD_GRP_225', 'TRD_GRP_226', 'TRD_GRP_227', 'TRD_GRP_228', 'TRD_GRP_229', 'TRD_GRP_230', 'TRD_GRP_231', 'TRD_GRP_232', 'TRD_GRP_233', 'TRD_GRP_234', 'TRD_GRP_235']], 'defaultSelfTradePreventionMode': 'EXPIRE_MAKER', 'allowedSelfTradePreventionModes': ['EXPIRE_TAKER', 'EXPIRE_MAKER', 'EXPIRE_BOTH']}
2025-01-18 01:10:22,125 - WARNING - \u26a0\ufe0f Filtro MIN_NOTIONAL não encontrado para BTCUSDT.
2025-01-18 01:10:22,931 - WARNING - \u26a0\ufe0f Não foi possível determinar o valor mínimo de compra para BTCUSDT.
2025-01-18 01:10:23,693 - INFO - \U0001f50d Informações da Binance para ETHUSDT: {'symbol': 'ETHUSDT', 'status': 'TRADING', 'baseAsset': 'ETH', 'baseAssetPrecision': 8, 'quoteAsset': 'USDT', 'quotePrecision': 8, 'quoteAssetPrecision': 8, 'baseCommissionPrecision': 8, 'quoteCommissionPrecision': 8, 'orderTypes': ['LIMIT', 'LIMIT_MAKER', 'MARKET', 'STOP_LOSS', 'STOP_LOSS_LIMIT', 'TAKE_PROFIT', 'TAKE_PROFIT_LIMIT'], 'icebergAllowed': True, 'ocoAllowed': True, 'otoAllowed': True, 'quoteOrderQtyMarketAllowed': True, 'allowTrailingStop': True, 'cancelReplaceAllowed': True, 'isSpotTradingAllowed': True, 'isMarginTradingAllowed': True, 'filters': [{'filterType': 'PRICE_FILTER', 'minPrice': '0.01000000', 'maxPrice': '1000000.00000000', 'tickSize': '0.01000000'}, {'filterType': 'LOT_SIZE', 'minQty': '0.00010000', 'maxQty': '9000.00000000', 'stepSize': '0.00010000'}, {'filterType': 'ICEBERG_PARTS', 'limit': 10}, {'filterType': 'MARKET_LOT_SIZE', 'minQty': '0.00000000', 'maxQty': '2418.75700375', 'stepSize': '0.00000000'}, {'filterType': 'TRAILING_DELTA', 'minTrailingAboveDelta': 10, 'maxTrailingAboveDelta': 2000, 'minTrailingBelowDelta': 10, 'maxTrailingBelowDelta': 2000}, {'filterType': 'PERCENT_PRICE_BY_SIDE', 'bidMultiplierUp': '5', 'bidMultiplierDown': '0.2', 'askMultiplierUp': '5', 'askMultiplierDown': '0.2', 'avgPriceMins': 5}, {'filterType': 'NOTIONAL', 'minNotional': '5.00000000', 'applyMinToMarket': True, 'maxNotional': '9000000.00000000', 'applyMaxToMarket': False, 'avgPriceMins': 5}, {'filterType': 'MAX_NUM_ORDERS', 'maxNumOrders': 200}, {'filterType': 'MAX_NUM_ALGO_ORDERS', 'maxNumAlgoOrders': 5}], 'permissions': [], 'permissionSets': [['SPOT', 'MARGIN', 'TRD_GRP_004', 'TRD_GRP_005', 'TRD_GRP_006', 'TRD_GRP_009', 'TRD_GRP_010', 'TRD_GRP_011', 'TRD_GRP_012', 'TRD_GRP_013', 'TRD_GRP_014', 'TRD_GRP_015', 'TRD_GRP_016', 'TRD_GRP_017', 'TRD_GRP_018', 'TRD_GRP_019', 'TRD_GRP_020', 'TRD_GRP_021', 'TRD_GRP_022', 'TRD_GRP_023', 'TRD_GRP_024', 'TRD_GRP_025', 'TRD_GRP_026', 'TRD_GRP_027', 'TRD_GRP_028', 'TRD_GRP_029', 'TRD_GRP_030', 'TRD_GRP_031', 'TRD_GRP_032', 'TRD_GRP_033', 'TRD_GRP_034', 'TRD_GRP_035', 'TRD_GRP_036', 'TRD_GRP_037', 'TRD_GRP_038', 'TRD_GRP_039', 'TRD_GRP_040', 'TRD_GRP_041', 'TRD_GRP_042', 'TRD_GRP_043', 'TRD_GRP_044', 'TRD_GRP_045', 'TRD_GRP_046', 'TRD_GRP_047', 'TRD_GRP_048', 'TRD_GRP_049', 'TRD_GRP_050', 'TRD_GRP_051', 'TRD_GRP_052', 'TRD_GRP_053', 'TRD_GRP_054', 'TRD_GRP_055', 'TRD_GRP_056', 'TRD_GRP_057', 'TRD_GRP_058', 'TRD_GRP_059', 'TRD_GRP_060', 'TRD_GRP_061', 'TRD_GRP_062', 'TRD_GRP_063', 'TRD_GRP_064', 'TRD_GRP_065', 'TRD_GRP_066', 'TRD_GRP_067', 'TRD_GRP_068', 'TRD_GRP_069', 'TRD_GRP_070', 'TRD_GRP_071', 'TRD_GRP_072', 'TRD_GRP_073', 'TRD_GRP_074', 'TRD_GRP_075', 'TRD_GRP_076', 'TRD_GRP_077', 'TRD_GRP_078', 'TRD_GRP_079', 'TRD_GRP_080', 'TRD_GRP_081', 'TRD_GRP_082', 'TRD_GRP_083', 'TRD_GRP_084', 'TRD_GRP_085', 'TRD_GRP_086', 'TRD_GRP_087', 'TRD_GRP_088', 'TRD_GRP_089', 'TRD_GRP_090', 'TRD_GRP_091', 'TRD_GRP_092', 'TRD_GRP_093', 'TRD_GRP_094', 'TRD_GRP_095', 'TRD_GRP_096', 'TRD_GRP_097', 'TRD_GRP_098', 'TRD_GRP_099', 'TRD_GRP_100', 'TRD_GRP_101', 'TRD_GRP_102', 'TRD_GRP_103', 'TRD_GRP_104', 'TRD_GRP_105', 'TRD_GRP_106', 'TRD_GRP_107', 'TRD_GRP_108', 'TRD_GRP_109', 'TRD_GRP_110', 'TRD_GRP_111', 'TRD_GRP_112', 'TRD_GRP_113', 'TRD_GRP_114', 'TRD_GRP_115', 'TRD_GRP_116', 'TRD_GRP_117', 'TRD_GRP_118', 'TRD_GRP_119', 'TRD_GRP_120', 'TRD_GRP_121', 'TRD_GRP_122', 'TRD_GRP_123', 'TRD_GRP_124', 'TRD_GRP_125', 'TRD_GRP_126', 'TRD_GRP_127', 'TRD_GRP_128', 'TRD_GRP_129', 'TRD_GRP_130', 'TRD_GRP_131', 'TRD_GRP_132', 'TRD_GRP_133', 'TRD_GRP_134', 'TRD_GRP_135', 'TRD_GRP_136', 'TRD_GRP_137', 'TRD_GRP_138', 'TRD_GRP_139', 'TRD_GRP_140', 'TRD_GRP_141', 'TRD_GRP_142', 'TRD_GRP_143', 'TRD_GRP_144', 'TRD_GRP_145', 'TRD_GRP_146', 'TRD_GRP_147', 'TRD_GRP_148', 'TRD_GRP_149', 'TRD_GRP_150', 'TRD_GRP_151', 'TRD_GRP_152', 'TRD_GRP_153', 'TRD_GRP_154', 'TRD_GRP_155', 'TRD_GRP_156', 'TRD_GRP_157', 'TRD_GRP_158', 'TRD_GRP_159', 'TRD_GRP_160', 'TRD_GRP_161', 'TRD_GRP_162', 'TRD_GRP_163', 'TRD_GRP_164', 'TRD_GRP_165', 'TRD_GRP_166', 'TRD_GRP_167', 'TRD_GRP_168', 'TRD_GRP_169', 'TRD_GRP_170', 'TRD_GRP_171', 'TRD_GRP_172', 'TRD_GRP_173', 'TRD_GRP_174', 'TRD_GRP_175', 'TRD_GRP_176', 'TRD_GRP_177', 'TRD_GRP_178', 'TRD_GRP_179', 'TRD_GRP_180', 'TRD_GRP_181', 'TRD_GRP_182', 'TRD_GRP_183', 'TRD_GRP_184', 'TRD_GRP_185', 'TRD_GRP_186', 'TRD_GRP_187', 'TRD_GRP_188', 'TRD_GRP_189', 'TRD_GRP_190', 'TRD_GRP_191', 'TRD_GRP_192', 'TRD_GRP_193', 'TRD_GRP_194', 'TRD_GRP_195', 'TRD_GRP_196', 'TRD_GRP_197', 'TRD_GRP_198', 'TRD_GRP_199', 'TRD_GRP_200', 'TRD_GRP_201', 'TRD_GRP_202', 'TRD_GRP_203', 'TRD_GRP_204', 'TRD_GRP_205', 'TRD_GRP_206', 'TRD_GRP_207', 'TRD_GRP_208', 'TRD_GRP_209', 'TRD_GRP_210', 'TRD_GRP_211', 'TRD_GRP_212', 'TRD_GRP_213', 'TRD_GRP_214', 'TRD_GRP_215', 'TRD_GRP_216', 'TRD_GRP_217', 'TRD_GRP_218', 'TRD_GRP_219', 'TRD_GRP_220', 'TRD_GRP_221', 'TRD_GRP_222', 'TRD_GRP_223', 'TRD_GRP_224', 'TRD_GRP_225', 'TRD_GRP_226', 'TRD_GRP_227', 'TRD_GRP_228', 'TRD_GRP_229', 'TRD_GRP_230', 'TRD_GRP_231', 'TRD_GRP_232', 'TRD_GRP_233', 'TRD_GRP_234', 'TRD_GRP_235']], 'defaultSelfTradePreventionMode': 'EXPIRE_MAKER', 'allowedSelfTradePreventionModes': ['EXPIRE_TAKER', 'EXPIRE_MAKER', 'EXPIRE_BOTH']}
2025-01-18 01:10:23,694 - WARNING - \u26a0\ufe0f Filtro MIN_NOTIONAL não encontrado para ETHUSDT.
2025-01-18 01:10:24,417 - WARNING - \u26a0\ufe0f Não foi possível determinar o valor mínimo de compra para ETHUSDT.
2025-01-18 01:10:56,251 - INFO - \U0001f50d Informações da Binance para BTCUSDT: {'symbol': 'BTCUSDT', 'status': 'TRADING', 'baseAsset': 'BTC', 'baseAssetPrecision': 8, 'quoteAsset': 'USDT', 'quotePrecision': 8, 'quoteAssetPrecision': 8, 'baseCommissionPrecision': 8, 'quoteCommissionPrecision': 8, 'orderTypes': ['LIMIT', 'LIMIT_MAKER', 'MARKET', 'STOP_LOSS', 'STOP_LOSS_LIMIT', 'TAKE_PROFIT', 'TAKE_PROFIT_LIMIT'], 'icebergAllowed': True, 'ocoAllowed': True, 'otoAllowed': True, 'quoteOrderQtyMarketAllowed': True, 'allowTrailingStop': True, 'cancelReplaceAllowed': True, 'isSpotTradingAllowed': True, 'isMarginTradingAllowed': True, 'filters': [{'filterType': 'PRICE_FILTER', 'minPrice': '0.01000000', 'maxPrice': '1000000.00000000', 'tickSize': '0.01000000'}, {'filterType': 'LOT_SIZE', 'minQty': '0.00001000', 'maxQty': '9000.00000000', 'stepSize': '0.00001000'}, {'filterType': 'ICEBERG_PARTS', 'limit': 10}, {'filterType': 'MARKET_LOT_SIZE', 'minQty': '0.00000000', 'maxQty': '89.67500095', 'stepSize': '0.00000000'}, {'filterType': 'TRAILING_DELTA', 'minTrailingAboveDelta': 10, 'maxTrailingAboveDelta': 2000, 'minTrailingBelowDelta': 10, 'maxTrailingBelowDelta': 2000}, {'filterType': 'PERCENT_PRICE_BY_SIDE', 'bidMultiplierUp': '5', 'bidMultiplierDown': '0.2', 'askMultiplierUp': '5', 'askMultiplierDown': '0.2', 'avgPriceMins': 5}, {'filterType': 'NOTIONAL', 'minNotional': '5.00000000', 'applyMinToMarket': True, 'maxNotional': '9000000.00000000', 'applyMaxToMarket': False, 'avgPriceMins': 5}, {'filterType': 'MAX_NUM_ORDERS', 'maxNumOrders': 200}, {'filterType': 'MAX_NUM_ALGO_ORDERS', 'maxNumAlgoOrders': 5}], 'permissions': [], 'permissionSets': [['SPOT', 'MARGIN', 'TRD_GRP_004', 'TRD_GRP_005', 'TRD_GRP_006', 'TRD_GRP_009', 'TRD_GRP_010', 'TRD_GRP_011', 'TRD_GRP_012', 'TRD_GRP_013', 'TRD_GRP_014', 'TRD_GRP_015', 'TRD_GRP_016', 'TRD_GRP_017', 'TRD_GRP_018', 'TRD_GRP_019', 'TRD_GRP_020', 'TRD_GRP_021', 'TRD_GRP_022', 'TRD_GRP_023', 'TRD_GRP_024', 'TRD_GRP_025', 'TRD_GRP_026', 'TRD_GRP_027', 'TRD_GRP_028', 'TRD_GRP_029', 'TRD_GRP_030', 'TRD_GRP_031', 'TRD_GRP_032', 'TRD_GRP_033', 'TRD_GRP_034', 'TRD_GRP_035', 'TRD_GRP_036', 'TRD_GRP_037', 'TRD_GRP_038', 'TRD_GRP_039', 'TRD_GRP_040', 'TRD_GRP_041', 'TRD_GRP_042', 'TRD_GRP_043', 'TRD_GRP_044', 'TRD_GRP_045', 'TRD_GRP_046', 'TRD_GRP_047', 'TRD_GRP_048', 'TRD_GRP_049', 'TRD_GRP_050', 'TRD_GRP_051', 'TRD_GRP_052', 'TRD_GRP_053', 'TRD_GRP_054', 'TRD_GRP_055', 'TRD_GRP_056', 'TRD_GRP_057', 'TRD_GRP_058', 'TRD_GRP_059', 'TRD_GRP_060', 'TRD_GRP_061', 'TRD_GRP_062', 'TRD_GRP_063', 'TRD_GRP_064', 'TRD_GRP_065', 'TRD_GRP_066', 'TRD_GRP_067', 'TRD_GRP_068', 'TRD_GRP_069', 'TRD_GRP_070', 'TRD_GRP_071', 'TRD_GRP_072', 'TRD_GRP_073', 'TRD_GRP_074', 'TRD_GRP_075', 'TRD_GRP_076', 'TRD_GRP_077', 'TRD_GRP_078', 'TRD_GRP_079', 'TRD_GRP_080', 'TRD_GRP_081', 'TRD_GRP_082', 'TRD_GRP_083', 'TRD_GRP_084', 'TRD_GRP_085', 'TRD_GRP_086', 'TRD_GRP_087', 'TRD_GRP_088', 'TRD_GRP_089', 'TRD_GRP_090', 'TRD_GRP_091', 'TRD_GRP_092', 'TRD_GRP_093', 'TRD_GRP_094', 'TRD_GRP_095', 'TRD_GRP_096', 'TRD_GRP_097', 'TRD_GRP_098', 'TRD_GRP_099', 'TRD_GRP_100', 'TRD_GRP_101', 'TRD_GRP_102', 'TRD_GRP_103', 'TRD_GRP_104', 'TRD_GRP_105', 'TRD_GRP_106', 'TRD_GRP_107', 'TRD_GRP_108', 'TRD_GRP_109', 'TRD_GRP_110', 'TRD_GRP_111', 'TRD_GRP_112', 'TRD_GRP_113', 'TRD_GRP_114', 'TRD_GRP_115', 'TRD_GRP_116', 'TRD_GRP_117', 'TRD_GRP_118', 'TRD_GRP_119', 'TRD_GRP_120', 'TRD_GRP_121', 'TRD_GRP_122', 'TRD_GRP_123', 'TRD_GRP_124', 'TRD_GRP_125', 'TRD_GRP_126', 'TRD_GRP_127', 'TRD_GRP_128', 'TRD_GRP_129', 'TRD_GRP_130', 'TRD_GRP_131', 'TRD_GRP_132', 'TRD_GRP_133', 'TRD_GRP_134', 'TRD_GRP_135', 'TRD_GRP_136', 'TRD_GRP_137', 'TRD_GRP_138', 'TRD_GRP_139', 'TRD_GRP_140', 'TRD_GRP_141', 'TRD_GRP_142', 'TRD_GRP_143', 'TRD_GRP_144', 'TRD_GRP_145', 'TRD_GRP_146', 'TRD_GRP_147', 'TRD_GRP_148', 'TRD_GRP_149', 'TRD_GRP_150', 'TRD_GRP_151', 'TRD_GRP_152', 'TRD_GRP_153', 'TRD_GRP_154', 'TRD_GRP_155', 'TRD_GRP_156', 'TRD_GRP_157', 'TRD_GRP_158', 'TRD_GRP_159', 'TRD_GRP_160', 'TRD_GRP_161', 'TRD_GRP_162', 'TRD_GRP_163', 'TRD_GRP_164', 'TRD_GRP_165', 'TRD_GRP_166', 'TRD_GRP_167', 'TRD_GRP_168', 'TRD_GRP_169', 'TRD_GRP_170', 'TRD_GRP_171', 'TRD_GRP_172', 'TRD_GRP_173', 'TRD_GRP_174', 'TRD_GRP_175', 'TRD_GRP_176', 'TRD_GRP_177', 'TRD_GRP_178', 'TRD_GRP_179', 'TRD_GRP_180', 'TRD_GRP_181', 'TRD_GRP_182', 'TRD_GRP_183', 'TRD_GRP_184', 'TRD_GRP_185', 'TRD_GRP_186', 'TRD_GRP_187', 'TRD_GRP_188', 'TRD_GRP_189', 'TRD_GRP_190', 'TRD_GRP_191', 'TRD_GRP_192', 'TRD_GRP_193', 'TRD_GRP_194', 'TRD_GRP_195', 'TRD_GRP_196', 'TRD_GRP_197', 'TRD_GRP_198', 'TRD_GRP_199', 'TRD_GRP_200', 'TRD_GRP_201', 'TRD_GRP_202', 'TRD_GRP_203', 'TRD_GRP_204', 'TRD_GRP_205', 'TRD_GRP_206', 'TRD_GRP_207', 'TRD_GRP_208', 'TRD_GRP_209', 'TRD_GRP_210', 'TRD_GRP_211', 'TRD_GRP_212', 'TRD_GRP_213', 'TRD_GRP_214', 'TRD_GRP_215', 'TRD_GRP_216', 'TRD_GRP_217', 'TRD_GRP_218', 'TRD_GRP_219', 'TRD_GRP_220', 'TRD_GRP_221', 'TRD_GRP_222', 'TRD_GRP_223', 'TRD_GRP_224', 'TRD_GRP_225', 'TRD_GRP_226', 'TRD_GRP_227', 'TRD_GRP_228', 'TRD_GRP_229', 'TRD_GRP_230', 'TRD_GRP_231', 'TRD_GRP_232', 'TRD_GRP_233', 'TRD_GRP_234', 'TRD_GRP_235']], 'defaultSelfTradePreventionMode': 'EXPIRE_MAKER', 'allowedSelfTradePreventionModes': ['EXPIRE_TAKER', 'EXPIRE_MAKER', 'EXPIRE_BOTH']}
2025-01-18 01:10:56,251 - WARNING - \u26a0\ufe0f Filtro MIN_NOTIONAL não encontrado para BTCUSDT.
2025-01-18 01:10:57,020 - WARNING - \u26a0\ufe0f Não foi possível determinar o valor mínimo de compra para BTCUSDT.
2025-01-18 01:10:57,819 - INFO - \U0001f50d Informações da Binance para ETHUSDT: {'symbol': 'ETHUSDT', 'status': 'TRADING', 'baseAsset': 'ETH', 'baseAssetPrecision': 8, 'quoteAsset': 'USDT', 'quotePrecision': 8, 'quoteAssetPrecision': 8, 'baseCommissionPrecision': 8, 'quoteCommissionPrecision': 8, 'orderTypes': ['LIMIT', 'LIMIT_MAKER', 'MARKET', 'STOP_LOSS', 'STOP_LOSS_LIMIT', 'TAKE_PROFIT', 'TAKE_PROFIT_LIMIT'], 'icebergAllowed': True, 'ocoAllowed': True, 'otoAllowed': True, 'quoteOrderQtyMarketAllowed': True, 'allowTrailingStop': True, 'cancelReplaceAllowed': True, 'isSpotTradingAllowed': True, 'isMarginTradingAllowed': True, 'filters': [{'filterType': 'PRICE_FILTER', 'minPrice': '0.01000000', 'maxPrice': '1000000.00000000', 'tickSize': '0.01000000'}, {'filterType': 'LOT_SIZE', 'minQty': '0.00010000', 'maxQty': '9000.00000000', 'stepSize': '0.00010000'}, {'filterType': 'ICEBERG_PARTS', 'limit': 10}, {'filterType': 'MARKET_LOT_SIZE', 'minQty': '0.00000000', 'maxQty': '2418.75700375', 'stepSize': '0.00000000'}, {'filterType': 'TRAILING_DELTA', 'minTrailingAboveDelta': 10, 'maxTrailingAboveDelta': 2000, 'minTrailingBelowDelta': 10, 'maxTrailingBelowDelta': 2000}, {'filterType': 'PERCENT_PRICE_BY_SIDE', 'bidMultiplierUp': '5', 'bidMultiplierDown': '0.2', 'askMultiplierUp': '5', 'askMultiplierDown': '0.2', 'avgPriceMins': 5}, {'filterType': 'NOTIONAL', 'minNotional': '5.00000000', 'applyMinToMarket': True, 'maxNotional': '9000000.00000000', 'applyMaxToMarket': False, 'avgPriceMins': 5}, {'filterType': 'MAX_NUM_ORDERS', 'maxNumOrders': 200}, {'filterType': 'MAX_NUM_ALGO_ORDERS', 'maxNumAlgoOrders': 5}], 'permissions': [], 'permissionSets': [['SPOT', 'MARGIN', 'TRD_GRP_004', 'TRD_GRP_005', 'TRD_GRP_006', 'TRD_GRP_009', 'TRD_GRP_010', 'TRD_GRP_011', 'TRD_GRP_012', 'TRD_GRP_013', 'TRD_GRP_014', 'TRD_GRP_015', 'TRD_GRP_016', 'TRD_GRP_017', 'TRD_GRP_018', 'TRD_GRP_019', 'TRD_GRP_020', 'TRD_GRP_021', 'TRD_GRP_022', 'TRD_GRP_023', 'TRD_GRP_024', 'TRD_GRP_025', 'TRD_GRP_026', 'TRD_GRP_027', 'TRD_GRP_028', 'TRD_GRP_029', 'TRD_GRP_030', 'TRD_GRP_031', 'TRD_GRP_032', 'TRD_GRP_033', 'TRD_GRP_034', 'TRD_GRP_035', 'TRD_GRP_036', 'TRD_GRP_037', 'TRD_GRP_038', 'TRD_GRP_039', 'TRD_GRP_040', 'TRD_GRP_041', 'TRD_GRP_042', 'TRD_GRP_043', 'TRD_GRP_044', 'TRD_GRP_045', 'TRD_GRP_046', 'TRD_GRP_047', 'TRD_GRP_048', 'TRD_GRP_049', 'TRD_GRP_050', 'TRD_GRP_051', 'TRD_GRP_052', 'TRD_GRP_053', 'TRD_GRP_054', 'TRD_GRP_055', 'TRD_GRP_056', 'TRD_GRP_057', 'TRD_GRP_058', 'TRD_GRP_059', 'TRD_GRP_060', 'TRD_GRP_061', 'TRD_GRP_062', 'TRD_GRP_063', 'TRD_GRP_064', 'TRD_GRP_065', 'TRD_GRP_066', 'TRD_GRP_067', 'TRD_GRP_068', 'TRD_GRP_069', 'TRD_GRP_070', 'TRD_GRP_071', 'TRD_GRP_072', 'TRD_GRP_073', 'TRD_GRP_074', 'TRD_GRP_075', 'TRD_GRP_076', 'TRD_GRP_077', 'TRD_GRP_078', 'TRD_GRP_079', 'TRD_GRP_080', 'TRD_GRP_081', 'TRD_GRP_082', 'TRD_GRP_083', 'TRD_GRP_084', 'TRD_GRP_085', 'TRD_GRP_086', 'TRD_GRP_087', 'TRD_GRP_088', 'TRD_GRP_089', 'TRD_GRP_090', 'TRD_GRP_091', 'TRD_GRP_092', 'TRD_GRP_093', 'TRD_GRP_094', 'TRD_GRP_095', 'TRD_GRP_096', 'TRD_GRP_097', 'TRD_GRP_098', 'TRD_GRP_099', 'TRD_GRP_100', 'TRD_GRP_101', 'TRD_GRP_102', 'TRD_GRP_103', 'TRD_GRP_104', 'TRD_GRP_105', 'TRD_GRP_106', 'TRD_GRP_107', 'TRD_GRP_108', 'TRD_GRP_109', 'TRD_GRP_110', 'TRD_GRP_111', 'TRD_GRP_112', 'TRD_GRP_113', 'TRD_GRP_114', 'TRD_GRP_115', 'TRD_GRP_116', 'TRD_GRP_117', 'TRD_GRP_118', 'TRD_GRP_119', 'TRD_GRP_120', 'TRD_GRP_121', 'TRD_GRP_122', 'TRD_GRP_123', 'TRD_GRP_124', 'TRD_GRP_125', 'TRD_GRP_126', 'TRD_GRP_127', 'TRD_GRP_128', 'TRD_GRP_129', 'TRD_GRP_130', 'TRD_GRP_131', 'TRD_GRP_132', 'TRD_GRP_133', 'TRD_GRP_134', 'TRD_GRP_135', 'TRD_GRP_136', 'TRD_GRP_137', 'TRD_GRP_138', 'TRD_GRP_139', 'TRD_GRP_140', 'TRD_GRP_141', 'TRD_GRP_142', 'TRD_GRP_143', 'TRD_GRP_144', 'TRD_GRP_145', 'TRD_GRP_146', 'TRD_GRP_147', 'TRD_GRP_148', 'TRD_GRP_149', 'TRD_GRP_150', 'TRD_GRP_151', 'TRD_GRP_152', 'TRD_GRP_153', 'TRD_GRP_154', 'TRD_GRP_155', 'TRD_GRP_156', 'TRD_GRP_157', 'TRD_GRP_158', 'TRD_GRP_159', 'TRD_GRP_160', 'TRD_GRP_161', 'TRD_GRP_162', 'TRD_GRP_163', 'TRD_GRP_164', 'TRD_GRP_165', 'TRD_GRP_166', 'TRD_GRP_167', 'TRD_GRP_168', 'TRD_GRP_169', 'TRD_GRP_170', 'TRD_GRP_171', 'TRD_GRP_172', 'TRD_GRP_173', 'TRD_GRP_174', 'TRD_GRP_175', 'TRD_GRP_176', 'TRD_GRP_177', 'TRD_GRP_178', 'TRD_GRP_179', 'TRD_GRP_180', 'TRD_GRP_181', 'TRD_GRP_182', 'TRD_GRP_183', 'TRD_GRP_184', 'TRD_GRP_185', 'TRD_GRP_186', 'TRD_GRP_187', 'TRD_GRP_188', 'TRD_GRP_189', 'TRD_GRP_190', 'TRD_GRP_191', 'TRD_GRP_192', 'TRD_GRP_193', 'TRD_GRP_194', 'TRD_GRP_195', 'TRD_GRP_196', 'TRD_GRP_197', 'TRD_GRP_198', 'TRD_GRP_199', 'TRD_GRP_200', 'TRD_GRP_201', 'TRD_GRP_202', 'TRD_GRP_203', 'TRD_GRP_204', 'TRD_GRP_205', 'TRD_GRP_206', 'TRD_GRP_207', 'TRD_GRP_208', 'TRD_GRP_209', 'TRD_GRP_210', 'TRD_GRP_211', 'TRD_GRP_212', 'TRD_GRP_213', 'TRD_GRP_214', 'TRD_GRP_215', 'TRD_GRP_216', 'TRD_GRP_217', 'TRD_GRP_218', 'TRD_GRP_219', 'TRD_GRP_220', 'TRD_GRP_221', 'TRD_GRP_222', 'TRD_GRP_223', 'TRD_GRP_224', 'TRD_GRP_225', 'TRD_GRP_226', 'TRD_GRP_227', 'TRD_GRP_228', 'TRD_GRP_229', 'TRD_GRP_230', 'TRD_GRP_231', 'TRD_GRP_232', 'TRD_GRP_233', 'TRD_GRP_234', 'TRD_GRP_235']], 'defaultSelfTradePreventionMode': 'EXPIRE_MAKER', 'allowedSelfTradePreventionModes': ['EXPIRE_TAKER', 'EXPIRE_MAKER', 'EXPIRE_BOTH']}
2025-01-18 01:10:57,819 - WARNING - \u26a0\ufe0f Filtro MIN_NOTIONAL não encontrado para ETHUSDT.
2025-01-18 01:10:58,558 - WARNING - \u26a0\ufe0f Não foi possível determinar o valor mínimo de compra para ETHUSDT.
2025-01-18 01:11:30,320 - INFO - \U0001f50d Informações da Binance para BTCUSDT: {'symbol': 'BTCUSDT', 'status': 'TRADING', 'baseAsset': 'BTC', 'baseAssetPrecision': 8, 'quoteAsset': 'USDT', 'quotePrecision': 8, 'quoteAssetPrecision': 8, 'baseCommissionPrecision': 8, 'quoteCommissionPrecision': 8, 'orderTypes': ['LIMIT', 'LIMIT_MAKER', 'MARKET', 'STOP_LOSS', 'STOP_LOSS_LIMIT', 'TAKE_PROFIT', 'TAKE_PROFIT_LIMIT'], 'icebergAllowed': True, 'ocoAllowed': True, 'otoAllowed': True, 'quoteOrderQtyMarketAllowed': True, 'allowTrailingStop': True, 'cancelReplaceAllowed': True, 'isSpotTradingAllowed': True, 'isMarginTradingAllowed': True, 'filters': [{'filterType': 'PRICE_FILTER', 'minPrice': '0.01000000', 'maxPrice': '1000000.00000000', 'tickSize': '0.01000000'}, {'filterType': 'LOT_SIZE', 'minQty': '0.00001000', 'maxQty': '9000.00000000', 'stepSize': '0.00001000'}, {'filterType': 'ICEBERG_PARTS', 'limit': 10}, {'filterType': 'MARKET_LOT_SIZE', 'minQty': '0.00000000', 'maxQty': '89.67500095', 'stepSize': '0.00000000'}, {'filterType': 'TRAILING_DELTA', 'minTrailingAboveDelta': 10, 'maxTrailingAboveDelta': 2000, 'minTrailingBelowDelta': 10, 'maxTrailingBelowDelta': 2000}, {'filterType': 'PERCENT_PRICE_BY_SIDE', 'bidMultiplierUp': '5', 'bidMultiplierDown': '0.2', 'askMultiplierUp': '5', 'askMultiplierDown': '0.2', 'avgPriceMins': 5}, {'filterType': 'NOTIONAL', 'minNotional': '5.00000000', 'applyMinToMarket': True, 'maxNotional': '9000000.00000000', 'applyMaxToMarket': False, 'avgPriceMins': 5}, {'filterType': 'MAX_NUM_ORDERS', 'maxNumOrders': 200}, {'filterType': 'MAX_NUM_ALGO_ORDERS', 'maxNumAlgoOrders': 5}], 'permissions': [], 'permissionSets': [['SPOT', 'MARGIN', 'TRD_GRP_004', 'TRD_GRP_005', 'TRD_GRP_006', 'TRD_GRP_009', 'TRD_GRP_010', 'TRD_GRP_011', 'TRD_GRP_012', 'TRD_GRP_013', 'TRD_GRP_014', 'TRD_GRP_015', 'TRD_GRP_016', 'TRD_GRP_017', 'TRD_GRP_018', 'TRD_GRP_019', 'TRD_GRP_020', 'TRD_GRP_021', 'TRD_GRP_022', 'TRD_GRP_023', 'TRD_GRP_024', 'TRD_GRP_025', 'TRD_GRP_026', 'TRD_GRP_027', 'TRD_GRP_028', 'TRD_GRP_029', 'TRD_GRP_030', 'TRD_GRP_031', 'TRD_GRP_032', 'TRD_GRP_033', 'TRD_GRP_034', 'TRD_GRP_035', 'TRD_GRP_036', 'TRD_GRP_037', 'TRD_GRP_038', 'TRD_GRP_039', 'TRD_GRP_040', 'TRD_GRP_041', 'TRD_GRP_042', 'TRD_GRP_043', 'TRD_GRP_044', 'TRD_GRP_045', 'TRD_GRP_046', 'TRD_GRP_047', 'TRD_GRP_048', 'TRD_GRP_049', 'TRD_GRP_050', 'TRD_GRP_051', 'TRD_GRP_052', 'TRD_GRP_053', 'TRD_GRP_054', 'TRD_GRP_055', 'TRD_GRP_056', 'TRD_GRP_057', 'TRD_GRP_058', 'TRD_GRP_059', 'TRD_GRP_060', 'TRD_GRP_061', 'TRD_GRP_062', 'TRD_GRP_063', 'TRD_GRP_064', 'TRD_GRP_065', 'TRD_GRP_066', 'TRD_GRP_067', 'TRD_GRP_068', 'TRD_GRP_069', 'TRD_GRP_070', 'TRD_GRP_071', 'TRD_GRP_072', 'TRD_GRP_073', 'TRD_GRP_074', 'TRD_GRP_075', 'TRD_GRP_076', 'TRD_GRP_077', 'TRD_GRP_078', 'TRD_GRP_079', 'TRD_GRP_080', 'TRD_GRP_081', 'TRD_GRP_082', 'TRD_GRP_083', 'TRD_GRP_084', 'TRD_GRP_085', 'TRD_GRP_086', 'TRD_GRP_087', 'TRD_GRP_088', 'TRD_GRP_089', 'TRD_GRP_090', 'TRD_GRP_091', 'TRD_GRP_092', 'TRD_GRP_093', 'TRD_GRP_094', 'TRD_GRP_095', 'TRD_GRP_096', 'TRD_GRP_097', 'TRD_GRP_098', 'TRD_GRP_099', 'TRD_GRP_100', 'TRD_GRP_101', 'TRD_GRP_102', 'TRD_GRP_103', 'TRD_GRP_104', 'TRD_GRP_105', 'TRD_GRP_106', 'TRD_GRP_107', 'TRD_GRP_108', 'TRD_GRP_109', 'TRD_GRP_110', 'TRD_GRP_111', 'TRD_GRP_112', 'TRD_GRP_113', 'TRD_GRP_114', 'TRD_GRP_115', 'TRD_GRP_116', 'TRD_GRP_117', 'TRD_GRP_118', 'TRD_GRP_119', 'TRD_GRP_120', 'TRD_GRP_121', 'TRD_GRP_122', 'TRD_GRP_123', 'TRD_GRP_124', 'TRD_GRP_125', 'TRD_GRP_126', 'TRD_GRP_127', 'TRD_GRP_128', 'TRD_GRP_129', 'TRD_GRP_130', 'TRD_GRP_131', 'TRD_GRP_132', 'TRD_GRP_133', 'TRD_GRP_134', 'TRD_GRP_135', 'TRD_GRP_136', 'TRD_GRP_137', 'TRD_GRP_138', 'TRD_GRP_139', 'TRD_GRP_140', 'TRD_GRP_141', 'TRD_GRP_142', 'TRD_GRP_143', 'TRD_GRP_144', 'TRD_GRP_145', 'TRD_GRP_146', 'TRD_GRP_147', 'TRD_GRP_148', 'TRD_GRP_149', 'TRD_GRP_150', 'TRD_GRP_151', 'TRD_GRP_152', 'TRD_GRP_153', 'TRD_GRP_154', 'TRD_GRP_155', 'TRD_GRP_156', 'TRD_GRP_157', 'TRD_GRP_158', 'TRD_GRP_159', 'TRD_GRP_160', 'TRD_GRP_161', 'TRD_GRP_162', 'TRD_GRP_163', 'TRD_GRP_164', 'TRD_GRP_165', 'TRD_GRP_166', 'TRD_GRP_167', 'TRD_GRP_168', 'TRD_GRP_169', 'TRD_GRP_170', 'TRD_GRP_171', 'TRD_GRP_172', 'TRD_GRP_173', 'TRD_GRP_174', 'TRD_GRP_175', 'TRD_GRP_176', 'TRD_GRP_177', 'TRD_GRP_178', 'TRD_GRP_179', 'TRD_GRP_180', 'TRD_GRP_181', 'TRD_GRP_182', 'TRD_GRP_183', 'TRD_GRP_184', 'TRD_GRP_185', 'TRD_GRP_186', 'TRD_GRP_187', 'TRD_GRP_188', 'TRD_GRP_189', 'TRD_GRP_190', 'TRD_GRP_191', 'TRD_GRP_192', 'TRD_GRP_193', 'TRD_GRP_194', 'TRD_GRP_195', 'TRD_GRP_196', 'TRD_GRP_197', 'TRD_GRP_198', 'TRD_GRP_199', 'TRD_GRP_200', 'TRD_GRP_201', 'TRD_GRP_202', 'TRD_GRP_203', 'TRD_GRP_204', 'TRD_GRP_205', 'TRD_GRP_206', 'TRD_GRP_207', 'TRD_GRP_208', 'TRD_GRP_209', 'TRD_GRP_210', 'TRD_GRP_211', 'TRD_GRP_212', 'TRD_GRP_213', 'TRD_GRP_214', 'TRD_GRP_215', 'TRD_GRP_216', 'TRD_GRP_217', 'TRD_GRP_218', 'TRD_GRP_219', 'TRD_GRP_220', 'TRD_GRP_221', 'TRD_GRP_222', 'TRD_GRP_223', 'TRD_GRP_224', 'TRD_GRP_225', 'TRD_GRP_226', 'TRD_GRP_227', 'TRD_GRP_228', 'TRD_GRP_229', 'TRD_GRP_230', 'TRD_GRP_231', 'TRD_GRP_232', 'TRD_GRP_233', 'TRD_GRP_234', 'TRD_GRP_235']], 'defaultSelfTradePreventionMode': 'EXPIRE_MAKER', 'allowedSelfTradePreventionModes': ['EXPIRE_TAKER', 'EXPIRE_MAKER', 'EXPIRE_BOTH']}
2025-01-18 01:11:30,320 - WARNING - \u26a0\ufe0f Filtro MIN_NOTIONAL não encontrado para BTCUSDT.
2025-01-18 01:11:31,118 - WARNING - \u26a0\ufe0f Não foi possível determinar o valor mínimo de compra para BTCUSDT.
2025-01-18 01:11:31,887 - INFO - \U0001f50d Informações da Binance para ETHUSDT: {'symbol': 'ETHUSDT', 'status': 'TRADING', 'baseAsset': 'ETH', 'baseAssetPrecision': 8, 'quoteAsset': 'USDT', 'quotePrecision': 8, 'quoteAssetPrecision': 8, 'baseCommissionPrecision': 8, 'quoteCommissionPrecision': 8, 'orderTypes': ['LIMIT', 'LIMIT_MAKER', 'MARKET', 'STOP_LOSS', 'STOP_LOSS_LIMIT', 'TAKE_PROFIT', 'TAKE_PROFIT_LIMIT'], 'icebergAllowed': True, 'ocoAllowed': True, 'otoAllowed': True, 'quoteOrderQtyMarketAllowed': True, 'allowTrailingStop': True, 'cancelReplaceAllowed': True, 'isSpotTradingAllowed': True, 'isMarginTradingAllowed': True, 'filters': [{'filterType': 'PRICE_FILTER', 'minPrice': '0.01000000', 'maxPrice': '1000000.00000000', 'tickSize': '0.01000000'}, {'filterType': 'LOT_SIZE', 'minQty': '0.00010000', 'maxQty': '9000.00000000', 'stepSize': '0.00010000'}, {'filterType': 'ICEBERG_PARTS', 'limit': 10}, {'filterType': 'MARKET_LOT_SIZE', 'minQty': '0.00000000', 'maxQty': '2418.75700375', 'stepSize': '0.00000000'}, {'filterType': 'TRAILING_DELTA', 'minTrailingAboveDelta': 10, 'maxTrailingAboveDelta': 2000, 'minTrailingBelowDelta': 10, 'maxTrailingBelowDelta': 2000}, {'filterType': 'PERCENT_PRICE_BY_SIDE', 'bidMultiplierUp': '5', 'bidMultiplierDown': '0.2', 'askMultiplierUp': '5', 'askMultiplierDown': '0.2', 'avgPriceMins': 5}, {'filterType': 'NOTIONAL', 'minNotional': '5.00000000', 'applyMinToMarket': True, 'maxNotional': '9000000.00000000', 'applyMaxToMarket': False, 'avgPriceMins': 5}, {'filterType': 'MAX_NUM_ORDERS', 'maxNumOrders': 200}, {'filterType': 'MAX_NUM_ALGO_ORDERS', 'maxNumAlgoOrders': 5}], 'permissions': [], 'permissionSets': [['SPOT', 'MARGIN', 'TRD_GRP_004', 'TRD_GRP_005', 'TRD_GRP_006', 'TRD_GRP_009', 'TRD_GRP_010', 'TRD_GRP_011', 'TRD_GRP_012', 'TRD_GRP_013', 'TRD_GRP_014', 'TRD_GRP_015', 'TRD_GRP_016', 'TRD_GRP_017', 'TRD_GRP_018', 'TRD_GRP_019', 'TRD_GRP_020', 'TRD_GRP_021', 'TRD_GRP_022', 'TRD_GRP_023', 'TRD_GRP_024', 'TRD_GRP_025', 'TRD_GRP_026', 'TRD_GRP_027', 'TRD_GRP_028', 'TRD_GRP_029', 'TRD_GRP_030', 'TRD_GRP_031', 'TRD_GRP_032', 'TRD_GRP_033', 'TRD_GRP_034', 'TRD_GRP_035', 'TRD_GRP_036', 'TRD_GRP_037', 'TRD_GRP_038', 'TRD_GRP_039', 'TRD_GRP_040', 'TRD_GRP_041', 'TRD_GRP_042', 'TRD_GRP_043', 'TRD_GRP_044', 'TRD_GRP_045', 'TRD_GRP_046', 'TRD_GRP_047', 'TRD_GRP_048', 'TRD_GRP_049', 'TRD_GRP_050', 'TRD_GRP_051', 'TRD_GRP_052', 'TRD_GRP_053', 'TRD_GRP_054', 'TRD_GRP_055', 'TRD_GRP_056', 'TRD_GRP_057', 'TRD_GRP_058', 'TRD_GRP_059', 'TRD_GRP_060', 'TRD_GRP_061', 'TRD_GRP_062', 'TRD_GRP_063', 'TRD_GRP_064', 'TRD_GRP_065', 'TRD_GRP_066', 'TRD_GRP_067', 'TRD_GRP_068', 'TRD_GRP_069', 'TRD_GRP_070', 'TRD_GRP_071', 'TRD_GRP_072', 'TRD_GRP_073', 'TRD_GRP_074', 'TRD_GRP_075', 'TRD_GRP_076', 'TRD_GRP_077', 'TRD_GRP_078', 'TRD_GRP_079', 'TRD_GRP_080', 'TRD_GRP_081', 'TRD_GRP_082', 'TRD_GRP_083', 'TRD_GRP_084', 'TRD_GRP_085', 'TRD_GRP_086', 'TRD_GRP_087', 'TRD_GRP_088', 'TRD_GRP_089', 'TRD_GRP_090', 'TRD_GRP_091', 'TRD_GRP_092', 'TRD_GRP_093', 'TRD_GRP_094', 'TRD_GRP_095', 'TRD_GRP_096', 'TRD_GRP_097', 'TRD_GRP_098', 'TRD_GRP_099', 'TRD_GRP_100', 'TRD_GRP_101', 'TRD_GRP_102', 'TRD_GRP_103', 'TRD_GRP_104', 'TRD_GRP_105', 'TRD_GRP_106', 'TRD_GRP_107', 'TRD_GRP_108', 'TRD_GRP_109', 'TRD_GRP_110', 'TRD_GRP_111', 'TRD_GRP_112', 'TRD_GRP_113', 'TRD_GRP_114', 'TRD_GRP_115', 'TRD_GRP_116', 'TRD_GRP_117', 'TRD_GRP_118', 'TRD_GRP_119', 'TRD_GRP_120', 'TRD_GRP_121', 'TRD_GRP_122', 'TRD_GRP_123', 'TRD_GRP_124', 'TRD_GRP_125', 'TRD_GRP_126', 'TRD_GRP_127', 'TRD_GRP_128', 'TRD_GRP_129', 'TRD_GRP_130', 'TRD_GRP_131', 'TRD_GRP_132', 'TRD_GRP_133', 'TRD_GRP_134', 'TRD_GRP_135', 'TRD_GRP_136', 'TRD_GRP_137', 'TRD_GRP_138', 'TRD_GRP_139', 'TRD_GRP_140', 'TRD_GRP_141', 'TRD_GRP_142', 'TRD_GRP_143', 'TRD_GRP_144', 'TRD_GRP_145', 'TRD_GRP_146', 'TRD_GRP_147', 'TRD_GRP_148', 'TRD_GRP_149', 'TRD_GRP_150', 'TRD_GRP_151', 'TRD_GRP_152', 'TRD_GRP_153', 'TRD_GRP_154', 'TRD_GRP_155', 'TRD_GRP_156', 'TRD_GRP_157', 'TRD_GRP_158', 'TRD_GRP_159', 'TRD_GRP_160', 'TRD_GRP_161', 'TRD_GRP_162', 'TRD_GRP_163', 'TRD_GRP_164', 'TRD_GRP_165', 'TRD_GRP_166', 'TRD_GRP_167', 'TRD_GRP_168', 'TRD_GRP_169', 'TRD_GRP_170', 'TRD_GRP_171', 'TRD_GRP_172', 'TRD_GRP_173', 'TRD_GRP_174', 'TRD_GRP_175', 'TRD_GRP_176', 'TRD_GRP_177', 'TRD_GRP_178', 'TRD_GRP_179', 'TRD_GRP_180', 'TRD_GRP_181', 'TRD_GRP_182', 'TRD_GRP_183', 'TRD_GRP_184', 'TRD_GRP_185', 'TRD_GRP_186', 'TRD_GRP_187', 'TRD_GRP_188', 'TRD_GRP_189', 'TRD_GRP_190', 'TRD_GRP_191', 'TRD_GRP_192', 'TRD_GRP_193', 'TRD_GRP_194', 'TRD_GRP_195', 'TRD_GRP_196', 'TRD_GRP_197', 'TRD_GRP_198', 'TRD_GRP_199', 'TRD_GRP_200', 'TRD_GRP_201', 'TRD_GRP_202', 'TRD_GRP_203', 'TRD_GRP_204', 'TRD_GRP_205', 'TRD_GRP_206', 'TRD_GRP_207', 'TRD_GRP_208', 'TRD_GRP_209', 'TRD_GRP_210', 'TRD_GRP_211', 'TRD_GRP_212', 'TRD_GRP_213', 'TRD_GRP_214', 'TRD_GRP_215', 'TRD_GRP_216', 'TRD_GRP_217', 'TRD_GRP_218', 'TRD_GRP_219', 'TRD_GRP_220', 'TRD_GRP_221', 'TRD_GRP_222', 'TRD_GRP_223', 'TRD_GRP_224', 'TRD_GRP_225', 'TRD_GRP_226', 'TRD_GRP_227', 'TRD_GRP_228', 'TRD_GRP_229', 'TRD_GRP_230', 'TRD_GRP_231', 'TRD_GRP_232', 'TRD_GRP_233', 'TRD_GRP_234', 'TRD_GRP_235']], 'defaultSelfTradePreventionMode': 'EXPIRE_MAKER', 'allowedSelfTradePreventionModes': ['EXPIRE_TAKER', 'EXPIRE_MAKER', 'EXPIRE_BOTH']}
2025-01-18 01:11:31,887 - WARNING - \u26a0\ufe0f Filtro MIN_NOTIONAL não encontrado para ETHUSDT.
2025-01-18 01:11:32,634 - WARNING - \u26a0\ufe0f Não foi possível determinar o valor mínimo de compra para ETHUSDT.
2025-01-18 01:12:03,952 - INFO - \U0001f50d Informações da Binance para BTCUSDT: {'symbol': 'BTCUSDT', 'status': 'TRADING', 'baseAsset': 'BTC', 'baseAssetPrecision': 8, 'quoteAsset': 'USDT', 'quotePrecision': 8, 'quoteAssetPrecision': 8, 'baseCommissionPrecision': 8, 'quoteCommissionPrecision': 8, 'orderTypes': ['LIMIT', 'LIMIT_MAKER', 'MARKET', 'STOP_LOSS', 'STOP_LOSS_LIMIT', 'TAKE_PROFIT', 'TAKE_PROFIT_LIMIT'], 'icebergAllowed': True, 'ocoAllowed': True, 'otoAllowed': True, 'quoteOrderQtyMarketAllowed': True, 'allowTrailingStop': True, 'cancelReplaceAllowed': True, 'isSpotTradingAllowed': True, 'isMarginTradingAllowed': True, 'filters': [{'filterType': 'PRICE_FILTER', 'minPrice': '0.01000000', 'maxPrice': '1000000.00000000', 'tickSize': '0.01000000'}, {'filterType': 'LOT_SIZE', 'minQty': '0.00001000', 'maxQty': '9000.00000000', 'stepSize': '0.00001000'}, {'filterType': 'ICEBERG_PARTS', 'limit': 10}, {'filterType': 'MARKET_LOT_SIZE', 'minQty': '0.00000000', 'maxQty': '89.67500095', 'stepSize': '0.00000000'}, {'filterType': 'TRAILING_DELTA', 'minTrailingAboveDelta': 10, 'maxTrailingAboveDelta': 2000, 'minTrailingBelowDelta': 10, 'maxTrailingBelowDelta': 2000}, {'filterType': 'PERCENT_PRICE_BY_SIDE', 'bidMultiplierUp': '5', 'bidMultiplierDown': '0.2', 'askMultiplierUp': '5', 'askMultiplierDown': '0.2', 'avgPriceMins': 5}, {'filterType': 'NOTIONAL', 'minNotional': '5.00000000', 'applyMinToMarket': True, 'maxNotional': '9000000.00000000', 'applyMaxToMarket': False, 'avgPriceMins': 5}, {'filterType': 'MAX_NUM_ORDERS', 'maxNumOrders': 200}, {'filterType': 'MAX_NUM_ALGO_ORDERS', 'maxNumAlgoOrders': 5}], 'permissions': [], 'permissionSets': [['SPOT', 'MARGIN', 'TRD_GRP_004', 'TRD_GRP_005', 'TRD_GRP_006', 'TRD_GRP_009', 'TRD_GRP_010', 'TRD_GRP_011', 'TRD_GRP_012', 'TRD_GRP_013', 'TRD_GRP_014', 'TRD_GRP_015', 'TRD_GRP_016', 'TRD_GRP_017', 'TRD_GRP_018', 'TRD_GRP_019', 'TRD_GRP_020', 'TRD_GRP_021', 'TRD_GRP_022', 'TRD_GRP_023', 'TRD_GRP_024', 'TRD_GRP_025', 'TRD_GRP_026', 'TRD_GRP_027', 'TRD_GRP_028', 'TRD_GRP_029', 'TRD_GRP_030', 'TRD_GRP_031', 'TRD_GRP_032', 'TRD_GRP_033', 'TRD_GRP_034', 'TRD_GRP_035', 'TRD_GRP_036', 'TRD_GRP_037', 'TRD_GRP_038', 'TRD_GRP_039', 'TRD_GRP_040', 'TRD_GRP_041', 'TRD_GRP_042', 'TRD_GRP_043', 'TRD_GRP_044', 'TRD_GRP_045', 'TRD_GRP_046', 'TRD_GRP_047', 'TRD_GRP_048', 'TRD_GRP_049', 'TRD_GRP_050', 'TRD_GRP_051', 'TRD_GRP_052', 'TRD_GRP_053', 'TRD_GRP_054', 'TRD_GRP_055', 'TRD_GRP_056', 'TRD_GRP_057', 'TRD_GRP_058', 'TRD_GRP_059', 'TRD_GRP_060', 'TRD_GRP_061', 'TRD_GRP_062', 'TRD_GRP_063', 'TRD_GRP_064', 'TRD_GRP_065', 'TRD_GRP_066', 'TRD_GRP_067', 'TRD_GRP_068', 'TRD_GRP_069', 'TRD_GRP_070', 'TRD_GRP_071', 'TRD_GRP_072', 'TRD_GRP_073', 'TRD_GRP_074', 'TRD_GRP_075', 'TRD_GRP_076', 'TRD_GRP_077', 'TRD_GRP_078', 'TRD_GRP_079', 'TRD_GRP_080', 'TRD_GRP_081', 'TRD_GRP_082', 'TRD_GRP_083', 'TRD_GRP_084', 'TRD_GRP_085', 'TRD_GRP_086', 'TRD_GRP_087', 'TRD_GRP_088', 'TRD_GRP_089', 'TRD_GRP_090', 'TRD_GRP_091', 'TRD_GRP_092', 'TRD_GRP_093', 'TRD_GRP_094', 'TRD_GRP_095', 'TRD_GRP_096', 'TRD_GRP_097', 'TRD_GRP_098', 'TRD_GRP_099', 'TRD_GRP_100', 'TRD_GRP_101', 'TRD_GRP_102', 'TRD_GRP_103', 'TRD_GRP_104', 'TRD_GRP_105', 'TRD_GRP_106', 'TRD_GRP_107', 'TRD_GRP_108', 'TRD_GRP_109', 'TRD_GRP_110', 'TRD_GRP_111', 'TRD_GRP_112', 'TRD_GRP_113', 'TRD_GRP_114', 'TRD_GRP_115', 'TRD_GRP_116', 'TRD_GRP_117', 'TRD_GRP_118', 'TRD_GRP_119', 'TRD_GRP_120', 'TRD_GRP_121', 'TRD_GRP_122', 'TRD_GRP_123', 'TRD_GRP_124', 'TRD_GRP_125', 'TRD_GRP_126', 'TRD_GRP_127', 'TRD_GRP_128', 'TRD_GRP_129', 'TRD_GRP_130', 'TRD_GRP_131', 'TRD_GRP_132', 'TRD_GRP_133', 'TRD_GRP_134', 'TRD_GRP_135', 'TRD_GRP_136', 'TRD_GRP_137', 'TRD_GRP_138', 'TRD_GRP_139', 'TRD_GRP_140', 'TRD_GRP_141', 'TRD_GRP_142', 'TRD_GRP_143', 'TRD_GRP_144', 'TRD_GRP_145', 'TRD_GRP_146', 'TRD_GRP_147', 'TRD_GRP_148', 'TRD_GRP_149', 'TRD_GRP_150', 'TRD_GRP_151', 'TRD_GRP_152', 'TRD_GRP_153', 'TRD_GRP_154', 'TRD_GRP_155', 'TRD_GRP_156', 'TRD_GRP_157', 'TRD_GRP_158', 'TRD_GRP_159', 'TRD_GRP_160', 'TRD_GRP_161', 'TRD_GRP_162', 'TRD_GRP_163', 'TRD_GRP_164', 'TRD_GRP_165', 'TRD_GRP_166', 'TRD_GRP_167', 'TRD_GRP_168', 'TRD_GRP_169', 'TRD_GRP_170', 'TRD_GRP_171', 'TRD_GRP_172', 'TRD_GRP_173', 'TRD_GRP_174', 'TRD_GRP_175', 'TRD_GRP_176', 'TRD_GRP_177', 'TRD_GRP_178', 'TRD_GRP_179', 'TRD_GRP_180', 'TRD_GRP_181', 'TRD_GRP_182', 'TRD_GRP_183', 'TRD_GRP_184', 'TRD_GRP_185', 'TRD_GRP_186', 'TRD_GRP_187', 'TRD_GRP_188', 'TRD_GRP_189', 'TRD_GRP_190', 'TRD_GRP_191', 'TRD_GRP_192', 'TRD_GRP_193', 'TRD_GRP_194', 'TRD_GRP_195', 'TRD_GRP_196', 'TRD_GRP_197', 'TRD_GRP_198', 'TRD_GRP_199', 'TRD_GRP_200', 'TRD_GRP_201', 'TRD_GRP_202', 'TRD_GRP_203', 'TRD_GRP_204', 'TRD_GRP_205', 'TRD_GRP_206', 'TRD_GRP_207', 'TRD_GRP_208', 'TRD_GRP_209', 'TRD_GRP_210', 'TRD_GRP_211', 'TRD_GRP_212', 'TRD_GRP_213', 'TRD_GRP_214', 'TRD_GRP_215', 'TRD_GRP_216', 'TRD_GRP_217', 'TRD_GRP_218', 'TRD_GRP_219', 'TRD_GRP_220', 'TRD_GRP_221', 'TRD_GRP_222', 'TRD_GRP_223', 'TRD_GRP_224', 'TRD_GRP_225', 'TRD_GRP_226', 'TRD_GRP_227', 'TRD_GRP_228', 'TRD_GRP_229', 'TRD_GRP_230', 'TRD_GRP_231', 'TRD_GRP_232', 'TRD_GRP_233', 'TRD_GRP_234', 'TRD_GRP_235']], 'defaultSelfTradePreventionMode': 'EXPIRE_MAKER', 'allowedSelfTradePreventionModes': ['EXPIRE_TAKER', 'EXPIRE_MAKER', 'EXPIRE_BOTH']}
2025-01-18 01:12:03,952 - WARNING - \u26a0\ufe0f Filtro MIN_NOTIONAL não encontrado para BTCUSDT.
2025-01-18 01:12:04,733 - WARNING - \u26a0\ufe0f Não foi possível determinar o valor mínimo de compra para BTCUSDT.
2025-01-18 01:12:05,526 - INFO - \U0001f50d Informações da Binance para ETHUSDT: {'symbol': 'ETHUSDT', 'status': 'TRADING', 'baseAsset': 'ETH', 'baseAssetPrecision': 8, 'quoteAsset': 'USDT', 'quotePrecision': 8, 'quoteAssetPrecision': 8, 'baseCommissionPrecision': 8, 'quoteCommissionPrecision': 8, 'orderTypes': ['LIMIT', 'LIMIT_MAKER', 'MARKET', 'STOP_LOSS', 'STOP_LOSS_LIMIT', 'TAKE_PROFIT', 'TAKE_PROFIT_LIMIT'], 'icebergAllowed': True, 'ocoAllowed': True, 'otoAllowed': True, 'quoteOrderQtyMarketAllowed': True, 'allowTrailingStop': True, 'cancelReplaceAllowed': True, 'isSpotTradingAllowed': True, 'isMarginTradingAllowed': True, 'filters': [{'filterType': 'PRICE_FILTER', 'minPrice': '0.01000000', 'maxPrice': '1000000.00000000', 'tickSize': '0.01000000'}, {'filterType': 'LOT_SIZE', 'minQty': '0.00010000', 'maxQty': '9000.00000000', 'stepSize': '0.00010000'}, {'filterType': 'ICEBERG_PARTS', 'limit': 10}, {'filterType': 'MARKET_LOT_SIZE', 'minQty': '0.00000000', 'maxQty': '2418.75700375', 'stepSize': '0.00000000'}, {'filterType': 'TRAILING_DELTA', 'minTrailingAboveDelta': 10, 'maxTrailingAboveDelta': 2000, 'minTrailingBelowDelta': 10, 'maxTrailingBelowDelta': 2000}, {'filterType': 'PERCENT_PRICE_BY_SIDE', 'bidMultiplierUp': '5', 'bidMultiplierDown': '0.2', 'askMultiplierUp': '5', 'askMultiplierDown': '0.2', 'avgPriceMins': 5}, {'filterType': 'NOTIONAL', 'minNotional': '5.00000000', 'applyMinToMarket': True, 'maxNotional': '9000000.00000000', 'applyMaxToMarket': False, 'avgPriceMins': 5}, {'filterType': 'MAX_NUM_ORDERS', 'maxNumOrders': 200}, {'filterType': 'MAX_NUM_ALGO_ORDERS', 'maxNumAlgoOrders': 5}], 'permissions': [], 'permissionSets': [['SPOT', 'MARGIN', 'TRD_GRP_004', 'TRD_GRP_005', 'TRD_GRP_006', 'TRD_GRP_009', 'TRD_GRP_010', 'TRD_GRP_011', 'TRD_GRP_012', 'TRD_GRP_013', 'TRD_GRP_014', 'TRD_GRP_015', 'TRD_GRP_016', 'TRD_GRP_017', 'TRD_GRP_018', 'TRD_GRP_019', 'TRD_GRP_020', 'TRD_GRP_021', 'TRD_GRP_022', 'TRD_GRP_023', 'TRD_GRP_024', 'TRD_GRP_025', 'TRD_GRP_026', 'TRD_GRP_027', 'TRD_GRP_028', 'TRD_GRP_029', 'TRD_GRP_030', 'TRD_GRP_031', 'TRD_GRP_032', 'TRD_GRP_033', 'TRD_GRP_034', 'TRD_GRP_035', 'TRD_GRP_036', 'TRD_GRP_037', 'TRD_GRP_038', 'TRD_GRP_039', 'TRD_GRP_040', 'TRD_GRP_041', 'TRD_GRP_042', 'TRD_GRP_043', 'TRD_GRP_044', 'TRD_GRP_045', 'TRD_GRP_046', 'TRD_GRP_047', 'TRD_GRP_048', 'TRD_GRP_049', 'TRD_GRP_050', 'TRD_GRP_051', 'TRD_GRP_052', 'TRD_GRP_053', 'TRD_GRP_054', 'TRD_GRP_055', 'TRD_GRP_056', 'TRD_GRP_057', 'TRD_GRP_058', 'TRD_GRP_059', 'TRD_GRP_060', 'TRD_GRP_061', 'TRD_GRP_062', 'TRD_GRP_063', 'TRD_GRP_064', 'TRD_GRP_065', 'TRD_GRP_066', 'TRD_GRP_067', 'TRD_GRP_068', 'TRD_GRP_069', 'TRD_GRP_070', 'TRD_GRP_071', 'TRD_GRP_072', 'TRD_GRP_073', 'TRD_GRP_074', 'TRD_GRP_075', 'TRD_GRP_076', 'TRD_GRP_077', 'TRD_GRP_078', 'TRD_GRP_079', 'TRD_GRP_080', 'TRD_GRP_081', 'TRD_GRP_082', 'TRD_GRP_083', 'TRD_GRP_084', 'TRD_GRP_085', 'TRD_GRP_086', 'TRD_GRP_087', 'TRD_GRP_088', 'TRD_GRP_089', 'TRD_GRP_090', 'TRD_GRP_091', 'TRD_GRP_092', 'TRD_GRP_093', 'TRD_GRP_094', 'TRD_GRP_095', 'TRD_GRP_096', 'TRD_GRP_097', 'TRD_GRP_098', 'TRD_GRP_099', 'TRD_GRP_100', 'TRD_GRP_101', 'TRD_GRP_102', 'TRD_GRP_103', 'TRD_GRP_104', 'TRD_GRP_105', 'TRD_GRP_106', 'TRD_GRP_107', 'TRD_GRP_108', 'TRD_GRP_109', 'TRD_GRP_110', 'TRD_GRP_111', 'TRD_GRP_112', 'TRD_GRP_113', 'TRD_GRP_114', 'TRD_GRP_115', 'TRD_GRP_116', 'TRD_GRP_117', 'TRD_GRP_118', 'TRD_GRP_119', 'TRD_GRP_120', 'TRD_GRP_121', 'TRD_GRP_122', 'TRD_GRP_123', 'TRD_GRP_124', 'TRD_GRP_125', 'TRD_GRP_126', 'TRD_GRP_127', 'TRD_GRP_128', 'TRD_GRP_129', 'TRD_GRP_130', 'TRD_GRP_131', 'TRD_GRP_132', 'TRD_GRP_133', 'TRD_GRP_134', 'TRD_GRP_135', 'TRD_GRP_136', 'TRD_GRP_137', 'TRD_GRP_138', 'TRD_GRP_139', 'TRD_GRP_140', 'TRD_GRP_141', 'TRD_GRP_142', 'TRD_GRP_143', 'TRD_GRP_144', 'TRD_GRP_145', 'TRD_GRP_146', 'TRD_GRP_147', 'TRD_GRP_148', 'TRD_GRP_149', 'TRD_GRP_150', 'TRD_GRP_151', 'TRD_GRP_152', 'TRD_GRP_153', 'TRD_GRP_154', 'TRD_GRP_155', 'TRD_GRP_156', 'TRD_GRP_157', 'TRD_GRP_158', 'TRD_GRP_159', 'TRD_GRP_160', 'TRD_GRP_161', 'TRD_GRP_162', 'TRD_GRP_163', 'TRD_GRP_164', 'TRD_GRP_165', 'TRD_GRP_166', 'TRD_GRP_167', 'TRD_GRP_168', 'TRD_GRP_169', 'TRD_GRP_170', 'TRD_GRP_171', 'TRD_GRP_172', 'TRD_GRP_173', 'TRD_GRP_174', 'TRD_GRP_175', 'TRD_GRP_176', 'TRD_GRP_177', 'TRD_GRP_178', 'TRD_GRP_179', 'TRD_GRP_180', 'TRD_GRP_181', 'TRD_GRP_182', 'TRD_GRP_183', 'TRD_GRP_184', 'TRD_GRP_185', 'TRD_GRP_186', 'TRD_GRP_187', 'TRD_GRP_188', 'TRD_GRP_189', 'TRD_GRP_190', 'TRD_GRP_191', 'TRD_GRP_192', 'TRD_GRP_193', 'TRD_GRP_194', 'TRD_GRP_195', 'TRD_GRP_196', 'TRD_GRP_197', 'TRD_GRP_198', 'TRD_GRP_199', 'TRD_GRP_200', 'TRD_GRP_201', 'TRD_GRP_202', 'TRD_GRP_203', 'TRD_GRP_204', 'TRD_GRP_205', 'TRD_GRP_206', 'TRD_GRP_207', 'TRD_GRP_208', 'TRD_GRP_209', 'TRD_GRP_210', 'TRD_GRP_211', 'TRD_GRP_212', 'TRD_GRP_213', 'TRD_GRP_214', 'TRD_GRP_215', 'TRD_GRP_216', 'TRD_GRP_217', 'TRD_GRP_218', 'TRD_GRP_219', 'TRD_GRP_220', 'TRD_GRP_221', 'TRD_GRP_222', 'TRD_GRP_223', 'TRD_GRP_224', 'TRD_GRP_225', 'TRD_GRP_226', 'TRD_GRP_227', 'TRD_GRP_228', 'TRD_GRP_229', 'TRD_GRP_230', 'TRD_GRP_231', 'TRD_GRP_232', 'TRD_GRP_233', 'TRD_GRP_234', 'TRD_GRP_235']], 'defaultSelfTradePreventionMode': 'EXPIRE_MAKER', 'allowedSelfTradePreventionModes': ['EXPIRE_TAKER', 'EXPIRE_MAKER', 'EXPIRE_BOTH']}
2025-01-18 01:12:05,527 - WARNING - \u26a0\ufe0f Filtro MIN_NOTIONAL não encontrado para ETHUSDT.
2025-01-18 01:12:06,453 - WARNING - \u26a0\ufe0f Não foi possível determinar o valor mínimo de compra para ETHUSDT.
2025-01-18 01:12:38,280 - INFO - \U0001f50d Informações da Binance para BTCUSDT: {'symbol': 'BTCUSDT', 'status': 'TRADING', 'baseAsset': 'BTC', 'baseAssetPrecision': 8, 'quoteAsset': 'USDT', 'quotePrecision': 8, 'quoteAssetPrecision': 8, 'baseCommissionPrecision': 8, 'quoteCommissionPrecision': 8, 'orderTypes': ['LIMIT', 'LIMIT_MAKER', 'MARKET', 'STOP_LOSS', 'STOP_LOSS_LIMIT', 'TAKE_PROFIT', 'TAKE_PROFIT_LIMIT'], 'icebergAllowed': True, 'ocoAllowed': True, 'otoAllowed': True, 'quoteOrderQtyMarketAllowed': True, 'allowTrailingStop': True, 'cancelReplaceAllowed': True, 'isSpotTradingAllowed': True, 'isMarginTradingAllowed': True, 'filters': [{'filterType': 'PRICE_FILTER', 'minPrice': '0.01000000', 'maxPrice': '1000000.00000000', 'tickSize': '0.01000000'}, {'filterType': 'LOT_SIZE', 'minQty': '0.00001000', 'maxQty': '9000.00000000', 'stepSize': '0.00001000'}, {'filterType': 'ICEBERG_PARTS', 'limit': 10}, {'filterType': 'MARKET_LOT_SIZE', 'minQty': '0.00000000', 'maxQty': '89.67500095', 'stepSize': '0.00000000'}, {'filterType': 'TRAILING_DELTA', 'minTrailingAboveDelta': 10, 'maxTrailingAboveDelta': 2000, 'minTrailingBelowDelta': 10, 'maxTrailingBelowDelta': 2000}, {'filterType': 'PERCENT_PRICE_BY_SIDE', 'bidMultiplierUp': '5', 'bidMultiplierDown': '0.2', 'askMultiplierUp': '5', 'askMultiplierDown': '0.2', 'avgPriceMins': 5}, {'filterType': 'NOTIONAL', 'minNotional': '5.00000000', 'applyMinToMarket': True, 'maxNotional': '9000000.00000000', 'applyMaxToMarket': False, 'avgPriceMins': 5}, {'filterType': 'MAX_NUM_ORDERS', 'maxNumOrders': 200}, {'filterType': 'MAX_NUM_ALGO_ORDERS', 'maxNumAlgoOrders': 5}], 'permissions': [], 'permissionSets': [['SPOT', 'MARGIN', 'TRD_GRP_004', 'TRD_GRP_005', 'TRD_GRP_006', 'TRD_GRP_009', 'TRD_GRP_010', 'TRD_GRP_011', 'TRD_GRP_012', 'TRD_GRP_013', 'TRD_GRP_014', 'TRD_GRP_015', 'TRD_GRP_016', 'TRD_GRP_017', 'TRD_GRP_018', 'TRD_GRP_019', 'TRD_GRP_020', 'TRD_GRP_021', 'TRD_GRP_022', 'TRD_GRP_023', 'TRD_GRP_024', 'TRD_GRP_025', 'TRD_GRP_026', 'TRD_GRP_027', 'TRD_GRP_028', 'TRD_GRP_029', 'TRD_GRP_030', 'TRD_GRP_031', 'TRD_GRP_032', 'TRD_GRP_033', 'TRD_GRP_034', 'TRD_GRP_035', 'TRD_GRP_036', 'TRD_GRP_037', 'TRD_GRP_038', 'TRD_GRP_039', 'TRD_GRP_040', 'TRD_GRP_041', 'TRD_GRP_042', 'TRD_GRP_043', 'TRD_GRP_044', 'TRD_GRP_045', 'TRD_GRP_046', 'TRD_GRP_047', 'TRD_GRP_048', 'TRD_GRP_049', 'TRD_GRP_050', 'TRD_GRP_051', 'TRD_GRP_052', 'TRD_GRP_053', 'TRD_GRP_054', 'TRD_GRP_055', 'TRD_GRP_056', 'TRD_GRP_057', 'TRD_GRP_058', 'TRD_GRP_059', 'TRD_GRP_060', 'TRD_GRP_061', 'TRD_GRP_062', 'TRD_GRP_063', 'TRD_GRP_064', 'TRD_GRP_065', 'TRD_GRP_066', 'TRD_GRP_067', 'TRD_GRP_068', 'TRD_GRP_069', 'TRD_GRP_070', 'TRD_GRP_071', 'TRD_GRP_072', 'TRD_GRP_073', 'TRD_GRP_074', 'TRD_GRP_075', 'TRD_GRP_076', 'TRD_GRP_077', 'TRD_GRP_078', 'TRD_GRP_079', 'TRD_GRP_080', 'TRD_GRP_081', 'TRD_GRP_082', 'TRD_GRP_083', 'TRD_GRP_084', 'TRD_GRP_085', 'TRD_GRP_086', 'TRD_GRP_087', 'TRD_GRP_088', 'TRD_GRP_089', 'TRD_GRP_090', 'TRD_GRP_091', 'TRD_GRP_092', 'TRD_GRP_093', 'TRD_GRP_094', 'TRD_GRP_095', 'TRD_GRP_096', 'TRD_GRP_097', 'TRD_GRP_098', 'TRD_GRP_099', 'TRD_GRP_100', 'TRD_GRP_101', 'TRD_GRP_102', 'TRD_GRP_103', 'TRD_GRP_104', 'TRD_GRP_105', 'TRD_GRP_106', 'TRD_GRP_107', 'TRD_GRP_108', 'TRD_GRP_109', 'TRD_GRP_110', 'TRD_GRP_111', 'TRD_GRP_112', 'TRD_GRP_113', 'TRD_GRP_114', 'TRD_GRP_115', 'TRD_GRP_116', 'TRD_GRP_117', 'TRD_GRP_118', 'TRD_GRP_119', 'TRD_GRP_120', 'TRD_GRP_121', 'TRD_GRP_122', 'TRD_GRP_123', 'TRD_GRP_124', 'TRD_GRP_125', 'TRD_GRP_126', 'TRD_GRP_127', 'TRD_GRP_128', 'TRD_GRP_129', 'TRD_GRP_130', 'TRD_GRP_131', 'TRD_GRP_132', 'TRD_GRP_133', 'TRD_GRP_134', 'TRD_GRP_135', 'TRD_GRP_136', 'TRD_GRP_137', 'TRD_GRP_138', 'TRD_GRP_139', 'TRD_GRP_140', 'TRD_GRP_141', 'TRD_GRP_142', 'TRD_GRP_143', 'TRD_GRP_144', 'TRD_GRP_145', 'TRD_GRP_146', 'TRD_GRP_147', 'TRD_GRP_148', 'TRD_GRP_149', 'TRD_GRP_150', 'TRD_GRP_151', 'TRD_GRP_152', 'TRD_GRP_153', 'TRD_GRP_154', 'TRD_GRP_155', 'TRD_GRP_156', 'TRD_GRP_157', 'TRD_GRP_158', 'TRD_GRP_159', 'TRD_GRP_160', 'TRD_GRP_161', 'TRD_GRP_162', 'TRD_GRP_163', 'TRD_GRP_164', 'TRD_GRP_165', 'TRD_GRP_166', 'TRD_GRP_167', 'TRD_GRP_168', 'TRD_GRP_169', 'TRD_GRP_170', 'TRD_GRP_171', 'TRD_GRP_172', 'TRD_GRP_173', 'TRD_GRP_174', 'TRD_GRP_175', 'TRD_GRP_176', 'TRD_GRP_177', 'TRD_GRP_178', 'TRD_GRP_179', 'TRD_GRP_180', 'TRD_GRP_181', 'TRD_GRP_182', 'TRD_GRP_183', 'TRD_GRP_184', 'TRD_GRP_185', 'TRD_GRP_186', 'TRD_GRP_187', 'TRD_GRP_188', 'TRD_GRP_189', 'TRD_GRP_190', 'TRD_GRP_191', 'TRD_GRP_192', 'TRD_GRP_193', 'TRD_GRP_194', 'TRD_GRP_195', 'TRD_GRP_196', 'TRD_GRP_197', 'TRD_GRP_198', 'TRD_GRP_199', 'TRD_GRP_200', 'TRD_GRP_201', 'TRD_GRP_202', 'TRD_GRP_203', 'TRD_GRP_204', 'TRD_GRP_205', 'TRD_GRP_206', 'TRD_GRP_207', 'TRD_GRP_208', 'TRD_GRP_209', 'TRD_GRP_210', 'TRD_GRP_211', 'TRD_GRP_212', 'TRD_GRP_213', 'TRD_GRP_214', 'TRD_GRP_215', 'TRD_GRP_216', 'TRD_GRP_217', 'TRD_GRP_218', 'TRD_GRP_219', 'TRD_GRP_220', 'TRD_GRP_221', 'TRD_GRP_222', 'TRD_GRP_223', 'TRD_GRP_224', 'TRD_GRP_225', 'TRD_GRP_226', 'TRD_GRP_227', 'TRD_GRP_228', 'TRD_GRP_229', 'TRD_GRP_230', 'TRD_GRP_231', 'TRD_GRP_232', 'TRD_GRP_233', 'TRD_GRP_234', 'TRD_GRP_235']], 'defaultSelfTradePreventionMode': 'EXPIRE_MAKER', 'allowedSelfTradePreventionModes': ['EXPIRE_TAKER', 'EXPIRE_MAKER', 'EXPIRE_BOTH']}
2025-01-18 01:12:38,280 - WARNING - \u26a0\ufe0f Filtro MIN_NOTIONAL não encontrado para BTCUSDT.
2025-01-18 01:12:39,107 - WARNING - \u26a0\ufe0f Não foi possível determinar o valor mínimo de compra para BTCUSDT.
2025-01-18 01:12:39,875 - INFO - \U0001f50d Informações da Binance para ETHUSDT: {'symbol': 'ETHUSDT', 'status': 'TRADING', 'baseAsset': 'ETH', 'baseAssetPrecision': 8, 'quoteAsset': 'USDT', 'quotePrecision': 8, 'quoteAssetPrecision': 8, 'baseCommissionPrecision': 8, 'quoteCommissionPrecision': 8, 'orderTypes': ['LIMIT', 'LIMIT_MAKER', 'MARKET', 'STOP_LOSS', 'STOP_LOSS_LIMIT', 'TAKE_PROFIT', 'TAKE_PROFIT_LIMIT'], 'icebergAllowed': True, 'ocoAllowed': True, 'otoAllowed': True, 'quoteOrderQtyMarketAllowed': True, 'allowTrailingStop': True, 'cancelReplaceAllowed': True, 'isSpotTradingAllowed': True, 'isMarginTradingAllowed': True, 'filters': [{'filterType': 'PRICE_FILTER', 'minPrice': '0.01000000', 'maxPrice': '1000000.00000000', 'tickSize': '0.01000000'}, {'filterType': 'LOT_SIZE', 'minQty': '0.00010000', 'maxQty': '9000.00000000', 'stepSize': '0.00010000'}, {'filterType': 'ICEBERG_PARTS', 'limit': 10}, {'filterType': 'MARKET_LOT_SIZE', 'minQty': '0.00000000', 'maxQty': '2418.75700375', 'stepSize': '0.00000000'}, {'filterType': 'TRAILING_DELTA', 'minTrailingAboveDelta': 10, 'maxTrailingAboveDelta': 2000, 'minTrailingBelowDelta': 10, 'maxTrailingBelowDelta': 2000}, {'filterType': 'PERCENT_PRICE_BY_SIDE', 'bidMultiplierUp': '5', 'bidMultiplierDown': '0.2', 'askMultiplierUp': '5', 'askMultiplierDown': '0.2', 'avgPriceMins': 5}, {'filterType': 'NOTIONAL', 'minNotional': '5.00000000', 'applyMinToMarket': True, 'maxNotional': '9000000.00000000', 'applyMaxToMarket': False, 'avgPriceMins': 5}, {'filterType': 'MAX_NUM_ORDERS', 'maxNumOrders': 200}, {'filterType': 'MAX_NUM_ALGO_ORDERS', 'maxNumAlgoOrders': 5}], 'permissions': [], 'permissionSets': [['SPOT', 'MARGIN', 'TRD_GRP_004', 'TRD_GRP_005', 'TRD_GRP_006', 'TRD_GRP_009', 'TRD_GRP_010', 'TRD_GRP_011', 'TRD_GRP_012', 'TRD_GRP_013', 'TRD_GRP_014', 'TRD_GRP_015', 'TRD_GRP_016', 'TRD_GRP_017', 'TRD_GRP_018', 'TRD_GRP_019', 'TRD_GRP_020', 'TRD_GRP_021', 'TRD_GRP_022', 'TRD_GRP_023', 'TRD_GRP_024', 'TRD_GRP_025', 'TRD_GRP_026', 'TRD_GRP_027', 'TRD_GRP_028', 'TRD_GRP_029', 'TRD_GRP_030', 'TRD_GRP_031', 'TRD_GRP_032', 'TRD_GRP_033', 'TRD_GRP_034', 'TRD_GRP_035', 'TRD_GRP_036', 'TRD_GRP_037', 'TRD_GRP_038', 'TRD_GRP_039', 'TRD_GRP_040', 'TRD_GRP_041', 'TRD_GRP_042', 'TRD_GRP_043', 'TRD_GRP_044', 'TRD_GRP_045', 'TRD_GRP_046', 'TRD_GRP_047', 'TRD_GRP_048', 'TRD_GRP_049', 'TRD_GRP_050', 'TRD_GRP_051', 'TRD_GRP_052', 'TRD_GRP_053', 'TRD_GRP_054', 'TRD_GRP_055', 'TRD_GRP_056', 'TRD_GRP_057', 'TRD_GRP_058', 'TRD_GRP_059', 'TRD_GRP_060', 'TRD_GRP_061', 'TRD_GRP_062', 'TRD_GRP_063', 'TRD_GRP_064', 'TRD_GRP_065', 'TRD_GRP_066', 'TRD_GRP_067', 'TRD_GRP_068', 'TRD_GRP_069', 'TRD_GRP_070', 'TRD_GRP_071', 'TRD_GRP_072', 'TRD_GRP_073', 'TRD_GRP_074', 'TRD_GRP_075', 'TRD_GRP_076', 'TRD_GRP_077', 'TRD_GRP_078', 'TRD_GRP_079', 'TRD_GRP_080', 'TRD_GRP_081', 'TRD_GRP_082', 'TRD_GRP_083', 'TRD_GRP_084', 'TRD_GRP_085', 'TRD_GRP_086', 'TRD_GRP_087', 'TRD_GRP_088', 'TRD_GRP_089', 'TRD_GRP_090', 'TRD_GRP_091', 'TRD_GRP_092', 'TRD_GRP_093', 'TRD_GRP_094', 'TRD_GRP_095', 'TRD_GRP_096', 'TRD_GRP_097', 'TRD_GRP_098', 'TRD_GRP_099', 'TRD_GRP_100', 'TRD_GRP_101', 'TRD_GRP_102', 'TRD_GRP_103', 'TRD_GRP_104', 'TRD_GRP_105', 'TRD_GRP_106', 'TRD_GRP_107', 'TRD_GRP_108', 'TRD_GRP_109', 'TRD_GRP_110', 'TRD_GRP_111', 'TRD_GRP_112', 'TRD_GRP_113', 'TRD_GRP_114', 'TRD_GRP_115', 'TRD_GRP_116', 'TRD_GRP_117', 'TRD_GRP_118', 'TRD_GRP_119', 'TRD_GRP_120', 'TRD_GRP_121', 'TRD_GRP_122', 'TRD_GRP_123', 'TRD_GRP_124', 'TRD_GRP_125', 'TRD_GRP_126', 'TRD_GRP_127', 'TRD_GRP_128', 'TRD_GRP_129', 'TRD_GRP_130', 'TRD_GRP_131', 'TRD_GRP_132', 'TRD_GRP_133', 'TRD_GRP_134', 'TRD_GRP_135', 'TRD_GRP_136', 'TRD_GRP_137', 'TRD_GRP_138', 'TRD_GRP_139', 'TRD_GRP_140', 'TRD_GRP_141', 'TRD_GRP_142', 'TRD_GRP_143', 'TRD_GRP_144', 'TRD_GRP_145', 'TRD_GRP_146', 'TRD_GRP_147', 'TRD_GRP_148', 'TRD_GRP_149', 'TRD_GRP_150', 'TRD_GRP_151', 'TRD_GRP_152', 'TRD_GRP_153', 'TRD_GRP_154', 'TRD_GRP_155', 'TRD_GRP_156', 'TRD_GRP_157', 'TRD_GRP_158', 'TRD_GRP_159', 'TRD_GRP_160', 'TRD_GRP_161', 'TRD_GRP_162', 'TRD_GRP_163', 'TRD_GRP_164', 'TRD_GRP_165', 'TRD_GRP_166', 'TRD_GRP_167', 'TRD_GRP_168', 'TRD_GRP_169', 'TRD_GRP_170', 'TRD_GRP_171', 'TRD_GRP_172', 'TRD_GRP_173', 'TRD_GRP_174', 'TRD_GRP_175', 'TRD_GRP_176', 'TRD_GRP_177', 'TRD_GRP_178', 'TRD_GRP_179', 'TRD_GRP_180', 'TRD_GRP_181', 'TRD_GRP_182', 'TRD_GRP_183', 'TRD_GRP_184', 'TRD_GRP_185', 'TRD_GRP_186', 'TRD_GRP_187', 'TRD_GRP_188', 'TRD_GRP_189', 'TRD_GRP_190', 'TRD_GRP_191', 'TRD_GRP_192', 'TRD_GRP_193', 'TRD_GRP_194', 'TRD_GRP_195', 'TRD_GRP_196', 'TRD_GRP_197', 'TRD_GRP_198', 'TRD_GRP_199', 'TRD_GRP_200', 'TRD_GRP_201', 'TRD_GRP_202', 'TRD_GRP_203', 'TRD_GRP_204', 'TRD_GRP_205', 'TRD_GRP_206', 'TRD_GRP_207', 'TRD_GRP_208', 'TRD_GRP_209', 'TRD_GRP_210', 'TRD_GRP_211', 'TRD_GRP_212', 'TRD_GRP_213', 'TRD_GRP_214', 'TRD_GRP_215', 'TRD_GRP_216', 'TRD_GRP_217', 'TRD_GRP_218', 'TRD_GRP_219', 'TRD_GRP_220', 'TRD_GRP_221', 'TRD_GRP_222', 'TRD_GRP_223', 'TRD_GRP_224', 'TRD_GRP_225', 'TRD_GRP_226', 'TRD_GRP_227', 'TRD_GRP_228', 'TRD_GRP_229', 'TRD_GRP_230', 'TRD_GRP_231', 'TRD_GRP_232', 'TRD_GRP_233', 'TRD_GRP_234', 'TRD_GRP_235']], 'defaultSelfTradePreventionMode': 'EXPIRE_MAKER', 'allowedSelfTradePreventionModes': ['EXPIRE_TAKER', 'EXPIRE_MAKER', 'EXPIRE_BOTH']}
2025-01-18 01:12:39,876 - WARNING - \u26a0\ufe0f Filtro MIN_NOTIONAL não encontrado para ETHUSDT.
2025-01-18 01:12:40,606 - WARNING - \u26a0\ufe0f Não foi possível determinar o valor mínimo de compra para ETHUSDT.
2025-01-18 01:13:12,366 - INFO - \U0001f50d Informações da Binance para BTCUSDT: {'symbol': 'BTCUSDT', 'status': 'TRADING', 'baseAsset': 'BTC', 'baseAssetPrecision': 8, 'quoteAsset': 'USDT', 'quotePrecision': 8, 'quoteAssetPrecision': 8, 'baseCommissionPrecision': 8, 'quoteCommissionPrecision': 8, 'orderTypes': ['LIMIT', 'LIMIT_MAKER', 'MARKET', 'STOP_LOSS', 'STOP_LOSS_LIMIT', 'TAKE_PROFIT', 'TAKE_PROFIT_LIMIT'], 'icebergAllowed': True, 'ocoAllowed': True, 'otoAllowed': True, 'quoteOrderQtyMarketAllowed': True, 'allowTrailingStop': True, 'cancelReplaceAllowed': True, 'isSpotTradingAllowed': True, 'isMarginTradingAllowed': True, 'filters': [{'filterType': 'PRICE_FILTER', 'minPrice': '0.01000000', 'maxPrice': '1000000.00000000', 'tickSize': '0.01000000'}, {'filterType': 'LOT_SIZE', 'minQty': '0.00001000', 'maxQty': '9000.00000000', 'stepSize': '0.00001000'}, {'filterType': 'ICEBERG_PARTS', 'limit': 10}, {'filterType': 'MARKET_LOT_SIZE', 'minQty': '0.00000000', 'maxQty': '89.67500095', 'stepSize': '0.00000000'}, {'filterType': 'TRAILING_DELTA', 'minTrailingAboveDelta': 10, 'maxTrailingAboveDelta': 2000, 'minTrailingBelowDelta': 10, 'maxTrailingBelowDelta': 2000}, {'filterType': 'PERCENT_PRICE_BY_SIDE', 'bidMultiplierUp': '5', 'bidMultiplierDown': '0.2', 'askMultiplierUp': '5', 'askMultiplierDown': '0.2', 'avgPriceMins': 5}, {'filterType': 'NOTIONAL', 'minNotional': '5.00000000', 'applyMinToMarket': True, 'maxNotional': '9000000.00000000', 'applyMaxToMarket': False, 'avgPriceMins': 5}, {'filterType': 'MAX_NUM_ORDERS', 'maxNumOrders': 200}, {'filterType': 'MAX_NUM_ALGO_ORDERS', 'maxNumAlgoOrders': 5}], 'permissions': [], 'permissionSets': [['SPOT', 'MARGIN', 'TRD_GRP_004', 'TRD_GRP_005', 'TRD_GRP_006', 'TRD_GRP_009', 'TRD_GRP_010', 'TRD_GRP_011', 'TRD_GRP_012', 'TRD_GRP_013', 'TRD_GRP_014', 'TRD_GRP_015', 'TRD_GRP_016', 'TRD_GRP_017', 'TRD_GRP_018', 'TRD_GRP_019', 'TRD_GRP_020', 'TRD_GRP_021', 'TRD_GRP_022', 'TRD_GRP_023', 'TRD_GRP_024', 'TRD_GRP_025', 'TRD_GRP_026', 'TRD_GRP_027', 'TRD_GRP_028', 'TRD_GRP_029', 'TRD_GRP_030', 'TRD_GRP_031', 'TRD_GRP_032', 'TRD_GRP_033', 'TRD_GRP_034', 'TRD_GRP_035', 'TRD_GRP_036', 'TRD_GRP_037', 'TRD_GRP_038', 'TRD_GRP_039', 'TRD_GRP_040', 'TRD_GRP_041', 'TRD_GRP_042', 'TRD_GRP_043', 'TRD_GRP_044', 'TRD_GRP_045', 'TRD_GRP_046', 'TRD_GRP_047', 'TRD_GRP_048', 'TRD_GRP_049', 'TRD_GRP_050', 'TRD_GRP_051', 'TRD_GRP_052', 'TRD_GRP_053', 'TRD_GRP_054', 'TRD_GRP_055', 'TRD_GRP_056', 'TRD_GRP_057', 'TRD_GRP_058', 'TRD_GRP_059', 'TRD_GRP_060', 'TRD_GRP_061', 'TRD_GRP_062', 'TRD_GRP_063', 'TRD_GRP_064', 'TRD_GRP_065', 'TRD_GRP_066', 'TRD_GRP_067', 'TRD_GRP_068', 'TRD_GRP_069', 'TRD_GRP_070', 'TRD_GRP_071', 'TRD_GRP_072', 'TRD_GRP_073', 'TRD_GRP_074', 'TRD_GRP_075', 'TRD_GRP_076', 'TRD_GRP_077', 'TRD_GRP_078', 'TRD_GRP_079', 'TRD_GRP_080', 'TRD_GRP_081', 'TRD_GRP_082', 'TRD_GRP_083', 'TRD_GRP_084', 'TRD_GRP_085', 'TRD_GRP_086', 'TRD_GRP_087', 'TRD_GRP_088', 'TRD_GRP_089', 'TRD_GRP_090', 'TRD_GRP_091', 'TRD_GRP_092', 'TRD_GRP_093', 'TRD_GRP_094', 'TRD_GRP_095', 'TRD_GRP_096', 'TRD_GRP_097', 'TRD_GRP_098', 'TRD_GRP_099', 'TRD_GRP_100', 'TRD_GRP_101', 'TRD_GRP_102', 'TRD_GRP_103', 'TRD_GRP_104', 'TRD_GRP_105', 'TRD_GRP_106', 'TRD_GRP_107', 'TRD_GRP_108', 'TRD_GRP_109', 'TRD_GRP_110', 'TRD_GRP_111', 'TRD_GRP_112', 'TRD_GRP_113', 'TRD_GRP_114', 'TRD_GRP_115', 'TRD_GRP_116', 'TRD_GRP_117', 'TRD_GRP_118', 'TRD_GRP_119', 'TRD_GRP_120', 'TRD_GRP_121', 'TRD_GRP_122', 'TRD_GRP_123', 'TRD_GRP_124', 'TRD_GRP_125', 'TRD_GRP_126', 'TRD_GRP_127', 'TRD_GRP_128', 'TRD_GRP_129', 'TRD_GRP_130', 'TRD_GRP_131', 'TRD_GRP_132', 'TRD_GRP_133', 'TRD_GRP_134', 'TRD_GRP_135', 'TRD_GRP_136', 'TRD_GRP_137', 'TRD_GRP_138', 'TRD_GRP_139', 'TRD_GRP_140', 'TRD_GRP_141', 'TRD_GRP_142', 'TRD_GRP_143', 'TRD_GRP_144', 'TRD_GRP_145', 'TRD_GRP_146', 'TRD_GRP_147', 'TRD_GRP_148', 'TRD_GRP_149', 'TRD_GRP_150', 'TRD_GRP_151', 'TRD_GRP_152', 'TRD_GRP_153', 'TRD_GRP_154', 'TRD_GRP_155', 'TRD_GRP_156', 'TRD_GRP_157', 'TRD_GRP_158', 'TRD_GRP_159', 'TRD_GRP_160', 'TRD_GRP_161', 'TRD_GRP_162', 'TRD_GRP_163', 'TRD_GRP_164', 'TRD_GRP_165', 'TRD_GRP_166', 'TRD_GRP_167', 'TRD_GRP_168', 'TRD_GRP_169', 'TRD_GRP_170', 'TRD_GRP_171', 'TRD_GRP_172', 'TRD_GRP_173', 'TRD_GRP_174', 'TRD_GRP_175', 'TRD_GRP_176', 'TRD_GRP_177', 'TRD_GRP_178', 'TRD_GRP_179', 'TRD_GRP_180', 'TRD_GRP_181', 'TRD_GRP_182', 'TRD_GRP_183', 'TRD_GRP_184', 'TRD_GRP_185', 'TRD_GRP_186', 'TRD_GRP_187', 'TRD_GRP_188', 'TRD_GRP_189', 'TRD_GRP_190', 'TRD_GRP_191', 'TRD_GRP_192', 'TRD_GRP_193', 'TRD_GRP_194', 'TRD_GRP_195', 'TRD_GRP_196', 'TRD_GRP_197', 'TRD_GRP_198', 'TRD_GRP_199', 'TRD_GRP_200', 'TRD_GRP_201', 'TRD_GRP_202', 'TRD_GRP_203', 'TRD_GRP_204', 'TRD_GRP_205', 'TRD_GRP_206', 'TRD_GRP_207', 'TRD_GRP_208', 'TRD_GRP_209', 'TRD_GRP_210', 'TRD_GRP_211', 'TRD_GRP_212', 'TRD_GRP_213', 'TRD_GRP_214', 'TRD_GRP_215', 'TRD_GRP_216', 'TRD_GRP_217', 'TRD_GRP_218', 'TRD_GRP_219', 'TRD_GRP_220', 'TRD_GRP_221', 'TRD_GRP_222', 'TRD_GRP_223', 'TRD_GRP_224', 'TRD_GRP_225', 'TRD_GRP_226', 'TRD_GRP_227', 'TRD_GRP_228', 'TRD_GRP_229', 'TRD_GRP_230', 'TRD_GRP_231', 'TRD_GRP_232', 'TRD_GRP_233', 'TRD_GRP_234', 'TRD_GRP_235']], 'defaultSelfTradePreventionMode': 'EXPIRE_MAKER', 'allowedSelfTradePreventionModes': ['EXPIRE_TAKER', 'EXPIRE_MAKER', 'EXPIRE_BOTH']}
2025-01-18 01:13:12,366 - WARNING - \u26a0\ufe0f Filtro MIN_NOTIONAL não encontrado para BTCUSDT.
2025-01-18 01:13:13,142 - WARNING - \u26a0\ufe0f Não foi possível determinar o valor mínimo de compra para BTCUSDT.
2025-01-18 01:13:13,932 - INFO - \U0001f50d Informações da Binance para ETHUSDT: {'symbol': 'ETHUSDT', 'status': 'TRADING', 'baseAsset': 'ETH', 'baseAssetPrecision': 8, 'quoteAsset': 'USDT', 'quotePrecision': 8, 'quoteAssetPrecision': 8, 'baseCommissionPrecision': 8, 'quoteCommissionPrecision': 8, 'orderTypes': ['LIMIT', 'LIMIT_MAKER', 'MARKET', 'STOP_LOSS', 'STOP_LOSS_LIMIT', 'TAKE_PROFIT', 'TAKE_PROFIT_LIMIT'], 'icebergAllowed': True, 'ocoAllowed': True, 'otoAllowed': True, 'quoteOrderQtyMarketAllowed': True, 'allowTrailingStop': True, 'cancelReplaceAllowed': True, 'isSpotTradingAllowed': True, 'isMarginTradingAllowed': True, 'filters': [{'filterType': 'PRICE_FILTER', 'minPrice': '0.01000000', 'maxPrice': '1000000.00000000', 'tickSize': '0.01000000'}, {'filterType': 'LOT_SIZE', 'minQty': '0.00010000', 'maxQty': '9000.00000000', 'stepSize': '0.00010000'}, {'filterType': 'ICEBERG_PARTS', 'limit': 10}, {'filterType': 'MARKET_LOT_SIZE', 'minQty': '0.00000000', 'maxQty': '2418.75700375', 'stepSize': '0.00000000'}, {'filterType': 'TRAILING_DELTA', 'minTrailingAboveDelta': 10, 'maxTrailingAboveDelta': 2000, 'minTrailingBelowDelta': 10, 'maxTrailingBelowDelta': 2000}, {'filterType': 'PERCENT_PRICE_BY_SIDE', 'bidMultiplierUp': '5', 'bidMultiplierDown': '0.2', 'askMultiplierUp': '5', 'askMultiplierDown': '0.2', 'avgPriceMins': 5}, {'filterType': 'NOTIONAL', 'minNotional': '5.00000000', 'applyMinToMarket': True, 'maxNotional': '9000000.00000000', 'applyMaxToMarket': False, 'avgPriceMins': 5}, {'filterType': 'MAX_NUM_ORDERS', 'maxNumOrders': 200}, {'filterType': 'MAX_NUM_ALGO_ORDERS', 'maxNumAlgoOrders': 5}], 'permissions': [], 'permissionSets': [['SPOT', 'MARGIN', 'TRD_GRP_004', 'TRD_GRP_005', 'TRD_GRP_006', 'TRD_GRP_009', 'TRD_GRP_010', 'TRD_GRP_011', 'TRD_GRP_012', 'TRD_GRP_013', 'TRD_GRP_014', 'TRD_GRP_015', 'TRD_GRP_016', 'TRD_GRP_017', 'TRD_GRP_018', 'TRD_GRP_019', 'TRD_GRP_020', 'TRD_GRP_021', 'TRD_GRP_022', 'TRD_GRP_023', 'TRD_GRP_024', 'TRD_GRP_025', 'TRD_GRP_026', 'TRD_GRP_027', 'TRD_GRP_028', 'TRD_GRP_029', 'TRD_GRP_030', 'TRD_GRP_031', 'TRD_GRP_032', 'TRD_GRP_033', 'TRD_GRP_034', 'TRD_GRP_035', 'TRD_GRP_036', 'TRD_GRP_037', 'TRD_GRP_038', 'TRD_GRP_039', 'TRD_GRP_040', 'TRD_GRP_041', 'TRD_GRP_042', 'TRD_GRP_043', 'TRD_GRP_044', 'TRD_GRP_045', 'TRD_GRP_046', 'TRD_GRP_047', 'TRD_GRP_048', 'TRD_GRP_049', 'TRD_GRP_050', 'TRD_GRP_051', 'TRD_GRP_052', 'TRD_GRP_053', 'TRD_GRP_054', 'TRD_GRP_055', 'TRD_GRP_056', 'TRD_GRP_057', 'TRD_GRP_058', 'TRD_GRP_059', 'TRD_GRP_060', 'TRD_GRP_061', 'TRD_GRP_062', 'TRD_GRP_063', 'TRD_GRP_064', 'TRD_GRP_065', 'TRD_GRP_066', 'TRD_GRP_067', 'TRD_GRP_068', 'TRD_GRP_069', 'TRD_GRP_070', 'TRD_GRP_071', 'TRD_GRP_072', 'TRD_GRP_073', 'TRD_GRP_074', 'TRD_GRP_075', 'TRD_GRP_076', 'TRD_GRP_077', 'TRD_GRP_078', 'TRD_GRP_079', 'TRD_GRP_080', 'TRD_GRP_081', 'TRD_GRP_082', 'TRD_GRP_083', 'TRD_GRP_084', 'TRD_GRP_085', 'TRD_GRP_086', 'TRD_GRP_087', 'TRD_GRP_088', 'TRD_GRP_089', 'TRD_GRP_090', 'TRD_GRP_091', 'TRD_GRP_092', 'TRD_GRP_093', 'TRD_GRP_094', 'TRD_GRP_095', 'TRD_GRP_096', 'TRD_GRP_097', 'TRD_GRP_098', 'TRD_GRP_099', 'TRD_GRP_100', 'TRD_GRP_101', 'TRD_GRP_102', 'TRD_GRP_103', 'TRD_GRP_104', 'TRD_GRP_105', 'TRD_GRP_106', 'TRD_GRP_107', 'TRD_GRP_108', 'TRD_GRP_109', 'TRD_GRP_110', 'TRD_GRP_111', 'TRD_GRP_112', 'TRD_GRP_113', 'TRD_GRP_114', 'TRD_GRP_115', 'TRD_GRP_116', 'TRD_GRP_117', 'TRD_GRP_118', 'TRD_GRP_119', 'TRD_GRP_120', 'TRD_GRP_121', 'TRD_GRP_122', 'TRD_GRP_123', 'TRD_GRP_124', 'TRD_GRP_125', 'TRD_GRP_126', 'TRD_GRP_127', 'TRD_GRP_128', 'TRD_GRP_129', 'TRD_GRP_130', 'TRD_GRP_131', 'TRD_GRP_132', 'TRD_GRP_133', 'TRD_GRP_134', 'TRD_GRP_135', 'TRD_GRP_136', 'TRD_GRP_137', 'TRD_GRP_138', 'TRD_GRP_139', 'TRD_GRP_140', 'TRD_GRP_141', 'TRD_GRP_142', 'TRD_GRP_143', 'TRD_GRP_144', 'TRD_GRP_145', 'TRD_GRP_146', 'TRD_GRP_147', 'TRD_GRP_148', 'TRD_GRP_149', 'TRD_GRP_150', 'TRD_GRP_151', 'TRD_GRP_152', 'TRD_GRP_153', 'TRD_GRP_154', 'TRD_GRP_155', 'TRD_GRP_156', 'TRD_GRP_157', 'TRD_GRP_158', 'TRD_GRP_159', 'TRD_GRP_160', 'TRD_GRP_161', 'TRD_GRP_162', 'TRD_GRP_163', 'TRD_GRP_164', 'TRD_GRP_165', 'TRD_GRP_166', 'TRD_GRP_167', 'TRD_GRP_168', 'TRD_GRP_169', 'TRD_GRP_170', 'TRD_GRP_171', 'TRD_GRP_172', 'TRD_GRP_173', 'TRD_GRP_174', 'TRD_GRP_175', 'TRD_GRP_176', 'TRD_GRP_177', 'TRD_GRP_178', 'TRD_GRP_179', 'TRD_GRP_180', 'TRD_GRP_181', 'TRD_GRP_182', 'TRD_GRP_183', 'TRD_GRP_184', 'TRD_GRP_185', 'TRD_GRP_186', 'TRD_GRP_187', 'TRD_GRP_188', 'TRD_GRP_189', 'TRD_GRP_190', 'TRD_GRP_191', 'TRD_GRP_192', 'TRD_GRP_193', 'TRD_GRP_194', 'TRD_GRP_195', 'TRD_GRP_196', 'TRD_GRP_197', 'TRD_GRP_198', 'TRD_GRP_199', 'TRD_GRP_200', 'TRD_GRP_201', 'TRD_GRP_202', 'TRD_GRP_203', 'TRD_GRP_204', 'TRD_GRP_205', 'TRD_GRP_206', 'TRD_GRP_207', 'TRD_GRP_208', 'TRD_GRP_209', 'TRD_GRP_210', 'TRD_GRP_211', 'TRD_GRP_212', 'TRD_GRP_213', 'TRD_GRP_214', 'TRD_GRP_215', 'TRD_GRP_216', 'TRD_GRP_217', 'TRD_GRP_218', 'TRD_GRP_219', 'TRD_GRP_220', 'TRD_GRP_221', 'TRD_GRP_222', 'TRD_GRP_223', 'TRD_GRP_224', 'TRD_GRP_225', 'TRD_GRP_226', 'TRD_GRP_227', 'TRD_GRP_228', 'TRD_GRP_229', 'TRD_GRP_230', 'TRD_GRP_231', 'TRD_GRP_232', 'TRD_GRP_233', 'TRD_GRP_234', 'TRD_GRP_235']], 'defaultSelfTradePreventionMode': 'EXPIRE_MAKER', 'allowedSelfTradePreventionModes': ['EXPIRE_TAKER', 'EXPIRE_MAKER', 'EXPIRE_BOTH']}
2025-01-18 01:13:13,932 - WARNING - \u26a0\ufe0f Filtro MIN_NOTIONAL não encontrado para ETHUSDT.
2025-01-18 01:13:14,660 - WARNING - \u26a0\ufe0f Não foi possível determinar o valor mínimo de compra para ETHUSDT.
2025-01-18 01:13:46,055 - INFO - \U0001f50d Informações da Binance para BTCUSDT: {'symbol': 'BTCUSDT', 'status': 'TRADING', 'baseAsset': 'BTC', 'baseAssetPrecision': 8, 'quoteAsset': 'USDT', 'quotePrecision': 8, 'quoteAssetPrecision': 8, 'baseCommissionPrecision': 8, 'quoteCommissionPrecision': 8, 'orderTypes': ['LIMIT', 'LIMIT_MAKER', 'MARKET', 'STOP_LOSS', 'STOP_LOSS_LIMIT', 'TAKE_PROFIT', 'TAKE_PROFIT_LIMIT'], 'icebergAllowed': True, 'ocoAllowed': True, 'otoAllowed': True, 'quoteOrderQtyMarketAllowed': True, 'allowTrailingStop': True, 'cancelReplaceAllowed': True, 'isSpotTradingAllowed': True, 'isMarginTradingAllowed': True, 'filters': [{'filterType': 'PRICE_FILTER', 'minPrice': '0.01000000', 'maxPrice': '1000000.00000000', 'tickSize': '0.01000000'}, {'filterType': 'LOT_SIZE', 'minQty': '0.00001000', 'maxQty': '9000.00000000', 'stepSize': '0.00001000'}, {'filterType': 'ICEBERG_PARTS', 'limit': 10}, {'filterType': 'MARKET_LOT_SIZE', 'minQty': '0.00000000', 'maxQty': '89.67500095', 'stepSize': '0.00000000'}, {'filterType': 'TRAILING_DELTA', 'minTrailingAboveDelta': 10, 'maxTrailingAboveDelta': 2000, 'minTrailingBelowDelta': 10, 'maxTrailingBelowDelta': 2000}, {'filterType': 'PERCENT_PRICE_BY_SIDE', 'bidMultiplierUp': '5', 'bidMultiplierDown': '0.2', 'askMultiplierUp': '5', 'askMultiplierDown': '0.2', 'avgPriceMins': 5}, {'filterType': 'NOTIONAL', 'minNotional': '5.00000000', 'applyMinToMarket': True, 'maxNotional': '9000000.00000000', 'applyMaxToMarket': False, 'avgPriceMins': 5}, {'filterType': 'MAX_NUM_ORDERS', 'maxNumOrders': 200}, {'filterType': 'MAX_NUM_ALGO_ORDERS', 'maxNumAlgoOrders': 5}], 'permissions': [], 'permissionSets': [['SPOT', 'MARGIN', 'TRD_GRP_004', 'TRD_GRP_005', 'TRD_GRP_006', 'TRD_GRP_009', 'TRD_GRP_010', 'TRD_GRP_011', 'TRD_GRP_012', 'TRD_GRP_013', 'TRD_GRP_014', 'TRD_GRP_015', 'TRD_GRP_016', 'TRD_GRP_017', 'TRD_GRP_018', 'TRD_GRP_019', 'TRD_GRP_020', 'TRD_GRP_021', 'TRD_GRP_022', 'TRD_GRP_023', 'TRD_GRP_024', 'TRD_GRP_025', 'TRD_GRP_026', 'TRD_GRP_027', 'TRD_GRP_028', 'TRD_GRP_029', 'TRD_GRP_030', 'TRD_GRP_031', 'TRD_GRP_032', 'TRD_GRP_033', 'TRD_GRP_034', 'TRD_GRP_035', 'TRD_GRP_036', 'TRD_GRP_037', 'TRD_GRP_038', 'TRD_GRP_039', 'TRD_GRP_040', 'TRD_GRP_041', 'TRD_GRP_042', 'TRD_GRP_043', 'TRD_GRP_044', 'TRD_GRP_045', 'TRD_GRP_046', 'TRD_GRP_047', 'TRD_GRP_048', 'TRD_GRP_049', 'TRD_GRP_050', 'TRD_GRP_051', 'TRD_GRP_052', 'TRD_GRP_053', 'TRD_GRP_054', 'TRD_GRP_055', 'TRD_GRP_056', 'TRD_GRP_057', 'TRD_GRP_058', 'TRD_GRP_059', 'TRD_GRP_060', 'TRD_GRP_061', 'TRD_GRP_062', 'TRD_GRP_063', 'TRD_GRP_064', 'TRD_GRP_065', 'TRD_GRP_066', 'TRD_GRP_067', 'TRD_GRP_068', 'TRD_GRP_069', 'TRD_GRP_070', 'TRD_GRP_071', 'TRD_GRP_072', 'TRD_GRP_073', 'TRD_GRP_074', 'TRD_GRP_075', 'TRD_GRP_076', 'TRD_GRP_077', 'TRD_GRP_078', 'TRD_GRP_079', 'TRD_GRP_080', 'TRD_GRP_081', 'TRD_GRP_082', 'TRD_GRP_083', 'TRD_GRP_084', 'TRD_GRP_085', 'TRD_GRP_086', 'TRD_GRP_087', 'TRD_GRP_088', 'TRD_GRP_089', 'TRD_GRP_090', 'TRD_GRP_091', 'TRD_GRP_092', 'TRD_GRP_093', 'TRD_GRP_094', 'TRD_GRP_095', 'TRD_GRP_096', 'TRD_GRP_097', 'TRD_GRP_098', 'TRD_GRP_099', 'TRD_GRP_100', 'TRD_GRP_101', 'TRD_GRP_102', 'TRD_GRP_103', 'TRD_GRP_104', 'TRD_GRP_105', 'TRD_GRP_106', 'TRD_GRP_107', 'TRD_GRP_108', 'TRD_GRP_109', 'TRD_GRP_110', 'TRD_GRP_111', 'TRD_GRP_112', 'TRD_GRP_113', 'TRD_GRP_114', 'TRD_GRP_115', 'TRD_GRP_116', 'TRD_GRP_117', 'TRD_GRP_118', 'TRD_GRP_119', 'TRD_GRP_120', 'TRD_GRP_121', 'TRD_GRP_122', 'TRD_GRP_123', 'TRD_GRP_124', 'TRD_GRP_125', 'TRD_GRP_126', 'TRD_GRP_127', 'TRD_GRP_128', 'TRD_GRP_129', 'TRD_GRP_130', 'TRD_GRP_131', 'TRD_GRP_132', 'TRD_GRP_133', 'TRD_GRP_134', 'TRD_GRP_135', 'TRD_GRP_136', 'TRD_GRP_137', 'TRD_GRP_138', 'TRD_GRP_139', 'TRD_GRP_140', 'TRD_GRP_141', 'TRD_GRP_142', 'TRD_GRP_143', 'TRD_GRP_144', 'TRD_GRP_145', 'TRD_GRP_146', 'TRD_GRP_147', 'TRD_GRP_148', 'TRD_GRP_149', 'TRD_GRP_150', 'TRD_GRP_151', 'TRD_GRP_152', 'TRD_GRP_153', 'TRD_GRP_154', 'TRD_GRP_155', 'TRD_GRP_156', 'TRD_GRP_157', 'TRD_GRP_158', 'TRD_GRP_159', 'TRD_GRP_160', 'TRD_GRP_161', 'TRD_GRP_162', 'TRD_GRP_163', 'TRD_GRP_164', 'TRD_GRP_165', 'TRD_GRP_166', 'TRD_GRP_167', 'TRD_GRP_168', 'TRD_GRP_169', 'TRD_GRP_170', 'TRD_GRP_171', 'TRD_GRP_172', 'TRD_GRP_173', 'TRD_GRP_174', 'TRD_GRP_175', 'TRD_GRP_176', 'TRD_GRP_177', 'TRD_GRP_178', 'TRD_GRP_179', 'TRD_GRP_180', 'TRD_GRP_181', 'TRD_GRP_182', 'TRD_GRP_183', 'TRD_GRP_184', 'TRD_GRP_185', 'TRD_GRP_186', 'TRD_GRP_187', 'TRD_GRP_188', 'TRD_GRP_189', 'TRD_GRP_190', 'TRD_GRP_191', 'TRD_GRP_192', 'TRD_GRP_193', 'TRD_GRP_194', 'TRD_GRP_195', 'TRD_GRP_196', 'TRD_GRP_197', 'TRD_GRP_198', 'TRD_GRP_199', 'TRD_GRP_200', 'TRD_GRP_201', 'TRD_GRP_202', 'TRD_GRP_203', 'TRD_GRP_204', 'TRD_GRP_205', 'TRD_GRP_206', 'TRD_GRP_207', 'TRD_GRP_208', 'TRD_GRP_209', 'TRD_GRP_210', 'TRD_GRP_211', 'TRD_GRP_212', 'TRD_GRP_213', 'TRD_GRP_214', 'TRD_GRP_215', 'TRD_GRP_216', 'TRD_GRP_217', 'TRD_GRP_218', 'TRD_GRP_219', 'TRD_GRP_220', 'TRD_GRP_221', 'TRD_GRP_222', 'TRD_GRP_223', 'TRD_GRP_224', 'TRD_GRP_225', 'TRD_GRP_226', 'TRD_GRP_227', 'TRD_GRP_228', 'TRD_GRP_229', 'TRD_GRP_230', 'TRD_GRP_231', 'TRD_GRP_232', 'TRD_GRP_233', 'TRD_GRP_234', 'TRD_GRP_235']], 'defaultSelfTradePreventionMode': 'EXPIRE_MAKER', 'allowedSelfTradePreventionModes': ['EXPIRE_TAKER', 'EXPIRE_MAKER', 'EXPIRE_BOTH']}
2025-01-18 01:13:46,056 - WARNING - \u26a0\ufe0f Filtro MIN_NOTIONAL não encontrado para BTCUSDT.
2025-01-18 01:13:47,036 - WARNING - \u26a0\ufe0f Não foi possível determinar o valor mínimo de compra para BTCUSDT.
2025-01-18 01:13:47,821 - INFO - \U0001f50d Informações da Binance para ETHUSDT: {'symbol': 'ETHUSDT', 'status': 'TRADING', 'baseAsset': 'ETH', 'baseAssetPrecision': 8, 'quoteAsset': 'USDT', 'quotePrecision': 8, 'quoteAssetPrecision': 8, 'baseCommissionPrecision': 8, 'quoteCommissionPrecision': 8, 'orderTypes': ['LIMIT', 'LIMIT_MAKER', 'MARKET', 'STOP_LOSS', 'STOP_LOSS_LIMIT', 'TAKE_PROFIT', 'TAKE_PROFIT_LIMIT'], 'icebergAllowed': True, 'ocoAllowed': True, 'otoAllowed': True, 'quoteOrderQtyMarketAllowed': True, 'allowTrailingStop': True, 'cancelReplaceAllowed': True, 'isSpotTradingAllowed': True, 'isMarginTradingAllowed': True, 'filters': [{'filterType': 'PRICE_FILTER', 'minPrice': '0.01000000', 'maxPrice': '1000000.00000000', 'tickSize': '0.01000000'}, {'filterType': 'LOT_SIZE', 'minQty': '0.00010000', 'maxQty': '9000.00000000', 'stepSize': '0.00010000'}, {'filterType': 'ICEBERG_PARTS', 'limit': 10}, {'filterType': 'MARKET_LOT_SIZE', 'minQty': '0.00000000', 'maxQty': '2418.75700375', 'stepSize': '0.00000000'}, {'filterType': 'TRAILING_DELTA', 'minTrailingAboveDelta': 10, 'maxTrailingAboveDelta': 2000, 'minTrailingBelowDelta': 10, 'maxTrailingBelowDelta': 2000}, {'filterType': 'PERCENT_PRICE_BY_SIDE', 'bidMultiplierUp': '5', 'bidMultiplierDown': '0.2', 'askMultiplierUp': '5', 'askMultiplierDown': '0.2', 'avgPriceMins': 5}, {'filterType': 'NOTIONAL', 'minNotional': '5.00000000', 'applyMinToMarket': True, 'maxNotional': '9000000.00000000', 'applyMaxToMarket': False, 'avgPriceMins': 5}, {'filterType': 'MAX_NUM_ORDERS', 'maxNumOrders': 200}, {'filterType': 'MAX_NUM_ALGO_ORDERS', 'maxNumAlgoOrders': 5}], 'permissions': [], 'permissionSets': [['SPOT', 'MARGIN', 'TRD_GRP_004', 'TRD_GRP_005', 'TRD_GRP_006', 'TRD_GRP_009', 'TRD_GRP_010', 'TRD_GRP_011', 'TRD_GRP_012', 'TRD_GRP_013', 'TRD_GRP_014', 'TRD_GRP_015', 'TRD_GRP_016', 'TRD_GRP_017', 'TRD_GRP_018', 'TRD_GRP_019', 'TRD_GRP_020', 'TRD_GRP_021', 'TRD_GRP_022', 'TRD_GRP_023', 'TRD_GRP_024', 'TRD_GRP_025', 'TRD_GRP_026', 'TRD_GRP_027', 'TRD_GRP_028', 'TRD_GRP_029', 'TRD_GRP_030', 'TRD_GRP_031', 'TRD_GRP_032', 'TRD_GRP_033', 'TRD_GRP_034', 'TRD_GRP_035', 'TRD_GRP_036', 'TRD_GRP_037', 'TRD_GRP_038', 'TRD_GRP_039', 'TRD_GRP_040', 'TRD_GRP_041', 'TRD_GRP_042', 'TRD_GRP_043', 'TRD_GRP_044', 'TRD_GRP_045', 'TRD_GRP_046', 'TRD_GRP_047', 'TRD_GRP_048', 'TRD_GRP_049', 'TRD_GRP_050', 'TRD_GRP_051', 'TRD_GRP_052', 'TRD_GRP_053', 'TRD_GRP_054', 'TRD_GRP_055', 'TRD_GRP_056', 'TRD_GRP_057', 'TRD_GRP_058', 'TRD_GRP_059', 'TRD_GRP_060', 'TRD_GRP_061', 'TRD_GRP_062', 'TRD_GRP_063', 'TRD_GRP_064', 'TRD_GRP_065', 'TRD_GRP_066', 'TRD_GRP_067', 'TRD_GRP_068', 'TRD_GRP_069', 'TRD_GRP_070', 'TRD_GRP_071', 'TRD_GRP_072', 'TRD_GRP_073', 'TRD_GRP_074', 'TRD_GRP_075', 'TRD_GRP_076', 'TRD_GRP_077', 'TRD_GRP_078', 'TRD_GRP_079', 'TRD_GRP_080', 'TRD_GRP_081', 'TRD_GRP_082', 'TRD_GRP_083', 'TRD_GRP_084', 'TRD_GRP_085', 'TRD_GRP_086', 'TRD_GRP_087', 'TRD_GRP_088', 'TRD_GRP_089', 'TRD_GRP_090', 'TRD_GRP_091', 'TRD_GRP_092', 'TRD_GRP_093', 'TRD_GRP_094', 'TRD_GRP_095', 'TRD_GRP_096', 'TRD_GRP_097', 'TRD_GRP_098', 'TRD_GRP_099', 'TRD_GRP_100', 'TRD_GRP_101', 'TRD_GRP_102', 'TRD_GRP_103', 'TRD_GRP_104', 'TRD_GRP_105', 'TRD_GRP_106', 'TRD_GRP_107', 'TRD_GRP_108', 'TRD_GRP_109', 'TRD_GRP_110', 'TRD_GRP_111', 'TRD_GRP_112', 'TRD_GRP_113', 'TRD_GRP_114', 'TRD_GRP_115', 'TRD_GRP_116', 'TRD_GRP_117', 'TRD_GRP_118', 'TRD_GRP_119', 'TRD_GRP_120', 'TRD_GRP_121', 'TRD_GRP_122', 'TRD_GRP_123', 'TRD_GRP_124', 'TRD_GRP_125', 'TRD_GRP_126', 'TRD_GRP_127', 'TRD_GRP_128', 'TRD_GRP_129', 'TRD_GRP_130', 'TRD_GRP_131', 'TRD_GRP_132', 'TRD_GRP_133', 'TRD_GRP_134', 'TRD_GRP_135', 'TRD_GRP_136', 'TRD_GRP_137', 'TRD_GRP_138', 'TRD_GRP_139', 'TRD_GRP_140', 'TRD_GRP_141', 'TRD_GRP_142', 'TRD_GRP_143', 'TRD_GRP_144', 'TRD_GRP_145', 'TRD_GRP_146', 'TRD_GRP_147', 'TRD_GRP_148', 'TRD_GRP_149', 'TRD_GRP_150', 'TRD_GRP_151', 'TRD_GRP_152', 'TRD_GRP_153', 'TRD_GRP_154', 'TRD_GRP_155', 'TRD_GRP_156', 'TRD_GRP_157', 'TRD_GRP_158', 'TRD_GRP_159', 'TRD_GRP_160', 'TRD_GRP_161', 'TRD_GRP_162', 'TRD_GRP_163', 'TRD_GRP_164', 'TRD_GRP_165', 'TRD_GRP_166', 'TRD_GRP_167', 'TRD_GRP_168', 'TRD_GRP_169', 'TRD_GRP_170', 'TRD_GRP_171', 'TRD_GRP_172', 'TRD_GRP_173', 'TRD_GRP_174', 'TRD_GRP_175', 'TRD_GRP_176', 'TRD_GRP_177', 'TRD_GRP_178', 'TRD_GRP_179', 'TRD_GRP_180', 'TRD_GRP_181', 'TRD_GRP_182', 'TRD_GRP_183', 'TRD_GRP_184', 'TRD_GRP_185', 'TRD_GRP_186', 'TRD_GRP_187', 'TRD_GRP_188', 'TRD_GRP_189', 'TRD_GRP_190', 'TRD_GRP_191', 'TRD_GRP_192', 'TRD_GRP_193', 'TRD_GRP_194', 'TRD_GRP_195', 'TRD_GRP_196', 'TRD_GRP_197', 'TRD_GRP_198', 'TRD_GRP_199', 'TRD_GRP_200', 'TRD_GRP_201', 'TRD_GRP_202', 'TRD_GRP_203', 'TRD_GRP_204', 'TRD_GRP_205', 'TRD_GRP_206', 'TRD_GRP_207', 'TRD_GRP_208', 'TRD_GRP_209', 'TRD_GRP_210', 'TRD_GRP_211', 'TRD_GRP_212', 'TRD_GRP_213', 'TRD_GRP_214', 'TRD_GRP_215', 'TRD_GRP_216', 'TRD_GRP_217', 'TRD_GRP_218', 'TRD_GRP_219', 'TRD_GRP_220', 'TRD_GRP_221', 'TRD_GRP_222', 'TRD_GRP_223', 'TRD_GRP_224', 'TRD_GRP_225', 'TRD_GRP_226', 'TRD_GRP_227', 'TRD_GRP_228', 'TRD_GRP_229', 'TRD_GRP_230', 'TRD_GRP_231', 'TRD_GRP_232', 'TRD_GRP_233', 'TRD_GRP_234', 'TRD_GRP_235']], 'defaultSelfTradePreventionMode': 'EXPIRE_MAKER', 'allowedSelfTradePreventionModes': ['EXPIRE_TAKER', 'EXPIRE_MAKER', 'EXPIRE_BOTH']}
2025-01-18 01:13:47,821 - WARNING - \u26a0\ufe0f Filtro MIN_NOTIONAL não encontrado para ETHUSDT.
2025-01-18 01:13:48,578 - WARNING - \u26a0\ufe0f Não foi possível determinar o valor mínimo de compra para ETHUSDT.
2025-01-18 01:14:20,470 - INFO - \U0001f50d Informações da Binance para BTCUSDT: {'symbol': 'BTCUSDT', 'status': 'TRADING', 'baseAsset': 'BTC', 'baseAssetPrecision': 8, 'quoteAsset': 'USDT', 'quotePrecision': 8, 'quoteAssetPrecision': 8, 'baseCommissionPrecision': 8, 'quoteCommissionPrecision': 8, 'orderTypes': ['LIMIT', 'LIMIT_MAKER', 'MARKET', 'STOP_LOSS', 'STOP_LOSS_LIMIT', 'TAKE_PROFIT', 'TAKE_PROFIT_LIMIT'], 'icebergAllowed': True, 'ocoAllowed': True, 'otoAllowed': True, 'quoteOrderQtyMarketAllowed': True, 'allowTrailingStop': True, 'cancelReplaceAllowed': True, 'isSpotTradingAllowed': True, 'isMarginTradingAllowed': True, 'filters': [{'filterType': 'PRICE_FILTER', 'minPrice': '0.01000000', 'maxPrice': '1000000.00000000', 'tickSize': '0.01000000'}, {'filterType': 'LOT_SIZE', 'minQty': '0.00001000', 'maxQty': '9000.00000000', 'stepSize': '0.00001000'}, {'filterType': 'ICEBERG_PARTS', 'limit': 10}, {'filterType': 'MARKET_LOT_SIZE', 'minQty': '0.00000000', 'maxQty': '89.67500095', 'stepSize': '0.00000000'}, {'filterType': 'TRAILING_DELTA', 'minTrailingAboveDelta': 10, 'maxTrailingAboveDelta': 2000, 'minTrailingBelowDelta': 10, 'maxTrailingBelowDelta': 2000}, {'filterType': 'PERCENT_PRICE_BY_SIDE', 'bidMultiplierUp': '5', 'bidMultiplierDown': '0.2', 'askMultiplierUp': '5', 'askMultiplierDown': '0.2', 'avgPriceMins': 5}, {'filterType': 'NOTIONAL', 'minNotional': '5.00000000', 'applyMinToMarket': True, 'maxNotional': '9000000.00000000', 'applyMaxToMarket': False, 'avgPriceMins': 5}, {'filterType': 'MAX_NUM_ORDERS', 'maxNumOrders': 200}, {'filterType': 'MAX_NUM_ALGO_ORDERS', 'maxNumAlgoOrders': 5}], 'permissions': [], 'permissionSets': [['SPOT', 'MARGIN', 'TRD_GRP_004', 'TRD_GRP_005', 'TRD_GRP_006', 'TRD_GRP_009', 'TRD_GRP_010', 'TRD_GRP_011', 'TRD_GRP_012', 'TRD_GRP_013', 'TRD_GRP_014', 'TRD_GRP_015', 'TRD_GRP_016', 'TRD_GRP_017', 'TRD_GRP_018', 'TRD_GRP_019', 'TRD_GRP_020', 'TRD_GRP_021', 'TRD_GRP_022', 'TRD_GRP_023', 'TRD_GRP_024', 'TRD_GRP_025', 'TRD_GRP_026', 'TRD_GRP_027', 'TRD_GRP_028', 'TRD_GRP_029', 'TRD_GRP_030', 'TRD_GRP_031', 'TRD_GRP_032', 'TRD_GRP_033', 'TRD_GRP_034', 'TRD_GRP_035', 'TRD_GRP_036', 'TRD_GRP_037', 'TRD_GRP_038', 'TRD_GRP_039', 'TRD_GRP_040', 'TRD_GRP_041', 'TRD_GRP_042', 'TRD_GRP_043', 'TRD_GRP_044', 'TRD_GRP_045', 'TRD_GRP_046', 'TRD_GRP_047', 'TRD_GRP_048', 'TRD_GRP_049', 'TRD_GRP_050', 'TRD_GRP_051', 'TRD_GRP_052', 'TRD_GRP_053', 'TRD_GRP_054', 'TRD_GRP_055', 'TRD_GRP_056', 'TRD_GRP_057', 'TRD_GRP_058', 'TRD_GRP_059', 'TRD_GRP_060', 'TRD_GRP_061', 'TRD_GRP_062', 'TRD_GRP_063', 'TRD_GRP_064', 'TRD_GRP_065', 'TRD_GRP_066', 'TRD_GRP_067', 'TRD_GRP_068', 'TRD_GRP_069', 'TRD_GRP_070', 'TRD_GRP_071', 'TRD_GRP_072', 'TRD_GRP_073', 'TRD_GRP_074', 'TRD_GRP_075', 'TRD_GRP_076', 'TRD_GRP_077', 'TRD_GRP_078', 'TRD_GRP_079', 'TRD_GRP_080', 'TRD_GRP_081', 'TRD_GRP_082', 'TRD_GRP_083', 'TRD_GRP_084', 'TRD_GRP_085', 'TRD_GRP_086', 'TRD_GRP_087', 'TRD_GRP_088', 'TRD_GRP_089', 'TRD_GRP_090', 'TRD_GRP_091', 'TRD_GRP_092', 'TRD_GRP_093', 'TRD_GRP_094', 'TRD_GRP_095', 'TRD_GRP_096', 'TRD_GRP_097', 'TRD_GRP_098', 'TRD_GRP_099', 'TRD_GRP_100', 'TRD_GRP_101', 'TRD_GRP_102', 'TRD_GRP_103', 'TRD_GRP_104', 'TRD_GRP_105', 'TRD_GRP_106', 'TRD_GRP_107', 'TRD_GRP_108', 'TRD_GRP_109', 'TRD_GRP_110', 'TRD_GRP_111', 'TRD_GRP_112', 'TRD_GRP_113', 'TRD_GRP_114', 'TRD_GRP_115', 'TRD_GRP_116', 'TRD_GRP_117', 'TRD_GRP_118', 'TRD_GRP_119', 'TRD_GRP_120', 'TRD_GRP_121', 'TRD_GRP_122', 'TRD_GRP_123', 'TRD_GRP_124', 'TRD_GRP_125', 'TRD_GRP_126', 'TRD_GRP_127', 'TRD_GRP_128', 'TRD_GRP_129', 'TRD_GRP_130', 'TRD_GRP_131', 'TRD_GRP_132', 'TRD_GRP_133', 'TRD_GRP_134', 'TRD_GRP_135', 'TRD_GRP_136', 'TRD_GRP_137', 'TRD_GRP_138', 'TRD_GRP_139', 'TRD_GRP_140', 'TRD_GRP_141', 'TRD_GRP_142', 'TRD_GRP_143', 'TRD_GRP_144', 'TRD_GRP_145', 'TRD_GRP_146', 'TRD_GRP_147', 'TRD_GRP_148', 'TRD_GRP_149', 'TRD_GRP_150', 'TRD_GRP_151', 'TRD_GRP_152', 'TRD_GRP_153', 'TRD_GRP_154', 'TRD_GRP_155', 'TRD_GRP_156', 'TRD_GRP_157', 'TRD_GRP_158', 'TRD_GRP_159', 'TRD_GRP_160', 'TRD_GRP_161', 'TRD_GRP_162', 'TRD_GRP_163', 'TRD_GRP_164', 'TRD_GRP_165', 'TRD_GRP_166', 'TRD_GRP_167', 'TRD_GRP_168', 'TRD_GRP_169', 'TRD_GRP_170', 'TRD_GRP_171', 'TRD_GRP_172', 'TRD_GRP_173', 'TRD_GRP_174', 'TRD_GRP_175', 'TRD_GRP_176', 'TRD_GRP_177', 'TRD_GRP_178', 'TRD_GRP_179', 'TRD_GRP_180', 'TRD_GRP_181', 'TRD_GRP_182', 'TRD_GRP_183', 'TRD_GRP_184', 'TRD_GRP_185', 'TRD_GRP_186', 'TRD_GRP_187', 'TRD_GRP_188', 'TRD_GRP_189', 'TRD_GRP_190', 'TRD_GRP_191', 'TRD_GRP_192', 'TRD_GRP_193', 'TRD_GRP_194', 'TRD_GRP_195', 'TRD_GRP_196', 'TRD_GRP_197', 'TRD_GRP_198', 'TRD_GRP_199', 'TRD_GRP_200', 'TRD_GRP_201', 'TRD_GRP_202', 'TRD_GRP_203', 'TRD_GRP_204', 'TRD_GRP_205', 'TRD_GRP_206', 'TRD_GRP_207', 'TRD_GRP_208', 'TRD_GRP_209', 'TRD_GRP_210', 'TRD_GRP_211', 'TRD_GRP_212', 'TRD_GRP_213', 'TRD_GRP_214', 'TRD_GRP_215', 'TRD_GRP_216', 'TRD_GRP_217', 'TRD_GRP_218', 'TRD_GRP_219', 'TRD_GRP_220', 'TRD_GRP_221', 'TRD_GRP_222', 'TRD_GRP_223', 'TRD_GRP_224', 'TRD_GRP_225', 'TRD_GRP_226', 'TRD_GRP_227', 'TRD_GRP_228', 'TRD_GRP_229', 'TRD_GRP_230', 'TRD_GRP_231', 'TRD_GRP_232', 'TRD_GRP_233', 'TRD_GRP_234', 'TRD_GRP_235']], 'defaultSelfTradePreventionMode': 'EXPIRE_MAKER', 'allowedSelfTradePreventionModes': ['EXPIRE_TAKER', 'EXPIRE_MAKER', 'EXPIRE_BOTH']}
2025-01-18 01:14:20,470 - WARNING - \u26a0\ufe0f Filtro MIN_NOTIONAL não encontrado para BTCUSDT.
2025-01-18 01:14:21,221 - WARNING - \u26a0\ufe0f Não foi possível determinar o valor mínimo de compra para BTCUSDT.
2025-01-18 01:14:22,008 - INFO - \U0001f50d Informações da Binance para ETHUSDT: {'symbol': 'ETHUSDT', 'status': 'TRADING', 'baseAsset': 'ETH', 'baseAssetPrecision': 8, 'quoteAsset': 'USDT', 'quotePrecision': 8, 'quoteAssetPrecision': 8, 'baseCommissionPrecision': 8, 'quoteCommissionPrecision': 8, 'orderTypes': ['LIMIT', 'LIMIT_MAKER', 'MARKET', 'STOP_LOSS', 'STOP_LOSS_LIMIT', 'TAKE_PROFIT', 'TAKE_PROFIT_LIMIT'], 'icebergAllowed': True, 'ocoAllowed': True, 'otoAllowed': True, 'quoteOrderQtyMarketAllowed': True, 'allowTrailingStop': True, 'cancelReplaceAllowed': True, 'isSpotTradingAllowed': True, 'isMarginTradingAllowed': True, 'filters': [{'filterType': 'PRICE_FILTER', 'minPrice': '0.01000000', 'maxPrice': '1000000.00000000', 'tickSize': '0.01000000'}, {'filterType': 'LOT_SIZE', 'minQty': '0.00010000', 'maxQty': '9000.00000000', 'stepSize': '0.00010000'}, {'filterType': 'ICEBERG_PARTS', 'limit': 10}, {'filterType': 'MARKET_LOT_SIZE', 'minQty': '0.00000000', 'maxQty': '2418.75700375', 'stepSize': '0.00000000'}, {'filterType': 'TRAILING_DELTA', 'minTrailingAboveDelta': 10, 'maxTrailingAboveDelta': 2000, 'minTrailingBelowDelta': 10, 'maxTrailingBelowDelta': 2000}, {'filterType': 'PERCENT_PRICE_BY_SIDE', 'bidMultiplierUp': '5', 'bidMultiplierDown': '0.2', 'askMultiplierUp': '5', 'askMultiplierDown': '0.2', 'avgPriceMins': 5}, {'filterType': 'NOTIONAL', 'minNotional': '5.00000000', 'applyMinToMarket': True, 'maxNotional': '9000000.00000000', 'applyMaxToMarket': False, 'avgPriceMins': 5}, {'filterType': 'MAX_NUM_ORDERS', 'maxNumOrders': 200}, {'filterType': 'MAX_NUM_ALGO_ORDERS', 'maxNumAlgoOrders': 5}], 'permissions': [], 'permissionSets': [['SPOT', 'MARGIN', 'TRD_GRP_004', 'TRD_GRP_005', 'TRD_GRP_006', 'TRD_GRP_009', 'TRD_GRP_010', 'TRD_GRP_011', 'TRD_GRP_012', 'TRD_GRP_013', 'TRD_GRP_014', 'TRD_GRP_015', 'TRD_GRP_016', 'TRD_GRP_017', 'TRD_GRP_018', 'TRD_GRP_019', 'TRD_GRP_020', 'TRD_GRP_021', 'TRD_GRP_022', 'TRD_GRP_023', 'TRD_GRP_024', 'TRD_GRP_025', 'TRD_GRP_026', 'TRD_GRP_027', 'TRD_GRP_028', 'TRD_GRP_029', 'TRD_GRP_030', 'TRD_GRP_031', 'TRD_GRP_032', 'TRD_GRP_033', 'TRD_GRP_034', 'TRD_GRP_035', 'TRD_GRP_036', 'TRD_GRP_037', 'TRD_GRP_038', 'TRD_GRP_039', 'TRD_GRP_040', 'TRD_GRP_041', 'TRD_GRP_042', 'TRD_GRP_043', 'TRD_GRP_044', 'TRD_GRP_045', 'TRD_GRP_046', 'TRD_GRP_047', 'TRD_GRP_048', 'TRD_GRP_049', 'TRD_GRP_050', 'TRD_GRP_051', 'TRD_GRP_052', 'TRD_GRP_053', 'TRD_GRP_054', 'TRD_GRP_055', 'TRD_GRP_056', 'TRD_GRP_057', 'TRD_GRP_058', 'TRD_GRP_059', 'TRD_GRP_060', 'TRD_GRP_061', 'TRD_GRP_062', 'TRD_GRP_063', 'TRD_GRP_064', 'TRD_GRP_065', 'TRD_GRP_066', 'TRD_GRP_067', 'TRD_GRP_068', 'TRD_GRP_069', 'TRD_GRP_070', 'TRD_GRP_071', 'TRD_GRP_072', 'TRD_GRP_073', 'TRD_GRP_074', 'TRD_GRP_075', 'TRD_GRP_076', 'TRD_GRP_077', 'TRD_GRP_078', 'TRD_GRP_079', 'TRD_GRP_080', 'TRD_GRP_081', 'TRD_GRP_082', 'TRD_GRP_083', 'TRD_GRP_084', 'TRD_GRP_085', 'TRD_GRP_086', 'TRD_GRP_087', 'TRD_GRP_088', 'TRD_GRP_089', 'TRD_GRP_090', 'TRD_GRP_091', 'TRD_GRP_092', 'TRD_GRP_093', 'TRD_GRP_094', 'TRD_GRP_095', 'TRD_GRP_096', 'TRD_GRP_097', 'TRD_GRP_098', 'TRD_GRP_099', 'TRD_GRP_100', 'TRD_GRP_101', 'TRD_GRP_102', 'TRD_GRP_103', 'TRD_GRP_104', 'TRD_GRP_105', 'TRD_GRP_106', 'TRD_GRP_107', 'TRD_GRP_108', 'TRD_GRP_109', 'TRD_GRP_110', 'TRD_GRP_111', 'TRD_GRP_112', 'TRD_GRP_113', 'TRD_GRP_114', 'TRD_GRP_115', 'TRD_GRP_116', 'TRD_GRP_117', 'TRD_GRP_118', 'TRD_GRP_119', 'TRD_GRP_120', 'TRD_GRP_121', 'TRD_GRP_122', 'TRD_GRP_123', 'TRD_GRP_124', 'TRD_GRP_125', 'TRD_GRP_126', 'TRD_GRP_127', 'TRD_GRP_128', 'TRD_GRP_129', 'TRD_GRP_130', 'TRD_GRP_131', 'TRD_GRP_132', 'TRD_GRP_133', 'TRD_GRP_134', 'TRD_GRP_135', 'TRD_GRP_136', 'TRD_GRP_137', 'TRD_GRP_138', 'TRD_GRP_139', 'TRD_GRP_140', 'TRD_GRP_141', 'TRD_GRP_142', 'TRD_GRP_143', 'TRD_GRP_144', 'TRD_GRP_145', 'TRD_GRP_146', 'TRD_GRP_147', 'TRD_GRP_148', 'TRD_GRP_149', 'TRD_GRP_150', 'TRD_GRP_151', 'TRD_GRP_152', 'TRD_GRP_153', 'TRD_GRP_154', 'TRD_GRP_155', 'TRD_GRP_156', 'TRD_GRP_157', 'TRD_GRP_158', 'TRD_GRP_159', 'TRD_GRP_160', 'TRD_GRP_161', 'TRD_GRP_162', 'TRD_GRP_163', 'TRD_GRP_164', 'TRD_GRP_165', 'TRD_GRP_166', 'TRD_GRP_167', 'TRD_GRP_168', 'TRD_GRP_169', 'TRD_GRP_170', 'TRD_GRP_171', 'TRD_GRP_172', 'TRD_GRP_173', 'TRD_GRP_174', 'TRD_GRP_175', 'TRD_GRP_176', 'TRD_GRP_177', 'TRD_GRP_178', 'TRD_GRP_179', 'TRD_GRP_180', 'TRD_GRP_181', 'TRD_GRP_182', 'TRD_GRP_183', 'TRD_GRP_184', 'TRD_GRP_185', 'TRD_GRP_186', 'TRD_GRP_187', 'TRD_GRP_188', 'TRD_GRP_189', 'TRD_GRP_190', 'TRD_GRP_191', 'TRD_GRP_192', 'TRD_GRP_193', 'TRD_GRP_194', 'TRD_GRP_195', 'TRD_GRP_196', 'TRD_GRP_197', 'TRD_GRP_198', 'TRD_GRP_199', 'TRD_GRP_200', 'TRD_GRP_201', 'TRD_GRP_202', 'TRD_GRP_203', 'TRD_GRP_204', 'TRD_GRP_205', 'TRD_GRP_206', 'TRD_GRP_207', 'TRD_GRP_208', 'TRD_GRP_209', 'TRD_GRP_210', 'TRD_GRP_211', 'TRD_GRP_212', 'TRD_GRP_213', 'TRD_GRP_214', 'TRD_GRP_215', 'TRD_GRP_216', 'TRD_GRP_217', 'TRD_GRP_218', 'TRD_GRP_219', 'TRD_GRP_220', 'TRD_GRP_221', 'TRD_GRP_222', 'TRD_GRP_223', 'TRD_GRP_224', 'TRD_GRP_225', 'TRD_GRP_226', 'TRD_GRP_227', 'TRD_GRP_228', 'TRD_GRP_229', 'TRD_GRP_230', 'TRD_GRP_231', 'TRD_GRP_232', 'TRD_GRP_233', 'TRD_GRP_234', 'TRD_GRP_235']], 'defaultSelfTradePreventionMode': 'EXPIRE_MAKER', 'allowedSelfTradePreventionModes': ['EXPIRE_TAKER', 'EXPIRE_MAKER', 'EXPIRE_BOTH']}
2025-01-18 01:14:22,008 - WARNING - \u26a0\ufe0f Filtro MIN_NOTIONAL não encontrado para ETHUSDT.
2025-01-18 01:14:22,830 - WARNING - \u26a0\ufe0f Não foi possível determinar o valor mínimo de compra para ETHUSDT.
2025-01-18 01:14:54,927 - INFO - \U0001f50d Informações da Binance para BTCUSDT: {'symbol': 'BTCUSDT', 'status': 'TRADING', 'baseAsset': 'BTC', 'baseAssetPrecision': 8, 'quoteAsset': 'USDT', 'quotePrecision': 8, 'quoteAssetPrecision': 8, 'baseCommissionPrecision': 8, 'quoteCommissionPrecision': 8, 'orderTypes': ['LIMIT', 'LIMIT_MAKER', 'MARKET', 'STOP_LOSS', 'STOP_LOSS_LIMIT', 'TAKE_PROFIT', 'TAKE_PROFIT_LIMIT'], 'icebergAllowed': True, 'ocoAllowed': True, 'otoAllowed': True, 'quoteOrderQtyMarketAllowed': True, 'allowTrailingStop': True, 'cancelReplaceAllowed': True, 'isSpotTradingAllowed': True, 'isMarginTradingAllowed': True, 'filters': [{'filterType': 'PRICE_FILTER', 'minPrice': '0.01000000', 'maxPrice': '1000000.00000000', 'tickSize': '0.01000000'}, {'filterType': 'LOT_SIZE', 'minQty': '0.00001000', 'maxQty': '9000.00000000', 'stepSize': '0.00001000'}, {'filterType': 'ICEBERG_PARTS', 'limit': 10}, {'filterType': 'MARKET_LOT_SIZE', 'minQty': '0.00000000', 'maxQty': '89.67500095', 'stepSize': '0.00000000'}, {'filterType': 'TRAILING_DELTA', 'minTrailingAboveDelta': 10, 'maxTrailingAboveDelta': 2000, 'minTrailingBelowDelta': 10, 'maxTrailingBelowDelta': 2000}, {'filterType': 'PERCENT_PRICE_BY_SIDE', 'bidMultiplierUp': '5', 'bidMultiplierDown': '0.2', 'askMultiplierUp': '5', 'askMultiplierDown': '0.2', 'avgPriceMins': 5}, {'filterType': 'NOTIONAL', 'minNotional': '5.00000000', 'applyMinToMarket': True, 'maxNotional': '9000000.00000000', 'applyMaxToMarket': False, 'avgPriceMins': 5}, {'filterType': 'MAX_NUM_ORDERS', 'maxNumOrders': 200}, {'filterType': 'MAX_NUM_ALGO_ORDERS', 'maxNumAlgoOrders': 5}], 'permissions': [], 'permissionSets': [['SPOT', 'MARGIN', 'TRD_GRP_004', 'TRD_GRP_005', 'TRD_GRP_006', 'TRD_GRP_009', 'TRD_GRP_010', 'TRD_GRP_011', 'TRD_GRP_012', 'TRD_GRP_013', 'TRD_GRP_014', 'TRD_GRP_015', 'TRD_GRP_016', 'TRD_GRP_017', 'TRD_GRP_018', 'TRD_GRP_019', 'TRD_GRP_020', 'TRD_GRP_021', 'TRD_GRP_022', 'TRD_GRP_023', 'TRD_GRP_024', 'TRD_GRP_025', 'TRD_GRP_026', 'TRD_GRP_027', 'TRD_GRP_028', 'TRD_GRP_029', 'TRD_GRP_030', 'TRD_GRP_031', 'TRD_GRP_032', 'TRD_GRP_033', 'TRD_GRP_034', 'TRD_GRP_035', 'TRD_GRP_036', 'TRD_GRP_037', 'TRD_GRP_038', 'TRD_GRP_039', 'TRD_GRP_040', 'TRD_GRP_041', 'TRD_GRP_042', 'TRD_GRP_043', 'TRD_GRP_044', 'TRD_GRP_045', 'TRD_GRP_046', 'TRD_GRP_047', 'TRD_GRP_048', 'TRD_GRP_049', 'TRD_GRP_050', 'TRD_GRP_051', 'TRD_GRP_052', 'TRD_GRP_053', 'TRD_GRP_054', 'TRD_GRP_055', 'TRD_GRP_056', 'TRD_GRP_057', 'TRD_GRP_058', 'TRD_GRP_059', 'TRD_GRP_060', 'TRD_GRP_061', 'TRD_GRP_062', 'TRD_GRP_063', 'TRD_GRP_064', 'TRD_GRP_065', 'TRD_GRP_066', 'TRD_GRP_067', 'TRD_GRP_068', 'TRD_GRP_069', 'TRD_GRP_070', 'TRD_GRP_071', 'TRD_GRP_072', 'TRD_GRP_073', 'TRD_GRP_074', 'TRD_GRP_075', 'TRD_GRP_076', 'TRD_GRP_077', 'TRD_GRP_078', 'TRD_GRP_079', 'TRD_GRP_080', 'TRD_GRP_081', 'TRD_GRP_082', 'TRD_GRP_083', 'TRD_GRP_084', 'TRD_GRP_085', 'TRD_GRP_086', 'TRD_GRP_087', 'TRD_GRP_088', 'TRD_GRP_089', 'TRD_GRP_090', 'TRD_GRP_091', 'TRD_GRP_092', 'TRD_GRP_093', 'TRD_GRP_094', 'TRD_GRP_095', 'TRD_GRP_096', 'TRD_GRP_097', 'TRD_GRP_098', 'TRD_GRP_099', 'TRD_GRP_100', 'TRD_GRP_101', 'TRD_GRP_102', 'TRD_GRP_103', 'TRD_GRP_104', 'TRD_GRP_105', 'TRD_GRP_106', 'TRD_GRP_107', 'TRD_GRP_108', 'TRD_GRP_109', 'TRD_GRP_110', 'TRD_GRP_111', 'TRD_GRP_112', 'TRD_GRP_113', 'TRD_GRP_114', 'TRD_GRP_115', 'TRD_GRP_116', 'TRD_GRP_117', 'TRD_GRP_118', 'TRD_GRP_119', 'TRD_GRP_120', 'TRD_GRP_121', 'TRD_GRP_122', 'TRD_GRP_123', 'TRD_GRP_124', 'TRD_GRP_125', 'TRD_GRP_126', 'TRD_GRP_127', 'TRD_GRP_128', 'TRD_GRP_129', 'TRD_GRP_130', 'TRD_GRP_131', 'TRD_GRP_132', 'TRD_GRP_133', 'TRD_GRP_134', 'TRD_GRP_135', 'TRD_GRP_136', 'TRD_GRP_137', 'TRD_GRP_138', 'TRD_GRP_139', 'TRD_GRP_140', 'TRD_GRP_141', 'TRD_GRP_142', 'TRD_GRP_143', 'TRD_GRP_144', 'TRD_GRP_145', 'TRD_GRP_146', 'TRD_GRP_147', 'TRD_GRP_148', 'TRD_GRP_149', 'TRD_GRP_150', 'TRD_GRP_151', 'TRD_GRP_152', 'TRD_GRP_153', 'TRD_GRP_154', 'TRD_GRP_155', 'TRD_GRP_156', 'TRD_GRP_157', 'TRD_GRP_158', 'TRD_GRP_159', 'TRD_GRP_160', 'TRD_GRP_161', 'TRD_GRP_162', 'TRD_GRP_163', 'TRD_GRP_164', 'TRD_GRP_165', 'TRD_GRP_166', 'TRD_GRP_167', 'TRD_GRP_168', 'TRD_GRP_169', 'TRD_GRP_170', 'TRD_GRP_171', 'TRD_GRP_172', 'TRD_GRP_173', 'TRD_GRP_174', 'TRD_GRP_175', 'TRD_GRP_176', 'TRD_GRP_177', 'TRD_GRP_178', 'TRD_GRP_179', 'TRD_GRP_180', 'TRD_GRP_181', 'TRD_GRP_182', 'TRD_GRP_183', 'TRD_GRP_184', 'TRD_GRP_185', 'TRD_GRP_186', 'TRD_GRP_187', 'TRD_GRP_188', 'TRD_GRP_189', 'TRD_GRP_190', 'TRD_GRP_191', 'TRD_GRP_192', 'TRD_GRP_193', 'TRD_GRP_194', 'TRD_GRP_195', 'TRD_GRP_196', 'TRD_GRP_197', 'TRD_GRP_198', 'TRD_GRP_199', 'TRD_GRP_200', 'TRD_GRP_201', 'TRD_GRP_202', 'TRD_GRP_203', 'TRD_GRP_204', 'TRD_GRP_205', 'TRD_GRP_206', 'TRD_GRP_207', 'TRD_GRP_208', 'TRD_GRP_209', 'TRD_GRP_210', 'TRD_GRP_211', 'TRD_GRP_212', 'TRD_GRP_213', 'TRD_GRP_214', 'TRD_GRP_215', 'TRD_GRP_216', 'TRD_GRP_217', 'TRD_GRP_218', 'TRD_GRP_219', 'TRD_GRP_220', 'TRD_GRP_221', 'TRD_GRP_222', 'TRD_GRP_223', 'TRD_GRP_224', 'TRD_GRP_225', 'TRD_GRP_226', 'TRD_GRP_227', 'TRD_GRP_228', 'TRD_GRP_229', 'TRD_GRP_230', 'TRD_GRP_231', 'TRD_GRP_232', 'TRD_GRP_233', 'TRD_GRP_234', 'TRD_GRP_235']], 'defaultSelfTradePreventionMode': 'EXPIRE_MAKER', 'allowedSelfTradePreventionModes': ['EXPIRE_TAKER', 'EXPIRE_MAKER', 'EXPIRE_BOTH']}
2025-01-18 01:14:54,927 - WARNING - \u26a0\ufe0f Filtro MIN_NOTIONAL não encontrado para BTCUSDT.
2025-01-18 01:14:55,819 - WARNING - \u26a0\ufe0f Não foi possível determinar o valor mínimo de compra para BTCUSDT.
2025-01-18 01:14:56,618 - INFO - \U0001f50d Informações da Binance para ETHUSDT: {'symbol': 'ETHUSDT', 'status': 'TRADING', 'baseAsset': 'ETH', 'baseAssetPrecision': 8, 'quoteAsset': 'USDT', 'quotePrecision': 8, 'quoteAssetPrecision': 8, 'baseCommissionPrecision': 8, 'quoteCommissionPrecision': 8, 'orderTypes': ['LIMIT', 'LIMIT_MAKER', 'MARKET', 'STOP_LOSS', 'STOP_LOSS_LIMIT', 'TAKE_PROFIT', 'TAKE_PROFIT_LIMIT'], 'icebergAllowed': True, 'ocoAllowed': True, 'otoAllowed': True, 'quoteOrderQtyMarketAllowed': True, 'allowTrailingStop': True, 'cancelReplaceAllowed': True, 'isSpotTradingAllowed': True, 'isMarginTradingAllowed': True, 'filters': [{'filterType': 'PRICE_FILTER', 'minPrice': '0.01000000', 'maxPrice': '1000000.00000000', 'tickSize': '0.01000000'}, {'filterType': 'LOT_SIZE', 'minQty': '0.00010000', 'maxQty': '9000.00000000', 'stepSize': '0.00010000'}, {'filterType': 'ICEBERG_PARTS', 'limit': 10}, {'filterType': 'MARKET_LOT_SIZE', 'minQty': '0.00000000', 'maxQty': '2418.75700375', 'stepSize': '0.00000000'}, {'filterType': 'TRAILING_DELTA', 'minTrailingAboveDelta': 10, 'maxTrailingAboveDelta': 2000, 'minTrailingBelowDelta': 10, 'maxTrailingBelowDelta': 2000}, {'filterType': 'PERCENT_PRICE_BY_SIDE', 'bidMultiplierUp': '5', 'bidMultiplierDown': '0.2', 'askMultiplierUp': '5', 'askMultiplierDown': '0.2', 'avgPriceMins': 5}, {'filterType': 'NOTIONAL', 'minNotional': '5.00000000', 'applyMinToMarket': True, 'maxNotional': '9000000.00000000', 'applyMaxToMarket': False, 'avgPriceMins': 5}, {'filterType': 'MAX_NUM_ORDERS', 'maxNumOrders': 200}, {'filterType': 'MAX_NUM_ALGO_ORDERS', 'maxNumAlgoOrders': 5}], 'permissions': [], 'permissionSets': [['SPOT', 'MARGIN', 'TRD_GRP_004', 'TRD_GRP_005', 'TRD_GRP_006', 'TRD_GRP_009', 'TRD_GRP_010', 'TRD_GRP_011', 'TRD_GRP_012', 'TRD_GRP_013', 'TRD_GRP_014', 'TRD_GRP_015', 'TRD_GRP_016', 'TRD_GRP_017', 'TRD_GRP_018', 'TRD_GRP_019', 'TRD_GRP_020', 'TRD_GRP_021', 'TRD_GRP_022', 'TRD_GRP_023', 'TRD_GRP_024', 'TRD_GRP_025', 'TRD_GRP_026', 'TRD_GRP_027', 'TRD_GRP_028', 'TRD_GRP_029', 'TRD_GRP_030', 'TRD_GRP_031', 'TRD_GRP_032', 'TRD_GRP_033', 'TRD_GRP_034', 'TRD_GRP_035', 'TRD_GRP_036', 'TRD_GRP_037', 'TRD_GRP_038', 'TRD_GRP_039', 'TRD_GRP_040', 'TRD_GRP_041', 'TRD_GRP_042', 'TRD_GRP_043', 'TRD_GRP_044', 'TRD_GRP_045', 'TRD_GRP_046', 'TRD_GRP_047', 'TRD_GRP_048', 'TRD_GRP_049', 'TRD_GRP_050', 'TRD_GRP_051', 'TRD_GRP_052', 'TRD_GRP_053', 'TRD_GRP_054', 'TRD_GRP_055', 'TRD_GRP_056', 'TRD_GRP_057', 'TRD_GRP_058', 'TRD_GRP_059', 'TRD_GRP_060', 'TRD_GRP_061', 'TRD_GRP_062', 'TRD_GRP_063', 'TRD_GRP_064', 'TRD_GRP_065', 'TRD_GRP_066', 'TRD_GRP_067', 'TRD_GRP_068', 'TRD_GRP_069', 'TRD_GRP_070', 'TRD_GRP_071', 'TRD_GRP_072', 'TRD_GRP_073', 'TRD_GRP_074', 'TRD_GRP_075', 'TRD_GRP_076', 'TRD_GRP_077', 'TRD_GRP_078', 'TRD_GRP_079', 'TRD_GRP_080', 'TRD_GRP_081', 'TRD_GRP_082', 'TRD_GRP_083', 'TRD_GRP_084', 'TRD_GRP_085', 'TRD_GRP_086', 'TRD_GRP_087', 'TRD_GRP_088', 'TRD_GRP_089', 'TRD_GRP_090', 'TRD_GRP_091', 'TRD_GRP_092', 'TRD_GRP_093', 'TRD_GRP_094', 'TRD_GRP_095', 'TRD_GRP_096', 'TRD_GRP_097', 'TRD_GRP_098', 'TRD_GRP_099', 'TRD_GRP_100', 'TRD_GRP_101', 'TRD_GRP_102', 'TRD_GRP_103', 'TRD_GRP_104', 'TRD_GRP_105', 'TRD_GRP_106', 'TRD_GRP_107', 'TRD_GRP_108', 'TRD_GRP_109', 'TRD_GRP_110', 'TRD_GRP_111', 'TRD_GRP_112', 'TRD_GRP_113', 'TRD_GRP_114', 'TRD_GRP_115', 'TRD_GRP_116', 'TRD_GRP_117', 'TRD_GRP_118', 'TRD_GRP_119', 'TRD_GRP_120', 'TRD_GRP_121', 'TRD_GRP_122', 'TRD_GRP_123', 'TRD_GRP_124', 'TRD_GRP_125', 'TRD_GRP_126', 'TRD_GRP_127', 'TRD_GRP_128', 'TRD_GRP_129', 'TRD_GRP_130', 'TRD_GRP_131', 'TRD_GRP_132', 'TRD_GRP_133', 'TRD_GRP_134', 'TRD_GRP_135', 'TRD_GRP_136', 'TRD_GRP_137', 'TRD_GRP_138', 'TRD_GRP_139', 'TRD_GRP_140', 'TRD_GRP_141', 'TRD_GRP_142', 'TRD_GRP_143', 'TRD_GRP_144', 'TRD_GRP_145', 'TRD_GRP_146', 'TRD_GRP_147', 'TRD_GRP_148', 'TRD_GRP_149', 'TRD_GRP_150', 'TRD_GRP_151', 'TRD_GRP_152', 'TRD_GRP_153', 'TRD_GRP_154', 'TRD_GRP_155', 'TRD_GRP_156', 'TRD_GRP_157', 'TRD_GRP_158', 'TRD_GRP_159', 'TRD_GRP_160', 'TRD_GRP_161', 'TRD_GRP_162', 'TRD_GRP_163', 'TRD_GRP_164', 'TRD_GRP_165', 'TRD_GRP_166', 'TRD_GRP_167', 'TRD_GRP_168', 'TRD_GRP_169', 'TRD_GRP_170', 'TRD_GRP_171', 'TRD_GRP_172', 'TRD_GRP_173', 'TRD_GRP_174', 'TRD_GRP_175', 'TRD_GRP_176', 'TRD_GRP_177', 'TRD_GRP_178', 'TRD_GRP_179', 'TRD_GRP_180', 'TRD_GRP_181', 'TRD_GRP_182', 'TRD_GRP_183', 'TRD_GRP_184', 'TRD_GRP_185', 'TRD_GRP_186', 'TRD_GRP_187', 'TRD_GRP_188', 'TRD_GRP_189', 'TRD_GRP_190', 'TRD_GRP_191', 'TRD_GRP_192', 'TRD_GRP_193', 'TRD_GRP_194', 'TRD_GRP_195', 'TRD_GRP_196', 'TRD_GRP_197', 'TRD_GRP_198', 'TRD_GRP_199', 'TRD_GRP_200', 'TRD_GRP_201', 'TRD_GRP_202', 'TRD_GRP_203', 'TRD_GRP_204', 'TRD_GRP_205', 'TRD_GRP_206', 'TRD_GRP_207', 'TRD_GRP_208', 'TRD_GRP_209', 'TRD_GRP_210', 'TRD_GRP_211', 'TRD_GRP_212', 'TRD_GRP_213', 'TRD_GRP_214', 'TRD_GRP_215', 'TRD_GRP_216', 'TRD_GRP_217', 'TRD_GRP_218', 'TRD_GRP_219', 'TRD_GRP_220', 'TRD_GRP_221', 'TRD_GRP_222', 'TRD_GRP_223', 'TRD_GRP_224', 'TRD_GRP_225', 'TRD_GRP_226', 'TRD_GRP_227', 'TRD_GRP_228', 'TRD_GRP_229', 'TRD_GRP_230', 'TRD_GRP_231', 'TRD_GRP_232', 'TRD_GRP_233', 'TRD_GRP_234', 'TRD_GRP_235']], 'defaultSelfTradePreventionMode': 'EXPIRE_MAKER', 'allowedSelfTradePreventionModes': ['EXPIRE_TAKER', 'EXPIRE_MAKER', 'EXPIRE_BOTH']}
2025-01-18 01:14:56,619 - WARNING - \u26a0\ufe0f Filtro MIN_NOTIONAL não encontrado para ETHUSDT.
2025-01-18 01:14:57,419 - WARNING - \u26a0\ufe0f Não foi possível determinar o valor mínimo de compra para ETHUSDT.
2025-01-18 01:15:29,305 - INFO - \U0001f50d Informações da Binance para BTCUSDT: {'symbol': 'BTCUSDT', 'status': 'TRADING', 'baseAsset': 'BTC', 'baseAssetPrecision': 8, 'quoteAsset': 'USDT', 'quotePrecision': 8, 'quoteAssetPrecision': 8, 'baseCommissionPrecision': 8, 'quoteCommissionPrecision': 8, 'orderTypes': ['LIMIT', 'LIMIT_MAKER', 'MARKET', 'STOP_LOSS', 'STOP_LOSS_LIMIT', 'TAKE_PROFIT', 'TAKE_PROFIT_LIMIT'], 'icebergAllowed': True, 'ocoAllowed': True, 'otoAllowed': True, 'quoteOrderQtyMarketAllowed': True, 'allowTrailingStop': True, 'cancelReplaceAllowed': True, 'isSpotTradingAllowed': True, 'isMarginTradingAllowed': True, 'filters': [{'filterType': 'PRICE_FILTER', 'minPrice': '0.01000000', 'maxPrice': '1000000.00000000', 'tickSize': '0.01000000'}, {'filterType': 'LOT_SIZE', 'minQty': '0.00001000', 'maxQty': '9000.00000000', 'stepSize': '0.00001000'}, {'filterType': 'ICEBERG_PARTS', 'limit': 10}, {'filterType': 'MARKET_LOT_SIZE', 'minQty': '0.00000000', 'maxQty': '89.67500095', 'stepSize': '0.00000000'}, {'filterType': 'TRAILING_DELTA', 'minTrailingAboveDelta': 10, 'maxTrailingAboveDelta': 2000, 'minTrailingBelowDelta': 10, 'maxTrailingBelowDelta': 2000}, {'filterType': 'PERCENT_PRICE_BY_SIDE', 'bidMultiplierUp': '5', 'bidMultiplierDown': '0.2', 'askMultiplierUp': '5', 'askMultiplierDown': '0.2', 'avgPriceMins': 5}, {'filterType': 'NOTIONAL', 'minNotional': '5.00000000', 'applyMinToMarket': True, 'maxNotional': '9000000.00000000', 'applyMaxToMarket': False, 'avgPriceMins': 5}, {'filterType': 'MAX_NUM_ORDERS', 'maxNumOrders': 200}, {'filterType': 'MAX_NUM_ALGO_ORDERS', 'maxNumAlgoOrders': 5}], 'permissions': [], 'permissionSets': [['SPOT', 'MARGIN', 'TRD_GRP_004', 'TRD_GRP_005', 'TRD_GRP_006', 'TRD_GRP_009', 'TRD_GRP_010', 'TRD_GRP_011', 'TRD_GRP_012', 'TRD_GRP_013', 'TRD_GRP_014', 'TRD_GRP_015', 'TRD_GRP_016', 'TRD_GRP_017', 'TRD_GRP_018', 'TRD_GRP_019', 'TRD_GRP_020', 'TRD_GRP_021', 'TRD_GRP_022', 'TRD_GRP_023', 'TRD_GRP_024', 'TRD_GRP_025', 'TRD_GRP_026', 'TRD_GRP_027', 'TRD_GRP_028', 'TRD_GRP_029', 'TRD_GRP_030', 'TRD_GRP_031', 'TRD_GRP_032', 'TRD_GRP_033', 'TRD_GRP_034', 'TRD_GRP_035', 'TRD_GRP_036', 'TRD_GRP_037', 'TRD_GRP_038', 'TRD_GRP_039', 'TRD_GRP_040', 'TRD_GRP_041', 'TRD_GRP_042', 'TRD_GRP_043', 'TRD_GRP_044', 'TRD_GRP_045', 'TRD_GRP_046', 'TRD_GRP_047', 'TRD_GRP_048', 'TRD_GRP_049', 'TRD_GRP_050', 'TRD_GRP_051', 'TRD_GRP_052', 'TRD_GRP_053', 'TRD_GRP_054', 'TRD_GRP_055', 'TRD_GRP_056', 'TRD_GRP_057', 'TRD_GRP_058', 'TRD_GRP_059', 'TRD_GRP_060', 'TRD_GRP_061', 'TRD_GRP_062', 'TRD_GRP_063', 'TRD_GRP_064', 'TRD_GRP_065', 'TRD_GRP_066', 'TRD_GRP_067', 'TRD_GRP_068', 'TRD_GRP_069', 'TRD_GRP_070', 'TRD_GRP_071', 'TRD_GRP_072', 'TRD_GRP_073', 'TRD_GRP_074', 'TRD_GRP_075', 'TRD_GRP_076', 'TRD_GRP_077', 'TRD_GRP_078', 'TRD_GRP_079', 'TRD_GRP_080', 'TRD_GRP_081', 'TRD_GRP_082', 'TRD_GRP_083', 'TRD_GRP_084', 'TRD_GRP_085', 'TRD_GRP_086', 'TRD_GRP_087', 'TRD_GRP_088', 'TRD_GRP_089', 'TRD_GRP_090', 'TRD_GRP_091', 'TRD_GRP_092', 'TRD_GRP_093', 'TRD_GRP_094', 'TRD_GRP_095', 'TRD_GRP_096', 'TRD_GRP_097', 'TRD_GRP_098', 'TRD_GRP_099', 'TRD_GRP_100', 'TRD_GRP_101', 'TRD_GRP_102', 'TRD_GRP_103', 'TRD_GRP_104', 'TRD_GRP_105', 'TRD_GRP_106', 'TRD_GRP_107', 'TRD_GRP_108', 'TRD_GRP_109', 'TRD_GRP_110', 'TRD_GRP_111', 'TRD_GRP_112', 'TRD_GRP_113', 'TRD_GRP_114', 'TRD_GRP_115', 'TRD_GRP_116', 'TRD_GRP_117', 'TRD_GRP_118', 'TRD_GRP_119', 'TRD_GRP_120', 'TRD_GRP_121', 'TRD_GRP_122', 'TRD_GRP_123', 'TRD_GRP_124', 'TRD_GRP_125', 'TRD_GRP_126', 'TRD_GRP_127', 'TRD_GRP_128', 'TRD_GRP_129', 'TRD_GRP_130', 'TRD_GRP_131', 'TRD_GRP_132', 'TRD_GRP_133', 'TRD_GRP_134', 'TRD_GRP_135', 'TRD_GRP_136', 'TRD_GRP_137', 'TRD_GRP_138', 'TRD_GRP_139', 'TRD_GRP_140', 'TRD_GRP_141', 'TRD_GRP_142', 'TRD_GRP_143', 'TRD_GRP_144', 'TRD_GRP_145', 'TRD_GRP_146', 'TRD_GRP_147', 'TRD_GRP_148', 'TRD_GRP_149', 'TRD_GRP_150', 'TRD_GRP_151', 'TRD_GRP_152', 'TRD_GRP_153', 'TRD_GRP_154', 'TRD_GRP_155', 'TRD_GRP_156', 'TRD_GRP_157', 'TRD_GRP_158', 'TRD_GRP_159', 'TRD_GRP_160', 'TRD_GRP_161', 'TRD_GRP_162', 'TRD_GRP_163', 'TRD_GRP_164', 'TRD_GRP_165', 'TRD_GRP_166', 'TRD_GRP_167', 'TRD_GRP_168', 'TRD_GRP_169', 'TRD_GRP_170', 'TRD_GRP_171', 'TRD_GRP_172', 'TRD_GRP_173', 'TRD_GRP_174', 'TRD_GRP_175', 'TRD_GRP_176', 'TRD_GRP_177', 'TRD_GRP_178', 'TRD_GRP_179', 'TRD_GRP_180', 'TRD_GRP_181', 'TRD_GRP_182', 'TRD_GRP_183', 'TRD_GRP_184', 'TRD_GRP_185', 'TRD_GRP_186', 'TRD_GRP_187', 'TRD_GRP_188', 'TRD_GRP_189', 'TRD_GRP_190', 'TRD_GRP_191', 'TRD_GRP_192', 'TRD_GRP_193', 'TRD_GRP_194', 'TRD_GRP_195', 'TRD_GRP_196', 'TRD_GRP_197', 'TRD_GRP_198', 'TRD_GRP_199', 'TRD_GRP_200', 'TRD_GRP_201', 'TRD_GRP_202', 'TRD_GRP_203', 'TRD_GRP_204', 'TRD_GRP_205', 'TRD_GRP_206', 'TRD_GRP_207', 'TRD_GRP_208', 'TRD_GRP_209', 'TRD_GRP_210', 'TRD_GRP_211', 'TRD_GRP_212', 'TRD_GRP_213', 'TRD_GRP_214', 'TRD_GRP_215', 'TRD_GRP_216', 'TRD_GRP_217', 'TRD_GRP_218', 'TRD_GRP_219', 'TRD_GRP_220', 'TRD_GRP_221', 'TRD_GRP_222', 'TRD_GRP_223', 'TRD_GRP_224', 'TRD_GRP_225', 'TRD_GRP_226', 'TRD_GRP_227', 'TRD_GRP_228', 'TRD_GRP_229', 'TRD_GRP_230', 'TRD_GRP_231', 'TRD_GRP_232', 'TRD_GRP_233', 'TRD_GRP_234', 'TRD_GRP_235']], 'defaultSelfTradePreventionMode': 'EXPIRE_MAKER', 'allowedSelfTradePreventionModes': ['EXPIRE_TAKER', 'EXPIRE_MAKER', 'EXPIRE_BOTH']}
2025-01-18 01:15:29,305 - WARNING - \u26a0\ufe0f Filtro MIN_NOTIONAL não encontrado para BTCUSDT.
2025-01-18 01:15:30,055 - WARNING - \u26a0\ufe0f Não foi possível determinar o valor mínimo de compra para BTCUSDT.
2025-01-18 01:15:30,842 - INFO - \U0001f50d Informações da Binance para ETHUSDT: {'symbol': 'ETHUSDT', 'status': 'TRADING', 'baseAsset': 'ETH', 'baseAssetPrecision': 8, 'quoteAsset': 'USDT', 'quotePrecision': 8, 'quoteAssetPrecision': 8, 'baseCommissionPrecision': 8, 'quoteCommissionPrecision': 8, 'orderTypes': ['LIMIT', 'LIMIT_MAKER', 'MARKET', 'STOP_LOSS', 'STOP_LOSS_LIMIT', 'TAKE_PROFIT', 'TAKE_PROFIT_LIMIT'], 'icebergAllowed': True, 'ocoAllowed': True, 'otoAllowed': True, 'quoteOrderQtyMarketAllowed': True, 'allowTrailingStop': True, 'cancelReplaceAllowed': True, 'isSpotTradingAllowed': True, 'isMarginTradingAllowed': True, 'filters': [{'filterType': 'PRICE_FILTER', 'minPrice': '0.01000000', 'maxPrice': '1000000.00000000', 'tickSize': '0.01000000'}, {'filterType': 'LOT_SIZE', 'minQty': '0.00010000', 'maxQty': '9000.00000000', 'stepSize': '0.00010000'}, {'filterType': 'ICEBERG_PARTS', 'limit': 10}, {'filterType': 'MARKET_LOT_SIZE', 'minQty': '0.00000000', 'maxQty': '2418.75700375', 'stepSize': '0.00000000'}, {'filterType': 'TRAILING_DELTA', 'minTrailingAboveDelta': 10, 'maxTrailingAboveDelta': 2000, 'minTrailingBelowDelta': 10, 'maxTrailingBelowDelta': 2000}, {'filterType': 'PERCENT_PRICE_BY_SIDE', 'bidMultiplierUp': '5', 'bidMultiplierDown': '0.2', 'askMultiplierUp': '5', 'askMultiplierDown': '0.2', 'avgPriceMins': 5}, {'filterType': 'NOTIONAL', 'minNotional': '5.00000000', 'applyMinToMarket': True, 'maxNotional': '9000000.00000000', 'applyMaxToMarket': False, 'avgPriceMins': 5}, {'filterType': 'MAX_NUM_ORDERS', 'maxNumOrders': 200}, {'filterType': 'MAX_NUM_ALGO_ORDERS', 'maxNumAlgoOrders': 5}], 'permissions': [], 'permissionSets': [['SPOT', 'MARGIN', 'TRD_GRP_004', 'TRD_GRP_005', 'TRD_GRP_006', 'TRD_GRP_009', 'TRD_GRP_010', 'TRD_GRP_011', 'TRD_GRP_012', 'TRD_GRP_013', 'TRD_GRP_014', 'TRD_GRP_015', 'TRD_GRP_016', 'TRD_GRP_017', 'TRD_GRP_018', 'TRD_GRP_019', 'TRD_GRP_020', 'TRD_GRP_021', 'TRD_GRP_022', 'TRD_GRP_023', 'TRD_GRP_024', 'TRD_GRP_025', 'TRD_GRP_026', 'TRD_GRP_027', 'TRD_GRP_028', 'TRD_GRP_029', 'TRD_GRP_030', 'TRD_GRP_031', 'TRD_GRP_032', 'TRD_GRP_033', 'TRD_GRP_034', 'TRD_GRP_035', 'TRD_GRP_036', 'TRD_GRP_037', 'TRD_GRP_038', 'TRD_GRP_039', 'TRD_GRP_040', 'TRD_GRP_041', 'TRD_GRP_042', 'TRD_GRP_043', 'TRD_GRP_044', 'TRD_GRP_045', 'TRD_GRP_046', 'TRD_GRP_047', 'TRD_GRP_048', 'TRD_GRP_049', 'TRD_GRP_050', 'TRD_GRP_051', 'TRD_GRP_052', 'TRD_GRP_053', 'TRD_GRP_054', 'TRD_GRP_055', 'TRD_GRP_056', 'TRD_GRP_057', 'TRD_GRP_058', 'TRD_GRP_059', 'TRD_GRP_060', 'TRD_GRP_061', 'TRD_GRP_062', 'TRD_GRP_063', 'TRD_GRP_064', 'TRD_GRP_065', 'TRD_GRP_066', 'TRD_GRP_067', 'TRD_GRP_068', 'TRD_GRP_069', 'TRD_GRP_070', 'TRD_GRP_071', 'TRD_GRP_072', 'TRD_GRP_073', 'TRD_GRP_074', 'TRD_GRP_075', 'TRD_GRP_076', 'TRD_GRP_077', 'TRD_GRP_078', 'TRD_GRP_079', 'TRD_GRP_080', 'TRD_GRP_081', 'TRD_GRP_082', 'TRD_GRP_083', 'TRD_GRP_084', 'TRD_GRP_085', 'TRD_GRP_086', 'TRD_GRP_087', 'TRD_GRP_088', 'TRD_GRP_089', 'TRD_GRP_090', 'TRD_GRP_091', 'TRD_GRP_092', 'TRD_GRP_093', 'TRD_GRP_094', 'TRD_GRP_095', 'TRD_GRP_096', 'TRD_GRP_097', 'TRD_GRP_098', 'TRD_GRP_099', 'TRD_GRP_100', 'TRD_GRP_101', 'TRD_GRP_102', 'TRD_GRP_103', 'TRD_GRP_104', 'TRD_GRP_105', 'TRD_GRP_106', 'TRD_GRP_107', 'TRD_GRP_108', 'TRD_GRP_109', 'TRD_GRP_110', 'TRD_GRP_111', 'TRD_GRP_112', 'TRD_GRP_113', 'TRD_GRP_114', 'TRD_GRP_115', 'TRD_GRP_116', 'TRD_GRP_117', 'TRD_GRP_118', 'TRD_GRP_119', 'TRD_GRP_120', 'TRD_GRP_121', 'TRD_GRP_122', 'TRD_GRP_123', 'TRD_GRP_124', 'TRD_GRP_125', 'TRD_GRP_126', 'TRD_GRP_127', 'TRD_GRP_128', 'TRD_GRP_129', 'TRD_GRP_130', 'TRD_GRP_131', 'TRD_GRP_132', 'TRD_GRP_133', 'TRD_GRP_134', 'TRD_GRP_135', 'TRD_GRP_136', 'TRD_GRP_137', 'TRD_GRP_138', 'TRD_GRP_139', 'TRD_GRP_140', 'TRD_GRP_141', 'TRD_GRP_142', 'TRD_GRP_143', 'TRD_GRP_144', 'TRD_GRP_145', 'TRD_GRP_146', 'TRD_GRP_147', 'TRD_GRP_148', 'TRD_GRP_149', 'TRD_GRP_150', 'TRD_GRP_151', 'TRD_GRP_152', 'TRD_GRP_153', 'TRD_GRP_154', 'TRD_GRP_155', 'TRD_GRP_156', 'TRD_GRP_157', 'TRD_GRP_158', 'TRD_GRP_159', 'TRD_GRP_160', 'TRD_GRP_161', 'TRD_GRP_162', 'TRD_GRP_163', 'TRD_GRP_164', 'TRD_GRP_165', 'TRD_GRP_166', 'TRD_GRP_167', 'TRD_GRP_168', 'TRD_GRP_169', 'TRD_GRP_170', 'TRD_GRP_171', 'TRD_GRP_172', 'TRD_GRP_173', 'TRD_GRP_174', 'TRD_GRP_175', 'TRD_GRP_176', 'TRD_GRP_177', 'TRD_GRP_178', 'TRD_GRP_179', 'TRD_GRP_180', 'TRD_GRP_181', 'TRD_GRP_182', 'TRD_GRP_183', 'TRD_GRP_184', 'TRD_GRP_185', 'TRD_GRP_186', 'TRD_GRP_187', 'TRD_GRP_188', 'TRD_GRP_189', 'TRD_GRP_190', 'TRD_GRP_191', 'TRD_GRP_192', 'TRD_GRP_193', 'TRD_GRP_194', 'TRD_GRP_195', 'TRD_GRP_196', 'TRD_GRP_197', 'TRD_GRP_198', 'TRD_GRP_199', 'TRD_GRP_200', 'TRD_GRP_201', 'TRD_GRP_202', 'TRD_GRP_203', 'TRD_GRP_204', 'TRD_GRP_205', 'TRD_GRP_206', 'TRD_GRP_207', 'TRD_GRP_208', 'TRD_GRP_209', 'TRD_GRP_210', 'TRD_GRP_211', 'TRD_GRP_212', 'TRD_GRP_213', 'TRD_GRP_214', 'TRD_GRP_215', 'TRD_GRP_216', 'TRD_GRP_217', 'TRD_GRP_218', 'TRD_GRP_219', 'TRD_GRP_220', 'TRD_GRP_221', 'TRD_GRP_222', 'TRD_GRP_223', 'TRD_GRP_224', 'TRD_GRP_225', 'TRD_GRP_226', 'TRD_GRP_227', 'TRD_GRP_228', 'TRD_GRP_229', 'TRD_GRP_230', 'TRD_GRP_231', 'TRD_GRP_232', 'TRD_GRP_233', 'TRD_GRP_234', 'TRD_GRP_235']], 'defaultSelfTradePreventionMode': 'EXPIRE_MAKER', 'allowedSelfTradePreventionModes': ['EXPIRE_TAKER', 'EXPIRE_MAKER', 'EXPIRE_BOTH']}
2025-01-18 01:15:30,842 - WARNING - \u26a0\ufe0f Filtro MIN_NOTIONAL não encontrado para ETHUSDT.
2025-01-18 01:15:31,668 - WARNING - \u26a0\ufe0f Não foi possível determinar o valor mínimo de compra para ETHUSDT.
2025-01-18 01:16:03,493 - INFO - \U0001f50d Informações da Binance para BTCUSDT: {'symbol': 'BTCUSDT', 'status': 'TRADING', 'baseAsset': 'BTC', 'baseAssetPrecision': 8, 'quoteAsset': 'USDT', 'quotePrecision': 8, 'quoteAssetPrecision': 8, 'baseCommissionPrecision': 8, 'quoteCommissionPrecision': 8, 'orderTypes': ['LIMIT', 'LIMIT_MAKER', 'MARKET', 'STOP_LOSS', 'STOP_LOSS_LIMIT', 'TAKE_PROFIT', 'TAKE_PROFIT_LIMIT'], 'icebergAllowed': True, 'ocoAllowed': True, 'otoAllowed': True, 'quoteOrderQtyMarketAllowed': True, 'allowTrailingStop': True, 'cancelReplaceAllowed': True, 'isSpotTradingAllowed': True, 'isMarginTradingAllowed': True, 'filters': [{'filterType': 'PRICE_FILTER', 'minPrice': '0.01000000', 'maxPrice': '1000000.00000000', 'tickSize': '0.01000000'}, {'filterType': 'LOT_SIZE', 'minQty': '0.00001000', 'maxQty': '9000.00000000', 'stepSize': '0.00001000'}, {'filterType': 'ICEBERG_PARTS', 'limit': 10}, {'filterType': 'MARKET_LOT_SIZE', 'minQty': '0.00000000', 'maxQty': '89.67500095', 'stepSize': '0.00000000'}, {'filterType': 'TRAILING_DELTA', 'minTrailingAboveDelta': 10, 'maxTrailingAboveDelta': 2000, 'minTrailingBelowDelta': 10, 'maxTrailingBelowDelta': 2000}, {'filterType': 'PERCENT_PRICE_BY_SIDE', 'bidMultiplierUp': '5', 'bidMultiplierDown': '0.2', 'askMultiplierUp': '5', 'askMultiplierDown': '0.2', 'avgPriceMins': 5}, {'filterType': 'NOTIONAL', 'minNotional': '5.00000000', 'applyMinToMarket': True, 'maxNotional': '9000000.00000000', 'applyMaxToMarket': False, 'avgPriceMins': 5}, {'filterType': 'MAX_NUM_ORDERS', 'maxNumOrders': 200}, {'filterType': 'MAX_NUM_ALGO_ORDERS', 'maxNumAlgoOrders': 5}], 'permissions': [], 'permissionSets': [['SPOT', 'MARGIN', 'TRD_GRP_004', 'TRD_GRP_005', 'TRD_GRP_006', 'TRD_GRP_009', 'TRD_GRP_010', 'TRD_GRP_011', 'TRD_GRP_012', 'TRD_GRP_013', 'TRD_GRP_014', 'TRD_GRP_015', 'TRD_GRP_016', 'TRD_GRP_017', 'TRD_GRP_018', 'TRD_GRP_019', 'TRD_GRP_020', 'TRD_GRP_021', 'TRD_GRP_022', 'TRD_GRP_023', 'TRD_GRP_024', 'TRD_GRP_025', 'TRD_GRP_026', 'TRD_GRP_027', 'TRD_GRP_028', 'TRD_GRP_029', 'TRD_GRP_030', 'TRD_GRP_031', 'TRD_GRP_032', 'TRD_GRP_033', 'TRD_GRP_034', 'TRD_GRP_035', 'TRD_GRP_036', 'TRD_GRP_037', 'TRD_GRP_038', 'TRD_GRP_039', 'TRD_GRP_040', 'TRD_GRP_041', 'TRD_GRP_042', 'TRD_GRP_043', 'TRD_GRP_044', 'TRD_GRP_045', 'TRD_GRP_046', 'TRD_GRP_047', 'TRD_GRP_048', 'TRD_GRP_049', 'TRD_GRP_050', 'TRD_GRP_051', 'TRD_GRP_052', 'TRD_GRP_053', 'TRD_GRP_054', 'TRD_GRP_055', 'TRD_GRP_056', 'TRD_GRP_057', 'TRD_GRP_058', 'TRD_GRP_059', 'TRD_GRP_060', 'TRD_GRP_061', 'TRD_GRP_062', 'TRD_GRP_063', 'TRD_GRP_064', 'TRD_GRP_065', 'TRD_GRP_066', 'TRD_GRP_067', 'TRD_GRP_068', 'TRD_GRP_069', 'TRD_GRP_070', 'TRD_GRP_071', 'TRD_GRP_072', 'TRD_GRP_073', 'TRD_GRP_074', 'TRD_GRP_075', 'TRD_GRP_076', 'TRD_GRP_077', 'TRD_GRP_078', 'TRD_GRP_079', 'TRD_GRP_080', 'TRD_GRP_081', 'TRD_GRP_082', 'TRD_GRP_083', 'TRD_GRP_084', 'TRD_GRP_085', 'TRD_GRP_086', 'TRD_GRP_087', 'TRD_GRP_088', 'TRD_GRP_089', 'TRD_GRP_090', 'TRD_GRP_091', 'TRD_GRP_092', 'TRD_GRP_093', 'TRD_GRP_094', 'TRD_GRP_095', 'TRD_GRP_096', 'TRD_GRP_097', 'TRD_GRP_098', 'TRD_GRP_099', 'TRD_GRP_100', 'TRD_GRP_101', 'TRD_GRP_102', 'TRD_GRP_103', 'TRD_GRP_104', 'TRD_GRP_105', 'TRD_GRP_106', 'TRD_GRP_107', 'TRD_GRP_108', 'TRD_GRP_109', 'TRD_GRP_110', 'TRD_GRP_111', 'TRD_GRP_112', 'TRD_GRP_113', 'TRD_GRP_114', 'TRD_GRP_115', 'TRD_GRP_116', 'TRD_GRP_117', 'TRD_GRP_118', 'TRD_GRP_119', 'TRD_GRP_120', 'TRD_GRP_121', 'TRD_GRP_122', 'TRD_GRP_123', 'TRD_GRP_124', 'TRD_GRP_125', 'TRD_GRP_126', 'TRD_GRP_127', 'TRD_GRP_128', 'TRD_GRP_129', 'TRD_GRP_130', 'TRD_GRP_131', 'TRD_GRP_132', 'TRD_GRP_133', 'TRD_GRP_134', 'TRD_GRP_135', 'TRD_GRP_136', 'TRD_GRP_137', 'TRD_GRP_138', 'TRD_GRP_139', 'TRD_GRP_140', 'TRD_GRP_141', 'TRD_GRP_142', 'TRD_GRP_143', 'TRD_GRP_144', 'TRD_GRP_145', 'TRD_GRP_146', 'TRD_GRP_147', 'TRD_GRP_148', 'TRD_GRP_149', 'TRD_GRP_150', 'TRD_GRP_151', 'TRD_GRP_152', 'TRD_GRP_153', 'TRD_GRP_154', 'TRD_GRP_155', 'TRD_GRP_156', 'TRD_GRP_157', 'TRD_GRP_158', 'TRD_GRP_159', 'TRD_GRP_160', 'TRD_GRP_161', 'TRD_GRP_162', 'TRD_GRP_163', 'TRD_GRP_164', 'TRD_GRP_165', 'TRD_GRP_166', 'TRD_GRP_167', 'TRD_GRP_168', 'TRD_GRP_169', 'TRD_GRP_170', 'TRD_GRP_171', 'TRD_GRP_172', 'TRD_GRP_173', 'TRD_GRP_174', 'TRD_GRP_175', 'TRD_GRP_176', 'TRD_GRP_177', 'TRD_GRP_178', 'TRD_GRP_179', 'TRD_GRP_180', 'TRD_GRP_181', 'TRD_GRP_182', 'TRD_GRP_183', 'TRD_GRP_184', 'TRD_GRP_185', 'TRD_GRP_186', 'TRD_GRP_187', 'TRD_GRP_188', 'TRD_GRP_189', 'TRD_GRP_190', 'TRD_GRP_191', 'TRD_GRP_192', 'TRD_GRP_193', 'TRD_GRP_194', 'TRD_GRP_195', 'TRD_GRP_196', 'TRD_GRP_197', 'TRD_GRP_198', 'TRD_GRP_199', 'TRD_GRP_200', 'TRD_GRP_201', 'TRD_GRP_202', 'TRD_GRP_203', 'TRD_GRP_204', 'TRD_GRP_205', 'TRD_GRP_206', 'TRD_GRP_207', 'TRD_GRP_208', 'TRD_GRP_209', 'TRD_GRP_210', 'TRD_GRP_211', 'TRD_GRP_212', 'TRD_GRP_213', 'TRD_GRP_214', 'TRD_GRP_215', 'TRD_GRP_216', 'TRD_GRP_217', 'TRD_GRP_218', 'TRD_GRP_219', 'TRD_GRP_220', 'TRD_GRP_221', 'TRD_GRP_222', 'TRD_GRP_223', 'TRD_GRP_224', 'TRD_GRP_225', 'TRD_GRP_226', 'TRD_GRP_227', 'TRD_GRP_228', 'TRD_GRP_229', 'TRD_GRP_230', 'TRD_GRP_231', 'TRD_GRP_232', 'TRD_GRP_233', 'TRD_GRP_234', 'TRD_GRP_235']], 'defaultSelfTradePreventionMode': 'EXPIRE_MAKER', 'allowedSelfTradePreventionModes': ['EXPIRE_TAKER', 'EXPIRE_MAKER', 'EXPIRE_BOTH']}
2025-01-18 01:16:03,493 - WARNING - \u26a0\ufe0f Filtro MIN_NOTIONAL não encontrado para BTCUSDT.
2025-01-18 01:16:04,354 - WARNING - \u26a0\ufe0f Não foi possível determinar o valor mínimo de compra para BTCUSDT.
2025-01-18 01:16:05,158 - INFO - \U0001f50d Informações da Binance para ETHUSDT: {'symbol': 'ETHUSDT', 'status': 'TRADING', 'baseAsset': 'ETH', 'baseAssetPrecision': 8, 'quoteAsset': 'USDT', 'quotePrecision': 8, 'quoteAssetPrecision': 8, 'baseCommissionPrecision': 8, 'quoteCommissionPrecision': 8, 'orderTypes': ['LIMIT', 'LIMIT_MAKER', 'MARKET', 'STOP_LOSS', 'STOP_LOSS_LIMIT', 'TAKE_PROFIT', 'TAKE_PROFIT_LIMIT'], 'icebergAllowed': True, 'ocoAllowed': True, 'otoAllowed': True, 'quoteOrderQtyMarketAllowed': True, 'allowTrailingStop': True, 'cancelReplaceAllowed': True, 'isSpotTradingAllowed': True, 'isMarginTradingAllowed': True, 'filters': [{'filterType': 'PRICE_FILTER', 'minPrice': '0.01000000', 'maxPrice': '1000000.00000000', 'tickSize': '0.01000000'}, {'filterType': 'LOT_SIZE', 'minQty': '0.00010000', 'maxQty': '9000.00000000', 'stepSize': '0.00010000'}, {'filterType': 'ICEBERG_PARTS', 'limit': 10}, {'filterType': 'MARKET_LOT_SIZE', 'minQty': '0.00000000', 'maxQty': '2418.75700375', 'stepSize': '0.00000000'}, {'filterType': 'TRAILING_DELTA', 'minTrailingAboveDelta': 10, 'maxTrailingAboveDelta': 2000, 'minTrailingBelowDelta': 10, 'maxTrailingBelowDelta': 2000}, {'filterType': 'PERCENT_PRICE_BY_SIDE', 'bidMultiplierUp': '5', 'bidMultiplierDown': '0.2', 'askMultiplierUp': '5', 'askMultiplierDown': '0.2', 'avgPriceMins': 5}, {'filterType': 'NOTIONAL', 'minNotional': '5.00000000', 'applyMinToMarket': True, 'maxNotional': '9000000.00000000', 'applyMaxToMarket': False, 'avgPriceMins': 5}, {'filterType': 'MAX_NUM_ORDERS', 'maxNumOrders': 200}, {'filterType': 'MAX_NUM_ALGO_ORDERS', 'maxNumAlgoOrders': 5}], 'permissions': [], 'permissionSets': [['SPOT', 'MARGIN', 'TRD_GRP_004', 'TRD_GRP_005', 'TRD_GRP_006', 'TRD_GRP_009', 'TRD_GRP_010', 'TRD_GRP_011', 'TRD_GRP_012', 'TRD_GRP_013', 'TRD_GRP_014', 'TRD_GRP_015', 'TRD_GRP_016', 'TRD_GRP_017', 'TRD_GRP_018', 'TRD_GRP_019', 'TRD_GRP_020', 'TRD_GRP_021', 'TRD_GRP_022', 'TRD_GRP_023', 'TRD_GRP_024', 'TRD_GRP_025', 'TRD_GRP_026', 'TRD_GRP_027', 'TRD_GRP_028', 'TRD_GRP_029', 'TRD_GRP_030', 'TRD_GRP_031', 'TRD_GRP_032', 'TRD_GRP_033', 'TRD_GRP_034', 'TRD_GRP_035', 'TRD_GRP_036', 'TRD_GRP_037', 'TRD_GRP_038', 'TRD_GRP_039', 'TRD_GRP_040', 'TRD_GRP_041', 'TRD_GRP_042', 'TRD_GRP_043', 'TRD_GRP_044', 'TRD_GRP_045', 'TRD_GRP_046', 'TRD_GRP_047', 'TRD_GRP_048', 'TRD_GRP_049', 'TRD_GRP_050', 'TRD_GRP_051', 'TRD_GRP_052', 'TRD_GRP_053', 'TRD_GRP_054', 'TRD_GRP_055', 'TRD_GRP_056', 'TRD_GRP_057', 'TRD_GRP_058', 'TRD_GRP_059', 'TRD_GRP_060', 'TRD_GRP_061', 'TRD_GRP_062', 'TRD_GRP_063', 'TRD_GRP_064', 'TRD_GRP_065', 'TRD_GRP_066', 'TRD_GRP_067', 'TRD_GRP_068', 'TRD_GRP_069', 'TRD_GRP_070', 'TRD_GRP_071', 'TRD_GRP_072', 'TRD_GRP_073', 'TRD_GRP_074', 'TRD_GRP_075', 'TRD_GRP_076', 'TRD_GRP_077', 'TRD_GRP_078', 'TRD_GRP_079', 'TRD_GRP_080', 'TRD_GRP_081', 'TRD_GRP_082', 'TRD_GRP_083', 'TRD_GRP_084', 'TRD_GRP_085', 'TRD_GRP_086', 'TRD_GRP_087', 'TRD_GRP_088', 'TRD_GRP_089', 'TRD_GRP_090', 'TRD_GRP_091', 'TRD_GRP_092', 'TRD_GRP_093', 'TRD_GRP_094', 'TRD_GRP_095', 'TRD_GRP_096', 'TRD_GRP_097', 'TRD_GRP_098', 'TRD_GRP_099', 'TRD_GRP_100', 'TRD_GRP_101', 'TRD_GRP_102', 'TRD_GRP_103', 'TRD_GRP_104', 'TRD_GRP_105', 'TRD_GRP_106', 'TRD_GRP_107', 'TRD_GRP_108', 'TRD_GRP_109', 'TRD_GRP_110', 'TRD_GRP_111', 'TRD_GRP_112', 'TRD_GRP_113', 'TRD_GRP_114', 'TRD_GRP_115', 'TRD_GRP_116', 'TRD_GRP_117', 'TRD_GRP_118', 'TRD_GRP_119', 'TRD_GRP_120', 'TRD_GRP_121', 'TRD_GRP_122', 'TRD_GRP_123', 'TRD_GRP_124', 'TRD_GRP_125', 'TRD_GRP_126', 'TRD_GRP_127', 'TRD_GRP_128', 'TRD_GRP_129', 'TRD_GRP_130', 'TRD_GRP_131', 'TRD_GRP_132', 'TRD_GRP_133', 'TRD_GRP_134', 'TRD_GRP_135', 'TRD_GRP_136', 'TRD_GRP_137', 'TRD_GRP_138', 'TRD_GRP_139', 'TRD_GRP_140', 'TRD_GRP_141', 'TRD_GRP_142', 'TRD_GRP_143', 'TRD_GRP_144', 'TRD_GRP_145', 'TRD_GRP_146', 'TRD_GRP_147', 'TRD_GRP_148', 'TRD_GRP_149', 'TRD_GRP_150', 'TRD_GRP_151', 'TRD_GRP_152', 'TRD_GRP_153', 'TRD_GRP_154', 'TRD_GRP_155', 'TRD_GRP_156', 'TRD_GRP_157', 'TRD_GRP_158', 'TRD_GRP_159', 'TRD_GRP_160', 'TRD_GRP_161', 'TRD_GRP_162', 'TRD_GRP_163', 'TRD_GRP_164', 'TRD_GRP_165', 'TRD_GRP_166', 'TRD_GRP_167', 'TRD_GRP_168', 'TRD_GRP_169', 'TRD_GRP_170', 'TRD_GRP_171', 'TRD_GRP_172', 'TRD_GRP_173', 'TRD_GRP_174', 'TRD_GRP_175', 'TRD_GRP_176', 'TRD_GRP_177', 'TRD_GRP_178', 'TRD_GRP_179', 'TRD_GRP_180', 'TRD_GRP_181', 'TRD_GRP_182', 'TRD_GRP_183', 'TRD_GRP_184', 'TRD_GRP_185', 'TRD_GRP_186', 'TRD_GRP_187', 'TRD_GRP_188', 'TRD_GRP_189', 'TRD_GRP_190', 'TRD_GRP_191', 'TRD_GRP_192', 'TRD_GRP_193', 'TRD_GRP_194', 'TRD_GRP_195', 'TRD_GRP_196', 'TRD_GRP_197', 'TRD_GRP_198', 'TRD_GRP_199', 'TRD_GRP_200', 'TRD_GRP_201', 'TRD_GRP_202', 'TRD_GRP_203', 'TRD_GRP_204', 'TRD_GRP_205', 'TRD_GRP_206', 'TRD_GRP_207', 'TRD_GRP_208', 'TRD_GRP_209', 'TRD_GRP_210', 'TRD_GRP_211', 'TRD_GRP_212', 'TRD_GRP_213', 'TRD_GRP_214', 'TRD_GRP_215', 'TRD_GRP_216', 'TRD_GRP_217', 'TRD_GRP_218', 'TRD_GRP_219', 'TRD_GRP_220', 'TRD_GRP_221', 'TRD_GRP_222', 'TRD_GRP_223', 'TRD_GRP_224', 'TRD_GRP_225', 'TRD_GRP_226', 'TRD_GRP_227', 'TRD_GRP_228', 'TRD_GRP_229', 'TRD_GRP_230', 'TRD_GRP_231', 'TRD_GRP_232', 'TRD_GRP_233', 'TRD_GRP_234', 'TRD_GRP_235']], 'defaultSelfTradePreventionMode': 'EXPIRE_MAKER', 'allowedSelfTradePreventionModes': ['EXPIRE_TAKER', 'EXPIRE_MAKER', 'EXPIRE_BOTH']}
2025-01-18 01:16:05,158 - WARNING - \u26a0\ufe0f Filtro MIN_NOTIONAL não encontrado para ETHUSDT.
2025-01-18 01:16:05,911 - WARNING - \u26a0\ufe0f Não foi possível determinar o valor mínimo de compra para ETHUSDT.
2025-01-18 01:16:37,456 - INFO - \U0001f50d Informações da Binance para BTCUSDT: {'symbol': 'BTCUSDT', 'status': 'TRADING', 'baseAsset': 'BTC', 'baseAssetPrecision': 8, 'quoteAsset': 'USDT', 'quotePrecision': 8, 'quoteAssetPrecision': 8, 'baseCommissionPrecision': 8, 'quoteCommissionPrecision': 8, 'orderTypes': ['LIMIT', 'LIMIT_MAKER', 'MARKET', 'STOP_LOSS', 'STOP_LOSS_LIMIT', 'TAKE_PROFIT', 'TAKE_PROFIT_LIMIT'], 'icebergAllowed': True, 'ocoAllowed': True, 'otoAllowed': True, 'quoteOrderQtyMarketAllowed': True, 'allowTrailingStop': True, 'cancelReplaceAllowed': True, 'isSpotTradingAllowed': True, 'isMarginTradingAllowed': True, 'filters': [{'filterType': 'PRICE_FILTER', 'minPrice': '0.01000000', 'maxPrice': '1000000.00000000', 'tickSize': '0.01000000'}, {'filterType': 'LOT_SIZE', 'minQty': '0.00001000', 'maxQty': '9000.00000000', 'stepSize': '0.00001000'}, {'filterType': 'ICEBERG_PARTS', 'limit': 10}, {'filterType': 'MARKET_LOT_SIZE', 'minQty': '0.00000000', 'maxQty': '89.67500095', 'stepSize': '0.00000000'}, {'filterType': 'TRAILING_DELTA', 'minTrailingAboveDelta': 10, 'maxTrailingAboveDelta': 2000, 'minTrailingBelowDelta': 10, 'maxTrailingBelowDelta': 2000}, {'filterType': 'PERCENT_PRICE_BY_SIDE', 'bidMultiplierUp': '5', 'bidMultiplierDown': '0.2', 'askMultiplierUp': '5', 'askMultiplierDown': '0.2', 'avgPriceMins': 5}, {'filterType': 'NOTIONAL', 'minNotional': '5.00000000', 'applyMinToMarket': True, 'maxNotional': '9000000.00000000', 'applyMaxToMarket': False, 'avgPriceMins': 5}, {'filterType': 'MAX_NUM_ORDERS', 'maxNumOrders': 200}, {'filterType': 'MAX_NUM_ALGO_ORDERS', 'maxNumAlgoOrders': 5}], 'permissions': [], 'permissionSets': [['SPOT', 'MARGIN', 'TRD_GRP_004', 'TRD_GRP_005', 'TRD_GRP_006', 'TRD_GRP_009', 'TRD_GRP_010', 'TRD_GRP_011', 'TRD_GRP_012', 'TRD_GRP_013', 'TRD_GRP_014', 'TRD_GRP_015', 'TRD_GRP_016', 'TRD_GRP_017', 'TRD_GRP_018', 'TRD_GRP_019', 'TRD_GRP_020', 'TRD_GRP_021', 'TRD_GRP_022', 'TRD_GRP_023', 'TRD_GRP_024', 'TRD_GRP_025', 'TRD_GRP_026', 'TRD_GRP_027', 'TRD_GRP_028', 'TRD_GRP_029', 'TRD_GRP_030', 'TRD_GRP_031', 'TRD_GRP_032', 'TRD_GRP_033', 'TRD_GRP_034', 'TRD_GRP_035', 'TRD_GRP_036', 'TRD_GRP_037', 'TRD_GRP_038', 'TRD_GRP_039', 'TRD_GRP_040', 'TRD_GRP_041', 'TRD_GRP_042', 'TRD_GRP_043', 'TRD_GRP_044', 'TRD_GRP_045', 'TRD_GRP_046', 'TRD_GRP_047', 'TRD_GRP_048', 'TRD_GRP_049', 'TRD_GRP_050', 'TRD_GRP_051', 'TRD_GRP_052', 'TRD_GRP_053', 'TRD_GRP_054', 'TRD_GRP_055', 'TRD_GRP_056', 'TRD_GRP_057', 'TRD_GRP_058', 'TRD_GRP_059', 'TRD_GRP_060', 'TRD_GRP_061', 'TRD_GRP_062', 'TRD_GRP_063', 'TRD_GRP_064', 'TRD_GRP_065', 'TRD_GRP_066', 'TRD_GRP_067', 'TRD_GRP_068', 'TRD_GRP_069', 'TRD_GRP_070', 'TRD_GRP_071', 'TRD_GRP_072', 'TRD_GRP_073', 'TRD_GRP_074', 'TRD_GRP_075', 'TRD_GRP_076', 'TRD_GRP_077', 'TRD_GRP_078', 'TRD_GRP_079', 'TRD_GRP_080', 'TRD_GRP_081', 'TRD_GRP_082', 'TRD_GRP_083', 'TRD_GRP_084', 'TRD_GRP_085', 'TRD_GRP_086', 'TRD_GRP_087', 'TRD_GRP_088', 'TRD_GRP_089', 'TRD_GRP_090', 'TRD_GRP_091', 'TRD_GRP_092', 'TRD_GRP_093', 'TRD_GRP_094', 'TRD_GRP_095', 'TRD_GRP_096', 'TRD_GRP_097', 'TRD_GRP_098', 'TRD_GRP_099', 'TRD_GRP_100', 'TRD_GRP_101', 'TRD_GRP_102', 'TRD_GRP_103', 'TRD_GRP_104', 'TRD_GRP_105', 'TRD_GRP_106', 'TRD_GRP_107', 'TRD_GRP_108', 'TRD_GRP_109', 'TRD_GRP_110', 'TRD_GRP_111', 'TRD_GRP_112', 'TRD_GRP_113', 'TRD_GRP_114', 'TRD_GRP_115', 'TRD_GRP_116', 'TRD_GRP_117', 'TRD_GRP_118', 'TRD_GRP_119', 'TRD_GRP_120', 'TRD_GRP_121', 'TRD_GRP_122', 'TRD_GRP_123', 'TRD_GRP_124', 'TRD_GRP_125', 'TRD_GRP_126', 'TRD_GRP_127', 'TRD_GRP_128', 'TRD_GRP_129', 'TRD_GRP_130', 'TRD_GRP_131', 'TRD_GRP_132', 'TRD_GRP_133', 'TRD_GRP_134', 'TRD_GRP_135', 'TRD_GRP_136', 'TRD_GRP_137', 'TRD_GRP_138', 'TRD_GRP_139', 'TRD_GRP_140', 'TRD_GRP_141', 'TRD_GRP_142', 'TRD_GRP_143', 'TRD_GRP_144', 'TRD_GRP_145', 'TRD_GRP_146', 'TRD_GRP_147', 'TRD_GRP_148', 'TRD_GRP_149', 'TRD_GRP_150', 'TRD_GRP_151', 'TRD_GRP_152', 'TRD_GRP_153', 'TRD_GRP_154', 'TRD_GRP_155', 'TRD_GRP_156', 'TRD_GRP_157', 'TRD_GRP_158', 'TRD_GRP_159', 'TRD_GRP_160', 'TRD_GRP_161', 'TRD_GRP_162', 'TRD_GRP_163', 'TRD_GRP_164', 'TRD_GRP_165', 'TRD_GRP_166', 'TRD_GRP_167', 'TRD_GRP_168', 'TRD_GRP_169', 'TRD_GRP_170', 'TRD_GRP_171', 'TRD_GRP_172', 'TRD_GRP_173', 'TRD_GRP_174', 'TRD_GRP_175', 'TRD_GRP_176', 'TRD_GRP_177', 'TRD_GRP_178', 'TRD_GRP_179', 'TRD_GRP_180', 'TRD_GRP_181', 'TRD_GRP_182', 'TRD_GRP_183', 'TRD_GRP_184', 'TRD_GRP_185', 'TRD_GRP_186', 'TRD_GRP_187', 'TRD_GRP_188', 'TRD_GRP_189', 'TRD_GRP_190', 'TRD_GRP_191', 'TRD_GRP_192', 'TRD_GRP_193', 'TRD_GRP_194', 'TRD_GRP_195', 'TRD_GRP_196', 'TRD_GRP_197', 'TRD_GRP_198', 'TRD_GRP_199', 'TRD_GRP_200', 'TRD_GRP_201', 'TRD_GRP_202', 'TRD_GRP_203', 'TRD_GRP_204', 'TRD_GRP_205', 'TRD_GRP_206', 'TRD_GRP_207', 'TRD_GRP_208', 'TRD_GRP_209', 'TRD_GRP_210', 'TRD_GRP_211', 'TRD_GRP_212', 'TRD_GRP_213', 'TRD_GRP_214', 'TRD_GRP_215', 'TRD_GRP_216', 'TRD_GRP_217', 'TRD_GRP_218', 'TRD_GRP_219', 'TRD_GRP_220', 'TRD_GRP_221', 'TRD_GRP_222', 'TRD_GRP_223', 'TRD_GRP_224', 'TRD_GRP_225', 'TRD_GRP_226', 'TRD_GRP_227', 'TRD_GRP_228', 'TRD_GRP_229', 'TRD_GRP_230', 'TRD_GRP_231', 'TRD_GRP_232', 'TRD_GRP_233', 'TRD_GRP_234', 'TRD_GRP_235']], 'defaultSelfTradePreventionMode': 'EXPIRE_MAKER', 'allowedSelfTradePreventionModes': ['EXPIRE_TAKER', 'EXPIRE_MAKER', 'EXPIRE_BOTH']}
2025-01-18 01:16:37,456 - WARNING - \u26a0\ufe0f Filtro MIN_NOTIONAL não encontrado para BTCUSDT.
2025-01-18 01:16:38,201 - WARNING - \u26a0\ufe0f Não foi possível determinar o valor mínimo de compra para BTCUSDT.
2025-01-18 01:16:39,114 - INFO - \U0001f50d Informações da Binance para ETHUSDT: {'symbol': 'ETHUSDT', 'status': 'TRADING', 'baseAsset': 'ETH', 'baseAssetPrecision': 8, 'quoteAsset': 'USDT', 'quotePrecision': 8, 'quoteAssetPrecision': 8, 'baseCommissionPrecision': 8, 'quoteCommissionPrecision': 8, 'orderTypes': ['LIMIT', 'LIMIT_MAKER', 'MARKET', 'STOP_LOSS', 'STOP_LOSS_LIMIT', 'TAKE_PROFIT', 'TAKE_PROFIT_LIMIT'], 'icebergAllowed': True, 'ocoAllowed': True, 'otoAllowed': True, 'quoteOrderQtyMarketAllowed': True, 'allowTrailingStop': True, 'cancelReplaceAllowed': True, 'isSpotTradingAllowed': True, 'isMarginTradingAllowed': True, 'filters': [{'filterType': 'PRICE_FILTER', 'minPrice': '0.01000000', 'maxPrice': '1000000.00000000', 'tickSize': '0.01000000'}, {'filterType': 'LOT_SIZE', 'minQty': '0.00010000', 'maxQty': '9000.00000000', 'stepSize': '0.00010000'}, {'filterType': 'ICEBERG_PARTS', 'limit': 10}, {'filterType': 'MARKET_LOT_SIZE', 'minQty': '0.00000000', 'maxQty': '2418.75700375', 'stepSize': '0.00000000'}, {'filterType': 'TRAILING_DELTA', 'minTrailingAboveDelta': 10, 'maxTrailingAboveDelta': 2000, 'minTrailingBelowDelta': 10, 'maxTrailingBelowDelta': 2000}, {'filterType': 'PERCENT_PRICE_BY_SIDE', 'bidMultiplierUp': '5', 'bidMultiplierDown': '0.2', 'askMultiplierUp': '5', 'askMultiplierDown': '0.2', 'avgPriceMins': 5}, {'filterType': 'NOTIONAL', 'minNotional': '5.00000000', 'applyMinToMarket': True, 'maxNotional': '9000000.00000000', 'applyMaxToMarket': False, 'avgPriceMins': 5}, {'filterType': 'MAX_NUM_ORDERS', 'maxNumOrders': 200}, {'filterType': 'MAX_NUM_ALGO_ORDERS', 'maxNumAlgoOrders': 5}], 'permissions': [], 'permissionSets': [['SPOT', 'MARGIN', 'TRD_GRP_004', 'TRD_GRP_005', 'TRD_GRP_006', 'TRD_GRP_009', 'TRD_GRP_010', 'TRD_GRP_011', 'TRD_GRP_012', 'TRD_GRP_013', 'TRD_GRP_014', 'TRD_GRP_015', 'TRD_GRP_016', 'TRD_GRP_017', 'TRD_GRP_018', 'TRD_GRP_019', 'TRD_GRP_020', 'TRD_GRP_021', 'TRD_GRP_022', 'TRD_GRP_023', 'TRD_GRP_024', 'TRD_GRP_025', 'TRD_GRP_026', 'TRD_GRP_027', 'TRD_GRP_028', 'TRD_GRP_029', 'TRD_GRP_030', 'TRD_GRP_031', 'TRD_GRP_032', 'TRD_GRP_033', 'TRD_GRP_034', 'TRD_GRP_035', 'TRD_GRP_036', 'TRD_GRP_037', 'TRD_GRP_038', 'TRD_GRP_039', 'TRD_GRP_040', 'TRD_GRP_041', 'TRD_GRP_042', 'TRD_GRP_043', 'TRD_GRP_044', 'TRD_GRP_045', 'TRD_GRP_046', 'TRD_GRP_047', 'TRD_GRP_048', 'TRD_GRP_049', 'TRD_GRP_050', 'TRD_GRP_051', 'TRD_GRP_052', 'TRD_GRP_053', 'TRD_GRP_054', 'TRD_GRP_055', 'TRD_GRP_056', 'TRD_GRP_057', 'TRD_GRP_058', 'TRD_GRP_059', 'TRD_GRP_060', 'TRD_GRP_061', 'TRD_GRP_062', 'TRD_GRP_063', 'TRD_GRP_064', 'TRD_GRP_065', 'TRD_GRP_066', 'TRD_GRP_067', 'TRD_GRP_068', 'TRD_GRP_069', 'TRD_GRP_070', 'TRD_GRP_071', 'TRD_GRP_072', 'TRD_GRP_073', 'TRD_GRP_074', 'TRD_GRP_075', 'TRD_GRP_076', 'TRD_GRP_077', 'TRD_GRP_078', 'TRD_GRP_079', 'TRD_GRP_080', 'TRD_GRP_081', 'TRD_GRP_082', 'TRD_GRP_083', 'TRD_GRP_084', 'TRD_GRP_085', 'TRD_GRP_086', 'TRD_GRP_087', 'TRD_GRP_088', 'TRD_GRP_089', 'TRD_GRP_090', 'TRD_GRP_091', 'TRD_GRP_092', 'TRD_GRP_093', 'TRD_GRP_094', 'TRD_GRP_095', 'TRD_GRP_096', 'TRD_GRP_097', 'TRD_GRP_098', 'TRD_GRP_099', 'TRD_GRP_100', 'TRD_GRP_101', 'TRD_GRP_102', 'TRD_GRP_103', 'TRD_GRP_104', 'TRD_GRP_105', 'TRD_GRP_106', 'TRD_GRP_107', 'TRD_GRP_108', 'TRD_GRP_109', 'TRD_GRP_110', 'TRD_GRP_111', 'TRD_GRP_112', 'TRD_GRP_113', 'TRD_GRP_114', 'TRD_GRP_115', 'TRD_GRP_116', 'TRD_GRP_117', 'TRD_GRP_118', 'TRD_GRP_119', 'TRD_GRP_120', 'TRD_GRP_121', 'TRD_GRP_122', 'TRD_GRP_123', 'TRD_GRP_124', 'TRD_GRP_125', 'TRD_GRP_126', 'TRD_GRP_127', 'TRD_GRP_128', 'TRD_GRP_129', 'TRD_GRP_130', 'TRD_GRP_131', 'TRD_GRP_132', 'TRD_GRP_133', 'TRD_GRP_134', 'TRD_GRP_135', 'TRD_GRP_136', 'TRD_GRP_137', 'TRD_GRP_138', 'TRD_GRP_139', 'TRD_GRP_140', 'TRD_GRP_141', 'TRD_GRP_142', 'TRD_GRP_143', 'TRD_GRP_144', 'TRD_GRP_145', 'TRD_GRP_146', 'TRD_GRP_147', 'TRD_GRP_148', 'TRD_GRP_149', 'TRD_GRP_150', 'TRD_GRP_151', 'TRD_GRP_152', 'TRD_GRP_153', 'TRD_GRP_154', 'TRD_GRP_155', 'TRD_GRP_156', 'TRD_GRP_157', 'TRD_GRP_158', 'TRD_GRP_159', 'TRD_GRP_160', 'TRD_GRP_161', 'TRD_GRP_162', 'TRD_GRP_163', 'TRD_GRP_164', 'TRD_GRP_165', 'TRD_GRP_166', 'TRD_GRP_167', 'TRD_GRP_168', 'TRD_GRP_169', 'TRD_GRP_170', 'TRD_GRP_171', 'TRD_GRP_172', 'TRD_GRP_173', 'TRD_GRP_174', 'TRD_GRP_175', 'TRD_GRP_176', 'TRD_GRP_177', 'TRD_GRP_178', 'TRD_GRP_179', 'TRD_GRP_180', 'TRD_GRP_181', 'TRD_GRP_182', 'TRD_GRP_183', 'TRD_GRP_184', 'TRD_GRP_185', 'TRD_GRP_186', 'TRD_GRP_187', 'TRD_GRP_188', 'TRD_GRP_189', 'TRD_GRP_190', 'TRD_GRP_191', 'TRD_GRP_192', 'TRD_GRP_193', 'TRD_GRP_194', 'TRD_GRP_195', 'TRD_GRP_196', 'TRD_GRP_197', 'TRD_GRP_198', 'TRD_GRP_199', 'TRD_GRP_200', 'TRD_GRP_201', 'TRD_GRP_202', 'TRD_GRP_203', 'TRD_GRP_204', 'TRD_GRP_205', 'TRD_GRP_206', 'TRD_GRP_207', 'TRD_GRP_208', 'TRD_GRP_209', 'TRD_GRP_210', 'TRD_GRP_211', 'TRD_GRP_212', 'TRD_GRP_213', 'TRD_GRP_214', 'TRD_GRP_215', 'TRD_GRP_216', 'TRD_GRP_217', 'TRD_GRP_218', 'TRD_GRP_219', 'TRD_GRP_220', 'TRD_GRP_221', 'TRD_GRP_222', 'TRD_GRP_223', 'TRD_GRP_224', 'TRD_GRP_225', 'TRD_GRP_226', 'TRD_GRP_227', 'TRD_GRP_228', 'TRD_GRP_229', 'TRD_GRP_230', 'TRD_GRP_231', 'TRD_GRP_232', 'TRD_GRP_233', 'TRD_GRP_234', 'TRD_GRP_235']], 'defaultSelfTradePreventionMode': 'EXPIRE_MAKER', 'allowedSelfTradePreventionModes': ['EXPIRE_TAKER', 'EXPIRE_MAKER', 'EXPIRE_BOTH']}
2025-01-18 01:16:39,114 - WARNING - \u26a0\ufe0f Filtro MIN_NOTIONAL não encontrado para ETHUSDT.
2025-01-18 01:16:40,812 - WARNING - \u26a0\ufe0f Não foi possível determinar o valor mínimo de compra para ETHUSDT.
2025-01-18 01:17:13,029 - INFO - \U0001f50d Informações da Binance para BTCUSDT: {'symbol': 'BTCUSDT', 'status': 'TRADING', 'baseAsset': 'BTC', 'baseAssetPrecision': 8, 'quoteAsset': 'USDT', 'quotePrecision': 8, 'quoteAssetPrecision': 8, 'baseCommissionPrecision': 8, 'quoteCommissionPrecision': 8, 'orderTypes': ['LIMIT', 'LIMIT_MAKER', 'MARKET', 'STOP_LOSS', 'STOP_LOSS_LIMIT', 'TAKE_PROFIT', 'TAKE_PROFIT_LIMIT'], 'icebergAllowed': True, 'ocoAllowed': True, 'otoAllowed': True, 'quoteOrderQtyMarketAllowed': True, 'allowTrailingStop': True, 'cancelReplaceAllowed': True, 'isSpotTradingAllowed': True, 'isMarginTradingAllowed': True, 'filters': [{'filterType': 'PRICE_FILTER', 'minPrice': '0.01000000', 'maxPrice': '1000000.00000000', 'tickSize': '0.01000000'}, {'filterType': 'LOT_SIZE', 'minQty': '0.00001000', 'maxQty': '9000.00000000', 'stepSize': '0.00001000'}, {'filterType': 'ICEBERG_PARTS', 'limit': 10}, {'filterType': 'MARKET_LOT_SIZE', 'minQty': '0.00000000', 'maxQty': '89.67500095', 'stepSize': '0.00000000'}, {'filterType': 'TRAILING_DELTA', 'minTrailingAboveDelta': 10, 'maxTrailingAboveDelta': 2000, 'minTrailingBelowDelta': 10, 'maxTrailingBelowDelta': 2000}, {'filterType': 'PERCENT_PRICE_BY_SIDE', 'bidMultiplierUp': '5', 'bidMultiplierDown': '0.2', 'askMultiplierUp': '5', 'askMultiplierDown': '0.2', 'avgPriceMins': 5}, {'filterType': 'NOTIONAL', 'minNotional': '5.00000000', 'applyMinToMarket': True, 'maxNotional': '9000000.00000000', 'applyMaxToMarket': False, 'avgPriceMins': 5}, {'filterType': 'MAX_NUM_ORDERS', 'maxNumOrders': 200}, {'filterType': 'MAX_NUM_ALGO_ORDERS', 'maxNumAlgoOrders': 5}], 'permissions': [], 'permissionSets': [['SPOT', 'MARGIN', 'TRD_GRP_004', 'TRD_GRP_005', 'TRD_GRP_006', 'TRD_GRP_009', 'TRD_GRP_010', 'TRD_GRP_011', 'TRD_GRP_012', 'TRD_GRP_013', 'TRD_GRP_014', 'TRD_GRP_015', 'TRD_GRP_016', 'TRD_GRP_017', 'TRD_GRP_018', 'TRD_GRP_019', 'TRD_GRP_020', 'TRD_GRP_021', 'TRD_GRP_022', 'TRD_GRP_023', 'TRD_GRP_024', 'TRD_GRP_025', 'TRD_GRP_026', 'TRD_GRP_027', 'TRD_GRP_028', 'TRD_GRP_029', 'TRD_GRP_030', 'TRD_GRP_031', 'TRD_GRP_032', 'TRD_GRP_033', 'TRD_GRP_034', 'TRD_GRP_035', 'TRD_GRP_036', 'TRD_GRP_037', 'TRD_GRP_038', 'TRD_GRP_039', 'TRD_GRP_040', 'TRD_GRP_041', 'TRD_GRP_042', 'TRD_GRP_043', 'TRD_GRP_044', 'TRD_GRP_045', 'TRD_GRP_046', 'TRD_GRP_047', 'TRD_GRP_048', 'TRD_GRP_049', 'TRD_GRP_050', 'TRD_GRP_051', 'TRD_GRP_052', 'TRD_GRP_053', 'TRD_GRP_054', 'TRD_GRP_055', 'TRD_GRP_056', 'TRD_GRP_057', 'TRD_GRP_058', 'TRD_GRP_059', 'TRD_GRP_060', 'TRD_GRP_061', 'TRD_GRP_062', 'TRD_GRP_063', 'TRD_GRP_064', 'TRD_GRP_065', 'TRD_GRP_066', 'TRD_GRP_067', 'TRD_GRP_068', 'TRD_GRP_069', 'TRD_GRP_070', 'TRD_GRP_071', 'TRD_GRP_072', 'TRD_GRP_073', 'TRD_GRP_074', 'TRD_GRP_075', 'TRD_GRP_076', 'TRD_GRP_077', 'TRD_GRP_078', 'TRD_GRP_079', 'TRD_GRP_080', 'TRD_GRP_081', 'TRD_GRP_082', 'TRD_GRP_083', 'TRD_GRP_084', 'TRD_GRP_085', 'TRD_GRP_086', 'TRD_GRP_087', 'TRD_GRP_088', 'TRD_GRP_089', 'TRD_GRP_090', 'TRD_GRP_091', 'TRD_GRP_092', 'TRD_GRP_093', 'TRD_GRP_094', 'TRD_GRP_095', 'TRD_GRP_096', 'TRD_GRP_097', 'TRD_GRP_098', 'TRD_GRP_099', 'TRD_GRP_100', 'TRD_GRP_101', 'TRD_GRP_102', 'TRD_GRP_103', 'TRD_GRP_104', 'TRD_GRP_105', 'TRD_GRP_106', 'TRD_GRP_107', 'TRD_GRP_108', 'TRD_GRP_109', 'TRD_GRP_110', 'TRD_GRP_111', 'TRD_GRP_112', 'TRD_GRP_113', 'TRD_GRP_114', 'TRD_GRP_115', 'TRD_GRP_116', 'TRD_GRP_117', 'TRD_GRP_118', 'TRD_GRP_119', 'TRD_GRP_120', 'TRD_GRP_121', 'TRD_GRP_122', 'TRD_GRP_123', 'TRD_GRP_124', 'TRD_GRP_125', 'TRD_GRP_126', 'TRD_GRP_127', 'TRD_GRP_128', 'TRD_GRP_129', 'TRD_GRP_130', 'TRD_GRP_131', 'TRD_GRP_132', 'TRD_GRP_133', 'TRD_GRP_134', 'TRD_GRP_135', 'TRD_GRP_136', 'TRD_GRP_137', 'TRD_GRP_138', 'TRD_GRP_139', 'TRD_GRP_140', 'TRD_GRP_141', 'TRD_GRP_142', 'TRD_GRP_143', 'TRD_GRP_144', 'TRD_GRP_145', 'TRD_GRP_146', 'TRD_GRP_147', 'TRD_GRP_148', 'TRD_GRP_149', 'TRD_GRP_150', 'TRD_GRP_151', 'TRD_GRP_152', 'TRD_GRP_153', 'TRD_GRP_154', 'TRD_GRP_155', 'TRD_GRP_156', 'TRD_GRP_157', 'TRD_GRP_158', 'TRD_GRP_159', 'TRD_GRP_160', 'TRD_GRP_161', 'TRD_GRP_162', 'TRD_GRP_163', 'TRD_GRP_164', 'TRD_GRP_165', 'TRD_GRP_166', 'TRD_GRP_167', 'TRD_GRP_168', 'TRD_GRP_169', 'TRD_GRP_170', 'TRD_GRP_171', 'TRD_GRP_172', 'TRD_GRP_173', 'TRD_GRP_174', 'TRD_GRP_175', 'TRD_GRP_176', 'TRD_GRP_177', 'TRD_GRP_178', 'TRD_GRP_179', 'TRD_GRP_180', 'TRD_GRP_181', 'TRD_GRP_182', 'TRD_GRP_183', 'TRD_GRP_184', 'TRD_GRP_185', 'TRD_GRP_186', 'TRD_GRP_187', 'TRD_GRP_188', 'TRD_GRP_189', 'TRD_GRP_190', 'TRD_GRP_191', 'TRD_GRP_192', 'TRD_GRP_193', 'TRD_GRP_194', 'TRD_GRP_195', 'TRD_GRP_196', 'TRD_GRP_197', 'TRD_GRP_198', 'TRD_GRP_199', 'TRD_GRP_200', 'TRD_GRP_201', 'TRD_GRP_202', 'TRD_GRP_203', 'TRD_GRP_204', 'TRD_GRP_205', 'TRD_GRP_206', 'TRD_GRP_207', 'TRD_GRP_208', 'TRD_GRP_209', 'TRD_GRP_210', 'TRD_GRP_211', 'TRD_GRP_212', 'TRD_GRP_213', 'TRD_GRP_214', 'TRD_GRP_215', 'TRD_GRP_216', 'TRD_GRP_217', 'TRD_GRP_218', 'TRD_GRP_219', 'TRD_GRP_220', 'TRD_GRP_221', 'TRD_GRP_222', 'TRD_GRP_223', 'TRD_GRP_224', 'TRD_GRP_225', 'TRD_GRP_226', 'TRD_GRP_227', 'TRD_GRP_228', 'TRD_GRP_229', 'TRD_GRP_230', 'TRD_GRP_231', 'TRD_GRP_232', 'TRD_GRP_233', 'TRD_GRP_234', 'TRD_GRP_235']], 'defaultSelfTradePreventionMode': 'EXPIRE_MAKER', 'allowedSelfTradePreventionModes': ['EXPIRE_TAKER', 'EXPIRE_MAKER', 'EXPIRE_BOTH']}
2025-01-18 01:17:13,029 - WARNING - \u26a0\ufe0f Filtro MIN_NOTIONAL não encontrado para BTCUSDT.
2025-01-18 01:17:15,058 - WARNING - \u26a0\ufe0f Não foi possível determinar o valor mínimo de compra para BTCUSDT.
2025-01-18 01:17:16,151 - INFO - \U0001f50d Informações da Binance para ETHUSDT: {'symbol': 'ETHUSDT', 'status': 'TRADING', 'baseAsset': 'ETH', 'baseAssetPrecision': 8, 'quoteAsset': 'USDT', 'quotePrecision': 8, 'quoteAssetPrecision': 8, 'baseCommissionPrecision': 8, 'quoteCommissionPrecision': 8, 'orderTypes': ['LIMIT', 'LIMIT_MAKER', 'MARKET', 'STOP_LOSS', 'STOP_LOSS_LIMIT', 'TAKE_PROFIT', 'TAKE_PROFIT_LIMIT'], 'icebergAllowed': True, 'ocoAllowed': True, 'otoAllowed': True, 'quoteOrderQtyMarketAllowed': True, 'allowTrailingStop': True, 'cancelReplaceAllowed': True, 'isSpotTradingAllowed': True, 'isMarginTradingAllowed': True, 'filters': [{'filterType': 'PRICE_FILTER', 'minPrice': '0.01000000', 'maxPrice': '1000000.00000000', 'tickSize': '0.01000000'}, {'filterType': 'LOT_SIZE', 'minQty': '0.00010000', 'maxQty': '9000.00000000', 'stepSize': '0.00010000'}, {'filterType': 'ICEBERG_PARTS', 'limit': 10}, {'filterType': 'MARKET_LOT_SIZE', 'minQty': '0.00000000', 'maxQty': '2418.75700375', 'stepSize': '0.00000000'}, {'filterType': 'TRAILING_DELTA', 'minTrailingAboveDelta': 10, 'maxTrailingAboveDelta': 2000, 'minTrailingBelowDelta': 10, 'maxTrailingBelowDelta': 2000}, {'filterType': 'PERCENT_PRICE_BY_SIDE', 'bidMultiplierUp': '5', 'bidMultiplierDown': '0.2', 'askMultiplierUp': '5', 'askMultiplierDown': '0.2', 'avgPriceMins': 5}, {'filterType': 'NOTIONAL', 'minNotional': '5.00000000', 'applyMinToMarket': True, 'maxNotional': '9000000.00000000', 'applyMaxToMarket': False, 'avgPriceMins': 5}, {'filterType': 'MAX_NUM_ORDERS', 'maxNumOrders': 200}, {'filterType': 'MAX_NUM_ALGO_ORDERS', 'maxNumAlgoOrders': 5}], 'permissions': [], 'permissionSets': [['SPOT', 'MARGIN', 'TRD_GRP_004', 'TRD_GRP_005', 'TRD_GRP_006', 'TRD_GRP_009', 'TRD_GRP_010', 'TRD_GRP_011', 'TRD_GRP_012', 'TRD_GRP_013', 'TRD_GRP_014', 'TRD_GRP_015', 'TRD_GRP_016', 'TRD_GRP_017', 'TRD_GRP_018', 'TRD_GRP_019', 'TRD_GRP_020', 'TRD_GRP_021', 'TRD_GRP_022', 'TRD_GRP_023', 'TRD_GRP_024', 'TRD_GRP_025', 'TRD_GRP_026', 'TRD_GRP_027', 'TRD_GRP_028', 'TRD_GRP_029', 'TRD_GRP_030', 'TRD_GRP_031', 'TRD_GRP_032', 'TRD_GRP_033', 'TRD_GRP_034', 'TRD_GRP_035', 'TRD_GRP_036', 'TRD_GRP_037', 'TRD_GRP_038', 'TRD_GRP_039', 'TRD_GRP_040', 'TRD_GRP_041', 'TRD_GRP_042', 'TRD_GRP_043', 'TRD_GRP_044', 'TRD_GRP_045', 'TRD_GRP_046', 'TRD_GRP_047', 'TRD_GRP_048', 'TRD_GRP_049', 'TRD_GRP_050', 'TRD_GRP_051', 'TRD_GRP_052', 'TRD_GRP_053', 'TRD_GRP_054', 'TRD_GRP_055', 'TRD_GRP_056', 'TRD_GRP_057', 'TRD_GRP_058', 'TRD_GRP_059', 'TRD_GRP_060', 'TRD_GRP_061', 'TRD_GRP_062', 'TRD_GRP_063', 'TRD_GRP_064', 'TRD_GRP_065', 'TRD_GRP_066', 'TRD_GRP_067', 'TRD_GRP_068', 'TRD_GRP_069', 'TRD_GRP_070', 'TRD_GRP_071', 'TRD_GRP_072', 'TRD_GRP_073', 'TRD_GRP_074', 'TRD_GRP_075', 'TRD_GRP_076', 'TRD_GRP_077', 'TRD_GRP_078', 'TRD_GRP_079', 'TRD_GRP_080', 'TRD_GRP_081', 'TRD_GRP_082', 'TRD_GRP_083', 'TRD_GRP_084', 'TRD_GRP_085', 'TRD_GRP_086', 'TRD_GRP_087', 'TRD_GRP_088', 'TRD_GRP_089', 'TRD_GRP_090', 'TRD_GRP_091', 'TRD_GRP_092', 'TRD_GRP_093', 'TRD_GRP_094', 'TRD_GRP_095', 'TRD_GRP_096', 'TRD_GRP_097', 'TRD_GRP_098', 'TRD_GRP_099', 'TRD_GRP_100', 'TRD_GRP_101', 'TRD_GRP_102', 'TRD_GRP_103', 'TRD_GRP_104', 'TRD_GRP_105', 'TRD_GRP_106', 'TRD_GRP_107', 'TRD_GRP_108', 'TRD_GRP_109', 'TRD_GRP_110', 'TRD_GRP_111', 'TRD_GRP_112', 'TRD_GRP_113', 'TRD_GRP_114', 'TRD_GRP_115', 'TRD_GRP_116', 'TRD_GRP_117', 'TRD_GRP_118', 'TRD_GRP_119', 'TRD_GRP_120', 'TRD_GRP_121', 'TRD_GRP_122', 'TRD_GRP_123', 'TRD_GRP_124', 'TRD_GRP_125', 'TRD_GRP_126', 'TRD_GRP_127', 'TRD_GRP_128', 'TRD_GRP_129', 'TRD_GRP_130', 'TRD_GRP_131', 'TRD_GRP_132', 'TRD_GRP_133', 'TRD_GRP_134', 'TRD_GRP_135', 'TRD_GRP_136', 'TRD_GRP_137', 'TRD_GRP_138', 'TRD_GRP_139', 'TRD_GRP_140', 'TRD_GRP_141', 'TRD_GRP_142', 'TRD_GRP_143', 'TRD_GRP_144', 'TRD_GRP_145', 'TRD_GRP_146', 'TRD_GRP_147', 'TRD_GRP_148', 'TRD_GRP_149', 'TRD_GRP_150', 'TRD_GRP_151', 'TRD_GRP_152', 'TRD_GRP_153', 'TRD_GRP_154', 'TRD_GRP_155', 'TRD_GRP_156', 'TRD_GRP_157', 'TRD_GRP_158', 'TRD_GRP_159', 'TRD_GRP_160', 'TRD_GRP_161', 'TRD_GRP_162', 'TRD_GRP_163', 'TRD_GRP_164', 'TRD_GRP_165', 'TRD_GRP_166', 'TRD_GRP_167', 'TRD_GRP_168', 'TRD_GRP_169', 'TRD_GRP_170', 'TRD_GRP_171', 'TRD_GRP_172', 'TRD_GRP_173', 'TRD_GRP_174', 'TRD_GRP_175', 'TRD_GRP_176', 'TRD_GRP_177', 'TRD_GRP_178', 'TRD_GRP_179', 'TRD_GRP_180', 'TRD_GRP_181', 'TRD_GRP_182', 'TRD_GRP_183', 'TRD_GRP_184', 'TRD_GRP_185', 'TRD_GRP_186', 'TRD_GRP_187', 'TRD_GRP_188', 'TRD_GRP_189', 'TRD_GRP_190', 'TRD_GRP_191', 'TRD_GRP_192', 'TRD_GRP_193', 'TRD_GRP_194', 'TRD_GRP_195', 'TRD_GRP_196', 'TRD_GRP_197', 'TRD_GRP_198', 'TRD_GRP_199', 'TRD_GRP_200', 'TRD_GRP_201', 'TRD_GRP_202', 'TRD_GRP_203', 'TRD_GRP_204', 'TRD_GRP_205', 'TRD_GRP_206', 'TRD_GRP_207', 'TRD_GRP_208', 'TRD_GRP_209', 'TRD_GRP_210', 'TRD_GRP_211', 'TRD_GRP_212', 'TRD_GRP_213', 'TRD_GRP_214', 'TRD_GRP_215', 'TRD_GRP_216', 'TRD_GRP_217', 'TRD_GRP_218', 'TRD_GRP_219', 'TRD_GRP_220', 'TRD_GRP_221', 'TRD_GRP_222', 'TRD_GRP_223', 'TRD_GRP_224', 'TRD_GRP_225', 'TRD_GRP_226', 'TRD_GRP_227', 'TRD_GRP_228', 'TRD_GRP_229', 'TRD_GRP_230', 'TRD_GRP_231', 'TRD_GRP_232', 'TRD_GRP_233', 'TRD_GRP_234', 'TRD_GRP_235']], 'defaultSelfTradePreventionMode': 'EXPIRE_MAKER', 'allowedSelfTradePreventionModes': ['EXPIRE_TAKER', 'EXPIRE_MAKER', 'EXPIRE_BOTH']}
2025-01-18 01:17:16,152 - WARNING - \u26a0\ufe0f Filtro MIN_NOTIONAL não encontrado para ETHUSDT.
2025-01-18 01:17:16,941 - WARNING - \u26a0\ufe0f Não foi possível determinar o valor mínimo de compra para ETHUSDT.
2025-01-18 01:17:49,066 - INFO - \U0001f50d Informações da Binance para BTCUSDT: {'symbol': 'BTCUSDT', 'status': 'TRADING', 'baseAsset': 'BTC', 'baseAssetPrecision': 8, 'quoteAsset': 'USDT', 'quotePrecision': 8, 'quoteAssetPrecision': 8, 'baseCommissionPrecision': 8, 'quoteCommissionPrecision': 8, 'orderTypes': ['LIMIT', 'LIMIT_MAKER', 'MARKET', 'STOP_LOSS', 'STOP_LOSS_LIMIT', 'TAKE_PROFIT', 'TAKE_PROFIT_LIMIT'], 'icebergAllowed': True, 'ocoAllowed': True, 'otoAllowed': True, 'quoteOrderQtyMarketAllowed': True, 'allowTrailingStop': True, 'cancelReplaceAllowed': True, 'isSpotTradingAllowed': True, 'isMarginTradingAllowed': True, 'filters': [{'filterType': 'PRICE_FILTER', 'minPrice': '0.01000000', 'maxPrice': '1000000.00000000', 'tickSize': '0.01000000'}, {'filterType': 'LOT_SIZE', 'minQty': '0.00001000', 'maxQty': '9000.00000000', 'stepSize': '0.00001000'}, {'filterType': 'ICEBERG_PARTS', 'limit': 10}, {'filterType': 'MARKET_LOT_SIZE', 'minQty': '0.00000000', 'maxQty': '89.67500095', 'stepSize': '0.00000000'}, {'filterType': 'TRAILING_DELTA', 'minTrailingAboveDelta': 10, 'maxTrailingAboveDelta': 2000, 'minTrailingBelowDelta': 10, 'maxTrailingBelowDelta': 2000}, {'filterType': 'PERCENT_PRICE_BY_SIDE', 'bidMultiplierUp': '5', 'bidMultiplierDown': '0.2', 'askMultiplierUp': '5', 'askMultiplierDown': '0.2', 'avgPriceMins': 5}, {'filterType': 'NOTIONAL', 'minNotional': '5.00000000', 'applyMinToMarket': True, 'maxNotional': '9000000.00000000', 'applyMaxToMarket': False, 'avgPriceMins': 5}, {'filterType': 'MAX_NUM_ORDERS', 'maxNumOrders': 200}, {'filterType': 'MAX_NUM_ALGO_ORDERS', 'maxNumAlgoOrders': 5}], 'permissions': [], 'permissionSets': [['SPOT', 'MARGIN', 'TRD_GRP_004', 'TRD_GRP_005', 'TRD_GRP_006', 'TRD_GRP_009', 'TRD_GRP_010', 'TRD_GRP_011', 'TRD_GRP_012', 'TRD_GRP_013', 'TRD_GRP_014', 'TRD_GRP_015', 'TRD_GRP_016', 'TRD_GRP_017', 'TRD_GRP_018', 'TRD_GRP_019', 'TRD_GRP_020', 'TRD_GRP_021', 'TRD_GRP_022', 'TRD_GRP_023', 'TRD_GRP_024', 'TRD_GRP_025', 'TRD_GRP_026', 'TRD_GRP_027', 'TRD_GRP_028', 'TRD_GRP_029', 'TRD_GRP_030', 'TRD_GRP_031', 'TRD_GRP_032', 'TRD_GRP_033', 'TRD_GRP_034', 'TRD_GRP_035', 'TRD_GRP_036', 'TRD_GRP_037', 'TRD_GRP_038', 'TRD_GRP_039', 'TRD_GRP_040', 'TRD_GRP_041', 'TRD_GRP_042', 'TRD_GRP_043', 'TRD_GRP_044', 'TRD_GRP_045', 'TRD_GRP_046', 'TRD_GRP_047', 'TRD_GRP_048', 'TRD_GRP_049', 'TRD_GRP_050', 'TRD_GRP_051', 'TRD_GRP_052', 'TRD_GRP_053', 'TRD_GRP_054', 'TRD_GRP_055', 'TRD_GRP_056', 'TRD_GRP_057', 'TRD_GRP_058', 'TRD_GRP_059', 'TRD_GRP_060', 'TRD_GRP_061', 'TRD_GRP_062', 'TRD_GRP_063', 'TRD_GRP_064', 'TRD_GRP_065', 'TRD_GRP_066', 'TRD_GRP_067', 'TRD_GRP_068', 'TRD_GRP_069', 'TRD_GRP_070', 'TRD_GRP_071', 'TRD_GRP_072', 'TRD_GRP_073', 'TRD_GRP_074', 'TRD_GRP_075', 'TRD_GRP_076', 'TRD_GRP_077', 'TRD_GRP_078', 'TRD_GRP_079', 'TRD_GRP_080', 'TRD_GRP_081', 'TRD_GRP_082', 'TRD_GRP_083', 'TRD_GRP_084', 'TRD_GRP_085', 'TRD_GRP_086', 'TRD_GRP_087', 'TRD_GRP_088', 'TRD_GRP_089', 'TRD_GRP_090', 'TRD_GRP_091', 'TRD_GRP_092', 'TRD_GRP_093', 'TRD_GRP_094', 'TRD_GRP_095', 'TRD_GRP_096', 'TRD_GRP_097', 'TRD_GRP_098', 'TRD_GRP_099', 'TRD_GRP_100', 'TRD_GRP_101', 'TRD_GRP_102', 'TRD_GRP_103', 'TRD_GRP_104', 'TRD_GRP_105', 'TRD_GRP_106', 'TRD_GRP_107', 'TRD_GRP_108', 'TRD_GRP_109', 'TRD_GRP_110', 'TRD_GRP_111', 'TRD_GRP_112', 'TRD_GRP_113', 'TRD_GRP_114', 'TRD_GRP_115', 'TRD_GRP_116', 'TRD_GRP_117', 'TRD_GRP_118', 'TRD_GRP_119', 'TRD_GRP_120', 'TRD_GRP_121', 'TRD_GRP_122', 'TRD_GRP_123', 'TRD_GRP_124', 'TRD_GRP_125', 'TRD_GRP_126', 'TRD_GRP_127', 'TRD_GRP_128', 'TRD_GRP_129', 'TRD_GRP_130', 'TRD_GRP_131', 'TRD_GRP_132', 'TRD_GRP_133', 'TRD_GRP_134', 'TRD_GRP_135', 'TRD_GRP_136', 'TRD_GRP_137', 'TRD_GRP_138', 'TRD_GRP_139', 'TRD_GRP_140', 'TRD_GRP_141', 'TRD_GRP_142', 'TRD_GRP_143', 'TRD_GRP_144', 'TRD_GRP_145', 'TRD_GRP_146', 'TRD_GRP_147', 'TRD_GRP_148', 'TRD_GRP_149', 'TRD_GRP_150', 'TRD_GRP_151', 'TRD_GRP_152', 'TRD_GRP_153', 'TRD_GRP_154', 'TRD_GRP_155', 'TRD_GRP_156', 'TRD_GRP_157', 'TRD_GRP_158', 'TRD_GRP_159', 'TRD_GRP_160', 'TRD_GRP_161', 'TRD_GRP_162', 'TRD_GRP_163', 'TRD_GRP_164', 'TRD_GRP_165', 'TRD_GRP_166', 'TRD_GRP_167', 'TRD_GRP_168', 'TRD_GRP_169', 'TRD_GRP_170', 'TRD_GRP_171', 'TRD_GRP_172', 'TRD_GRP_173', 'TRD_GRP_174', 'TRD_GRP_175', 'TRD_GRP_176', 'TRD_GRP_177', 'TRD_GRP_178', 'TRD_GRP_179', 'TRD_GRP_180', 'TRD_GRP_181', 'TRD_GRP_182', 'TRD_GRP_183', 'TRD_GRP_184', 'TRD_GRP_185', 'TRD_GRP_186', 'TRD_GRP_187', 'TRD_GRP_188', 'TRD_GRP_189', 'TRD_GRP_190', 'TRD_GRP_191', 'TRD_GRP_192', 'TRD_GRP_193', 'TRD_GRP_194', 'TRD_GRP_195', 'TRD_GRP_196', 'TRD_GRP_197', 'TRD_GRP_198', 'TRD_GRP_199', 'TRD_GRP_200', 'TRD_GRP_201', 'TRD_GRP_202', 'TRD_GRP_203', 'TRD_GRP_204', 'TRD_GRP_205', 'TRD_GRP_206', 'TRD_GRP_207', 'TRD_GRP_208', 'TRD_GRP_209', 'TRD_GRP_210', 'TRD_GRP_211', 'TRD_GRP_212', 'TRD_GRP_213', 'TRD_GRP_214', 'TRD_GRP_215', 'TRD_GRP_216', 'TRD_GRP_217', 'TRD_GRP_218', 'TRD_GRP_219', 'TRD_GRP_220', 'TRD_GRP_221', 'TRD_GRP_222', 'TRD_GRP_223', 'TRD_GRP_224', 'TRD_GRP_225', 'TRD_GRP_226', 'TRD_GRP_227', 'TRD_GRP_228', 'TRD_GRP_229', 'TRD_GRP_230', 'TRD_GRP_231', 'TRD_GRP_232', 'TRD_GRP_233', 'TRD_GRP_234', 'TRD_GRP_235']], 'defaultSelfTradePreventionMode': 'EXPIRE_MAKER', 'allowedSelfTradePreventionModes': ['EXPIRE_TAKER', 'EXPIRE_MAKER', 'EXPIRE_BOTH']}
2025-01-18 01:17:49,066 - WARNING - \u26a0\ufe0f Filtro MIN_NOTIONAL não encontrado para BTCUSDT.
2025-01-18 01:17:49,853 - WARNING - \u26a0\ufe0f Não foi possível determinar o valor mínimo de compra para BTCUSDT.
2025-01-18 01:17:50,637 - INFO - \U0001f50d Informações da Binance para ETHUSDT: {'symbol': 'ETHUSDT', 'status': 'TRADING', 'baseAsset': 'ETH', 'baseAssetPrecision': 8, 'quoteAsset': 'USDT', 'quotePrecision': 8, 'quoteAssetPrecision': 8, 'baseCommissionPrecision': 8, 'quoteCommissionPrecision': 8, 'orderTypes': ['LIMIT', 'LIMIT_MAKER', 'MARKET', 'STOP_LOSS', 'STOP_LOSS_LIMIT', 'TAKE_PROFIT', 'TAKE_PROFIT_LIMIT'], 'icebergAllowed': True, 'ocoAllowed': True, 'otoAllowed': True, 'quoteOrderQtyMarketAllowed': True, 'allowTrailingStop': True, 'cancelReplaceAllowed': True, 'isSpotTradingAllowed': True, 'isMarginTradingAllowed': True, 'filters': [{'filterType': 'PRICE_FILTER', 'minPrice': '0.01000000', 'maxPrice': '1000000.00000000', 'tickSize': '0.01000000'}, {'filterType': 'LOT_SIZE', 'minQty': '0.00010000', 'maxQty': '9000.00000000', 'stepSize': '0.00010000'}, {'filterType': 'ICEBERG_PARTS', 'limit': 10}, {'filterType': 'MARKET_LOT_SIZE', 'minQty': '0.00000000', 'maxQty': '2418.75700375', 'stepSize': '0.00000000'}, {'filterType': 'TRAILING_DELTA', 'minTrailingAboveDelta': 10, 'maxTrailingAboveDelta': 2000, 'minTrailingBelowDelta': 10, 'maxTrailingBelowDelta': 2000}, {'filterType': 'PERCENT_PRICE_BY_SIDE', 'bidMultiplierUp': '5', 'bidMultiplierDown': '0.2', 'askMultiplierUp': '5', 'askMultiplierDown': '0.2', 'avgPriceMins': 5}, {'filterType': 'NOTIONAL', 'minNotional': '5.00000000', 'applyMinToMarket': True, 'maxNotional': '9000000.00000000', 'applyMaxToMarket': False, 'avgPriceMins': 5}, {'filterType': 'MAX_NUM_ORDERS', 'maxNumOrders': 200}, {'filterType': 'MAX_NUM_ALGO_ORDERS', 'maxNumAlgoOrders': 5}], 'permissions': [], 'permissionSets': [['SPOT', 'MARGIN', 'TRD_GRP_004', 'TRD_GRP_005', 'TRD_GRP_006', 'TRD_GRP_009', 'TRD_GRP_010', 'TRD_GRP_011', 'TRD_GRP_012', 'TRD_GRP_013', 'TRD_GRP_014', 'TRD_GRP_015', 'TRD_GRP_016', 'TRD_GRP_017', 'TRD_GRP_018', 'TRD_GRP_019', 'TRD_GRP_020', 'TRD_GRP_021', 'TRD_GRP_022', 'TRD_GRP_023', 'TRD_GRP_024', 'TRD_GRP_025', 'TRD_GRP_026', 'TRD_GRP_027', 'TRD_GRP_028', 'TRD_GRP_029', 'TRD_GRP_030', 'TRD_GRP_031', 'TRD_GRP_032', 'TRD_GRP_033', 'TRD_GRP_034', 'TRD_GRP_035', 'TRD_GRP_036', 'TRD_GRP_037', 'TRD_GRP_038', 'TRD_GRP_039', 'TRD_GRP_040', 'TRD_GRP_041', 'TRD_GRP_042', 'TRD_GRP_043', 'TRD_GRP_044', 'TRD_GRP_045', 'TRD_GRP_046', 'TRD_GRP_047', 'TRD_GRP_048', 'TRD_GRP_049', 'TRD_GRP_050', 'TRD_GRP_051', 'TRD_GRP_052', 'TRD_GRP_053', 'TRD_GRP_054', 'TRD_GRP_055', 'TRD_GRP_056', 'TRD_GRP_057', 'TRD_GRP_058', 'TRD_GRP_059', 'TRD_GRP_060', 'TRD_GRP_061', 'TRD_GRP_062', 'TRD_GRP_063', 'TRD_GRP_064', 'TRD_GRP_065', 'TRD_GRP_066', 'TRD_GRP_067', 'TRD_GRP_068', 'TRD_GRP_069', 'TRD_GRP_070', 'TRD_GRP_071', 'TRD_GRP_072', 'TRD_GRP_073', 'TRD_GRP_074', 'TRD_GRP_075', 'TRD_GRP_076', 'TRD_GRP_077', 'TRD_GRP_078', 'TRD_GRP_079', 'TRD_GRP_080', 'TRD_GRP_081', 'TRD_GRP_082', 'TRD_GRP_083', 'TRD_GRP_084', 'TRD_GRP_085', 'TRD_GRP_086', 'TRD_GRP_087', 'TRD_GRP_088', 'TRD_GRP_089', 'TRD_GRP_090', 'TRD_GRP_091', 'TRD_GRP_092', 'TRD_GRP_093', 'TRD_GRP_094', 'TRD_GRP_095', 'TRD_GRP_096', 'TRD_GRP_097', 'TRD_GRP_098', 'TRD_GRP_099', 'TRD_GRP_100', 'TRD_GRP_101', 'TRD_GRP_102', 'TRD_GRP_103', 'TRD_GRP_104', 'TRD_GRP_105', 'TRD_GRP_106', 'TRD_GRP_107', 'TRD_GRP_108', 'TRD_GRP_109', 'TRD_GRP_110', 'TRD_GRP_111', 'TRD_GRP_112', 'TRD_GRP_113', 'TRD_GRP_114', 'TRD_GRP_115', 'TRD_GRP_116', 'TRD_GRP_117', 'TRD_GRP_118', 'TRD_GRP_119', 'TRD_GRP_120', 'TRD_GRP_121', 'TRD_GRP_122', 'TRD_GRP_123', 'TRD_GRP_124', 'TRD_GRP_125', 'TRD_GRP_126', 'TRD_GRP_127', 'TRD_GRP_128', 'TRD_GRP_129', 'TRD_GRP_130', 'TRD_GRP_131', 'TRD_GRP_132', 'TRD_GRP_133', 'TRD_GRP_134', 'TRD_GRP_135', 'TRD_GRP_136', 'TRD_GRP_137', 'TRD_GRP_138', 'TRD_GRP_139', 'TRD_GRP_140', 'TRD_GRP_141', 'TRD_GRP_142', 'TRD_GRP_143', 'TRD_GRP_144', 'TRD_GRP_145', 'TRD_GRP_146', 'TRD_GRP_147', 'TRD_GRP_148', 'TRD_GRP_149', 'TRD_GRP_150', 'TRD_GRP_151', 'TRD_GRP_152', 'TRD_GRP_153', 'TRD_GRP_154', 'TRD_GRP_155', 'TRD_GRP_156', 'TRD_GRP_157', 'TRD_GRP_158', 'TRD_GRP_159', 'TRD_GRP_160', 'TRD_GRP_161', 'TRD_GRP_162', 'TRD_GRP_163', 'TRD_GRP_164', 'TRD_GRP_165', 'TRD_GRP_166', 'TRD_GRP_167', 'TRD_GRP_168', 'TRD_GRP_169', 'TRD_GRP_170', 'TRD_GRP_171', 'TRD_GRP_172', 'TRD_GRP_173', 'TRD_GRP_174', 'TRD_GRP_175', 'TRD_GRP_176', 'TRD_GRP_177', 'TRD_GRP_178', 'TRD_GRP_179', 'TRD_GRP_180', 'TRD_GRP_181', 'TRD_GRP_182', 'TRD_GRP_183', 'TRD_GRP_184', 'TRD_GRP_185', 'TRD_GRP_186', 'TRD_GRP_187', 'TRD_GRP_188', 'TRD_GRP_189', 'TRD_GRP_190', 'TRD_GRP_191', 'TRD_GRP_192', 'TRD_GRP_193', 'TRD_GRP_194', 'TRD_GRP_195', 'TRD_GRP_196', 'TRD_GRP_197', 'TRD_GRP_198', 'TRD_GRP_199', 'TRD_GRP_200', 'TRD_GRP_201', 'TRD_GRP_202', 'TRD_GRP_203', 'TRD_GRP_204', 'TRD_GRP_205', 'TRD_GRP_206', 'TRD_GRP_207', 'TRD_GRP_208', 'TRD_GRP_209', 'TRD_GRP_210', 'TRD_GRP_211', 'TRD_GRP_212', 'TRD_GRP_213', 'TRD_GRP_214', 'TRD_GRP_215', 'TRD_GRP_216', 'TRD_GRP_217', 'TRD_GRP_218', 'TRD_GRP_219', 'TRD_GRP_220', 'TRD_GRP_221', 'TRD_GRP_222', 'TRD_GRP_223', 'TRD_GRP_224', 'TRD_GRP_225', 'TRD_GRP_226', 'TRD_GRP_227', 'TRD_GRP_228', 'TRD_GRP_229', 'TRD_GRP_230', 'TRD_GRP_231', 'TRD_GRP_232', 'TRD_GRP_233', 'TRD_GRP_234', 'TRD_GRP_235']], 'defaultSelfTradePreventionMode': 'EXPIRE_MAKER', 'allowedSelfTradePreventionModes': ['EXPIRE_TAKER', 'EXPIRE_MAKER', 'EXPIRE_BOTH']}
2025-01-18 01:17:50,638 - WARNING - \u26a0\ufe0f Filtro MIN_NOTIONAL não encontrado para ETHUSDT.
2025-01-18 01:17:51,391 - WARNING - \u26a0\ufe0f Não foi possível determinar o valor mínimo de compra para ETHUSDT.
2025-01-18 01:18:23,639 - INFO - \U0001f50d Informações da Binance para BTCUSDT: {'symbol': 'BTCUSDT', 'status': 'TRADING', 'baseAsset': 'BTC', 'baseAssetPrecision': 8, 'quoteAsset': 'USDT', 'quotePrecision': 8, 'quoteAssetPrecision': 8, 'baseCommissionPrecision': 8, 'quoteCommissionPrecision': 8, 'orderTypes': ['LIMIT', 'LIMIT_MAKER', 'MARKET', 'STOP_LOSS', 'STOP_LOSS_LIMIT', 'TAKE_PROFIT', 'TAKE_PROFIT_LIMIT'], 'icebergAllowed': True, 'ocoAllowed': True, 'otoAllowed': True, 'quoteOrderQtyMarketAllowed': True, 'allowTrailingStop': True, 'cancelReplaceAllowed': True, 'isSpotTradingAllowed': True, 'isMarginTradingAllowed': True, 'filters': [{'filterType': 'PRICE_FILTER', 'minPrice': '0.01000000', 'maxPrice': '1000000.00000000', 'tickSize': '0.01000000'}, {'filterType': 'LOT_SIZE', 'minQty': '0.00001000', 'maxQty': '9000.00000000', 'stepSize': '0.00001000'}, {'filterType': 'ICEBERG_PARTS', 'limit': 10}, {'filterType': 'MARKET_LOT_SIZE', 'minQty': '0.00000000', 'maxQty': '89.67500095', 'stepSize': '0.00000000'}, {'filterType': 'TRAILING_DELTA', 'minTrailingAboveDelta': 10, 'maxTrailingAboveDelta': 2000, 'minTrailingBelowDelta': 10, 'maxTrailingBelowDelta': 2000}, {'filterType': 'PERCENT_PRICE_BY_SIDE', 'bidMultiplierUp': '5', 'bidMultiplierDown': '0.2', 'askMultiplierUp': '5', 'askMultiplierDown': '0.2', 'avgPriceMins': 5}, {'filterType': 'NOTIONAL', 'minNotional': '5.00000000', 'applyMinToMarket': True, 'maxNotional': '9000000.00000000', 'applyMaxToMarket': False, 'avgPriceMins': 5}, {'filterType': 'MAX_NUM_ORDERS', 'maxNumOrders': 200}, {'filterType': 'MAX_NUM_ALGO_ORDERS', 'maxNumAlgoOrders': 5}], 'permissions': [], 'permissionSets': [['SPOT', 'MARGIN', 'TRD_GRP_004', 'TRD_GRP_005', 'TRD_GRP_006', 'TRD_GRP_009', 'TRD_GRP_010', 'TRD_GRP_011', 'TRD_GRP_012', 'TRD_GRP_013', 'TRD_GRP_014', 'TRD_GRP_015', 'TRD_GRP_016', 'TRD_GRP_017', 'TRD_GRP_018', 'TRD_GRP_019', 'TRD_GRP_020', 'TRD_GRP_021', 'TRD_GRP_022', 'TRD_GRP_023', 'TRD_GRP_024', 'TRD_GRP_025', 'TRD_GRP_026', 'TRD_GRP_027', 'TRD_GRP_028', 'TRD_GRP_029', 'TRD_GRP_030', 'TRD_GRP_031', 'TRD_GRP_032', 'TRD_GRP_033', 'TRD_GRP_034', 'TRD_GRP_035', 'TRD_GRP_036', 'TRD_GRP_037', 'TRD_GRP_038', 'TRD_GRP_039', 'TRD_GRP_040', 'TRD_GRP_041', 'TRD_GRP_042', 'TRD_GRP_043', 'TRD_GRP_044', 'TRD_GRP_045', 'TRD_GRP_046', 'TRD_GRP_047', 'TRD_GRP_048', 'TRD_GRP_049', 'TRD_GRP_050', 'TRD_GRP_051', 'TRD_GRP_052', 'TRD_GRP_053', 'TRD_GRP_054', 'TRD_GRP_055', 'TRD_GRP_056', 'TRD_GRP_057', 'TRD_GRP_058', 'TRD_GRP_059', 'TRD_GRP_060', 'TRD_GRP_061', 'TRD_GRP_062', 'TRD_GRP_063', 'TRD_GRP_064', 'TRD_GRP_065', 'TRD_GRP_066', 'TRD_GRP_067', 'TRD_GRP_068', 'TRD_GRP_069', 'TRD_GRP_070', 'TRD_GRP_071', 'TRD_GRP_072', 'TRD_GRP_073', 'TRD_GRP_074', 'TRD_GRP_075', 'TRD_GRP_076', 'TRD_GRP_077', 'TRD_GRP_078', 'TRD_GRP_079', 'TRD_GRP_080', 'TRD_GRP_081', 'TRD_GRP_082', 'TRD_GRP_083', 'TRD_GRP_084', 'TRD_GRP_085', 'TRD_GRP_086', 'TRD_GRP_087', 'TRD_GRP_088', 'TRD_GRP_089', 'TRD_GRP_090', 'TRD_GRP_091', 'TRD_GRP_092', 'TRD_GRP_093', 'TRD_GRP_094', 'TRD_GRP_095', 'TRD_GRP_096', 'TRD_GRP_097', 'TRD_GRP_098', 'TRD_GRP_099', 'TRD_GRP_100', 'TRD_GRP_101', 'TRD_GRP_102', 'TRD_GRP_103', 'TRD_GRP_104', 'TRD_GRP_105', 'TRD_GRP_106', 'TRD_GRP_107', 'TRD_GRP_108', 'TRD_GRP_109', 'TRD_GRP_110', 'TRD_GRP_111', 'TRD_GRP_112', 'TRD_GRP_113', 'TRD_GRP_114', 'TRD_GRP_115', 'TRD_GRP_116', 'TRD_GRP_117', 'TRD_GRP_118', 'TRD_GRP_119', 'TRD_GRP_120', 'TRD_GRP_121', 'TRD_GRP_122', 'TRD_GRP_123', 'TRD_GRP_124', 'TRD_GRP_125', 'TRD_GRP_126', 'TRD_GRP_127', 'TRD_GRP_128', 'TRD_GRP_129', 'TRD_GRP_130', 'TRD_GRP_131', 'TRD_GRP_132', 'TRD_GRP_133', 'TRD_GRP_134', 'TRD_GRP_135', 'TRD_GRP_136', 'TRD_GRP_137', 'TRD_GRP_138', 'TRD_GRP_139', 'TRD_GRP_140', 'TRD_GRP_141', 'TRD_GRP_142', 'TRD_GRP_143', 'TRD_GRP_144', 'TRD_GRP_145', 'TRD_GRP_146', 'TRD_GRP_147', 'TRD_GRP_148', 'TRD_GRP_149', 'TRD_GRP_150', 'TRD_GRP_151', 'TRD_GRP_152', 'TRD_GRP_153', 'TRD_GRP_154', 'TRD_GRP_155', 'TRD_GRP_156', 'TRD_GRP_157', 'TRD_GRP_158', 'TRD_GRP_159', 'TRD_GRP_160', 'TRD_GRP_161', 'TRD_GRP_162', 'TRD_GRP_163', 'TRD_GRP_164', 'TRD_GRP_165', 'TRD_GRP_166', 'TRD_GRP_167', 'TRD_GRP_168', 'TRD_GRP_169', 'TRD_GRP_170', 'TRD_GRP_171', 'TRD_GRP_172', 'TRD_GRP_173', 'TRD_GRP_174', 'TRD_GRP_175', 'TRD_GRP_176', 'TRD_GRP_177', 'TRD_GRP_178', 'TRD_GRP_179', 'TRD_GRP_180', 'TRD_GRP_181', 'TRD_GRP_182', 'TRD_GRP_183', 'TRD_GRP_184', 'TRD_GRP_185', 'TRD_GRP_186', 'TRD_GRP_187', 'TRD_GRP_188', 'TRD_GRP_189', 'TRD_GRP_190', 'TRD_GRP_191', 'TRD_GRP_192', 'TRD_GRP_193', 'TRD_GRP_194', 'TRD_GRP_195', 'TRD_GRP_196', 'TRD_GRP_197', 'TRD_GRP_198', 'TRD_GRP_199', 'TRD_GRP_200', 'TRD_GRP_201', 'TRD_GRP_202', 'TRD_GRP_203', 'TRD_GRP_204', 'TRD_GRP_205', 'TRD_GRP_206', 'TRD_GRP_207', 'TRD_GRP_208', 'TRD_GRP_209', 'TRD_GRP_210', 'TRD_GRP_211', 'TRD_GRP_212', 'TRD_GRP_213', 'TRD_GRP_214', 'TRD_GRP_215', 'TRD_GRP_216', 'TRD_GRP_217', 'TRD_GRP_218', 'TRD_GRP_219', 'TRD_GRP_220', 'TRD_GRP_221', 'TRD_GRP_222', 'TRD_GRP_223', 'TRD_GRP_224', 'TRD_GRP_225', 'TRD_GRP_226', 'TRD_GRP_227', 'TRD_GRP_228', 'TRD_GRP_229', 'TRD_GRP_230', 'TRD_GRP_231', 'TRD_GRP_232', 'TRD_GRP_233', 'TRD_GRP_234', 'TRD_GRP_235']], 'defaultSelfTradePreventionMode': 'EXPIRE_MAKER', 'allowedSelfTradePreventionModes': ['EXPIRE_TAKER', 'EXPIRE_MAKER', 'EXPIRE_BOTH']}
2025-01-18 01:18:23,639 - WARNING - \u26a0\ufe0f Filtro MIN_NOTIONAL não encontrado para BTCUSDT.
2025-01-18 01:18:24,594 - WARNING - \u26a0\ufe0f Não foi possível determinar o valor mínimo de compra para BTCUSDT.
2025-01-18 01:18:25,383 - INFO - \U0001f50d Informações da Binance para ETHUSDT: {'symbol': 'ETHUSDT', 'status': 'TRADING', 'baseAsset': 'ETH', 'baseAssetPrecision': 8, 'quoteAsset': 'USDT', 'quotePrecision': 8, 'quoteAssetPrecision': 8, 'baseCommissionPrecision': 8, 'quoteCommissionPrecision': 8, 'orderTypes': ['LIMIT', 'LIMIT_MAKER', 'MARKET', 'STOP_LOSS', 'STOP_LOSS_LIMIT', 'TAKE_PROFIT', 'TAKE_PROFIT_LIMIT'], 'icebergAllowed': True, 'ocoAllowed': True, 'otoAllowed': True, 'quoteOrderQtyMarketAllowed': True, 'allowTrailingStop': True, 'cancelReplaceAllowed': True, 'isSpotTradingAllowed': True, 'isMarginTradingAllowed': True, 'filters': [{'filterType': 'PRICE_FILTER', 'minPrice': '0.01000000', 'maxPrice': '1000000.00000000', 'tickSize': '0.01000000'}, {'filterType': 'LOT_SIZE', 'minQty': '0.00010000', 'maxQty': '9000.00000000', 'stepSize': '0.00010000'}, {'filterType': 'ICEBERG_PARTS', 'limit': 10}, {'filterType': 'MARKET_LOT_SIZE', 'minQty': '0.00000000', 'maxQty': '2418.75700375', 'stepSize': '0.00000000'}, {'filterType': 'TRAILING_DELTA', 'minTrailingAboveDelta': 10, 'maxTrailingAboveDelta': 2000, 'minTrailingBelowDelta': 10, 'maxTrailingBelowDelta': 2000}, {'filterType': 'PERCENT_PRICE_BY_SIDE', 'bidMultiplierUp': '5', 'bidMultiplierDown': '0.2', 'askMultiplierUp': '5', 'askMultiplierDown': '0.2', 'avgPriceMins': 5}, {'filterType': 'NOTIONAL', 'minNotional': '5.00000000', 'applyMinToMarket': True, 'maxNotional': '9000000.00000000', 'applyMaxToMarket': False, 'avgPriceMins': 5}, {'filterType': 'MAX_NUM_ORDERS', 'maxNumOrders': 200}, {'filterType': 'MAX_NUM_ALGO_ORDERS', 'maxNumAlgoOrders': 5}], 'permissions': [], 'permissionSets': [['SPOT', 'MARGIN', 'TRD_GRP_004', 'TRD_GRP_005', 'TRD_GRP_006', 'TRD_GRP_009', 'TRD_GRP_010', 'TRD_GRP_011', 'TRD_GRP_012', 'TRD_GRP_013', 'TRD_GRP_014', 'TRD_GRP_015', 'TRD_GRP_016', 'TRD_GRP_017', 'TRD_GRP_018', 'TRD_GRP_019', 'TRD_GRP_020', 'TRD_GRP_021', 'TRD_GRP_022', 'TRD_GRP_023', 'TRD_GRP_024', 'TRD_GRP_025', 'TRD_GRP_026', 'TRD_GRP_027', 'TRD_GRP_028', 'TRD_GRP_029', 'TRD_GRP_030', 'TRD_GRP_031', 'TRD_GRP_032', 'TRD_GRP_033', 'TRD_GRP_034', 'TRD_GRP_035', 'TRD_GRP_036', 'TRD_GRP_037', 'TRD_GRP_038', 'TRD_GRP_039', 'TRD_GRP_040', 'TRD_GRP_041', 'TRD_GRP_042', 'TRD_GRP_043', 'TRD_GRP_044', 'TRD_GRP_045', 'TRD_GRP_046', 'TRD_GRP_047', 'TRD_GRP_048', 'TRD_GRP_049', 'TRD_GRP_050', 'TRD_GRP_051', 'TRD_GRP_052', 'TRD_GRP_053', 'TRD_GRP_054', 'TRD_GRP_055', 'TRD_GRP_056', 'TRD_GRP_057', 'TRD_GRP_058', 'TRD_GRP_059', 'TRD_GRP_060', 'TRD_GRP_061', 'TRD_GRP_062', 'TRD_GRP_063', 'TRD_GRP_064', 'TRD_GRP_065', 'TRD_GRP_066', 'TRD_GRP_067', 'TRD_GRP_068', 'TRD_GRP_069', 'TRD_GRP_070', 'TRD_GRP_071', 'TRD_GRP_072', 'TRD_GRP_073', 'TRD_GRP_074', 'TRD_GRP_075', 'TRD_GRP_076', 'TRD_GRP_077', 'TRD_GRP_078', 'TRD_GRP_079', 'TRD_GRP_080', 'TRD_GRP_081', 'TRD_GRP_082', 'TRD_GRP_083', 'TRD_GRP_084', 'TRD_GRP_085', 'TRD_GRP_086', 'TRD_GRP_087', 'TRD_GRP_088', 'TRD_GRP_089', 'TRD_GRP_090', 'TRD_GRP_091', 'TRD_GRP_092', 'TRD_GRP_093', 'TRD_GRP_094', 'TRD_GRP_095', 'TRD_GRP_096', 'TRD_GRP_097', 'TRD_GRP_098', 'TRD_GRP_099', 'TRD_GRP_100', 'TRD_GRP_101', 'TRD_GRP_102', 'TRD_GRP_103', 'TRD_GRP_104', 'TRD_GRP_105', 'TRD_GRP_106', 'TRD_GRP_107', 'TRD_GRP_108', 'TRD_GRP_109', 'TRD_GRP_110', 'TRD_GRP_111', 'TRD_GRP_112', 'TRD_GRP_113', 'TRD_GRP_114', 'TRD_GRP_115', 'TRD_GRP_116', 'TRD_GRP_117', 'TRD_GRP_118', 'TRD_GRP_119', 'TRD_GRP_120', 'TRD_GRP_121', 'TRD_GRP_122', 'TRD_GRP_123', 'TRD_GRP_124', 'TRD_GRP_125', 'TRD_GRP_126', 'TRD_GRP_127', 'TRD_GRP_128', 'TRD_GRP_129', 'TRD_GRP_130', 'TRD_GRP_131', 'TRD_GRP_132', 'TRD_GRP_133', 'TRD_GRP_134', 'TRD_GRP_135', 'TRD_GRP_136', 'TRD_GRP_137', 'TRD_GRP_138', 'TRD_GRP_139', 'TRD_GRP_140', 'TRD_GRP_141', 'TRD_GRP_142', 'TRD_GRP_143', 'TRD_GRP_144', 'TRD_GRP_145', 'TRD_GRP_146', 'TRD_GRP_147', 'TRD_GRP_148', 'TRD_GRP_149', 'TRD_GRP_150', 'TRD_GRP_151', 'TRD_GRP_152', 'TRD_GRP_153', 'TRD_GRP_154', 'TRD_GRP_155', 'TRD_GRP_156', 'TRD_GRP_157', 'TRD_GRP_158', 'TRD_GRP_159', 'TRD_GRP_160', 'TRD_GRP_161', 'TRD_GRP_162', 'TRD_GRP_163', 'TRD_GRP_164', 'TRD_GRP_165', 'TRD_GRP_166', 'TRD_GRP_167', 'TRD_GRP_168', 'TRD_GRP_169', 'TRD_GRP_170', 'TRD_GRP_171', 'TRD_GRP_172', 'TRD_GRP_173', 'TRD_GRP_174', 'TRD_GRP_175', 'TRD_GRP_176', 'TRD_GRP_177', 'TRD_GRP_178', 'TRD_GRP_179', 'TRD_GRP_180', 'TRD_GRP_181', 'TRD_GRP_182', 'TRD_GRP_183', 'TRD_GRP_184', 'TRD_GRP_185', 'TRD_GRP_186', 'TRD_GRP_187', 'TRD_GRP_188', 'TRD_GRP_189', 'TRD_GRP_190', 'TRD_GRP_191', 'TRD_GRP_192', 'TRD_GRP_193', 'TRD_GRP_194', 'TRD_GRP_195', 'TRD_GRP_196', 'TRD_GRP_197', 'TRD_GRP_198', 'TRD_GRP_199', 'TRD_GRP_200', 'TRD_GRP_201', 'TRD_GRP_202', 'TRD_GRP_203', 'TRD_GRP_204', 'TRD_GRP_205', 'TRD_GRP_206', 'TRD_GRP_207', 'TRD_GRP_208', 'TRD_GRP_209', 'TRD_GRP_210', 'TRD_GRP_211', 'TRD_GRP_212', 'TRD_GRP_213', 'TRD_GRP_214', 'TRD_GRP_215', 'TRD_GRP_216', 'TRD_GRP_217', 'TRD_GRP_218', 'TRD_GRP_219', 'TRD_GRP_220', 'TRD_GRP_221', 'TRD_GRP_222', 'TRD_GRP_223', 'TRD_GRP_224', 'TRD_GRP_225', 'TRD_GRP_226', 'TRD_GRP_227', 'TRD_GRP_228', 'TRD_GRP_229', 'TRD_GRP_230', 'TRD_GRP_231', 'TRD_GRP_232', 'TRD_GRP_233', 'TRD_GRP_234', 'TRD_GRP_235']], 'defaultSelfTradePreventionMode': 'EXPIRE_MAKER', 'allowedSelfTradePreventionModes': ['EXPIRE_TAKER', 'EXPIRE_MAKER', 'EXPIRE_BOTH']}
2025-01-18 01:18:25,383 - WARNING - \u26a0\ufe0f Filtro MIN_NOTIONAL não encontrado para ETHUSDT.
2025-01-18 01:18:26,136 - WARNING - \u26a0\ufe0f Não foi possível determinar o valor mínimo de compra para ETHUSDT.
2025-01-18 01:18:58,052 - INFO - \U0001f50d Informações da Binance para BTCUSDT: {'symbol': 'BTCUSDT', 'status': 'TRADING', 'baseAsset': 'BTC', 'baseAssetPrecision': 8, 'quoteAsset': 'USDT', 'quotePrecision': 8, 'quoteAssetPrecision': 8, 'baseCommissionPrecision': 8, 'quoteCommissionPrecision': 8, 'orderTypes': ['LIMIT', 'LIMIT_MAKER', 'MARKET', 'STOP_LOSS', 'STOP_LOSS_LIMIT', 'TAKE_PROFIT', 'TAKE_PROFIT_LIMIT'], 'icebergAllowed': True, 'ocoAllowed': True, 'otoAllowed': True, 'quoteOrderQtyMarketAllowed': True, 'allowTrailingStop': True, 'cancelReplaceAllowed': True, 'isSpotTradingAllowed': True, 'isMarginTradingAllowed': True, 'filters': [{'filterType': 'PRICE_FILTER', 'minPrice': '0.01000000', 'maxPrice': '1000000.00000000', 'tickSize': '0.01000000'}, {'filterType': 'LOT_SIZE', 'minQty': '0.00001000', 'maxQty': '9000.00000000', 'stepSize': '0.00001000'}, {'filterType': 'ICEBERG_PARTS', 'limit': 10}, {'filterType': 'MARKET_LOT_SIZE', 'minQty': '0.00000000', 'maxQty': '89.67500095', 'stepSize': '0.00000000'}, {'filterType': 'TRAILING_DELTA', 'minTrailingAboveDelta': 10, 'maxTrailingAboveDelta': 2000, 'minTrailingBelowDelta': 10, 'maxTrailingBelowDelta': 2000}, {'filterType': 'PERCENT_PRICE_BY_SIDE', 'bidMultiplierUp': '5', 'bidMultiplierDown': '0.2', 'askMultiplierUp': '5', 'askMultiplierDown': '0.2', 'avgPriceMins': 5}, {'filterType': 'NOTIONAL', 'minNotional': '5.00000000', 'applyMinToMarket': True, 'maxNotional': '9000000.00000000', 'applyMaxToMarket': False, 'avgPriceMins': 5}, {'filterType': 'MAX_NUM_ORDERS', 'maxNumOrders': 200}, {'filterType': 'MAX_NUM_ALGO_ORDERS', 'maxNumAlgoOrders': 5}], 'permissions': [], 'permissionSets': [['SPOT', 'MARGIN', 'TRD_GRP_004', 'TRD_GRP_005', 'TRD_GRP_006', 'TRD_GRP_009', 'TRD_GRP_010', 'TRD_GRP_011', 'TRD_GRP_012', 'TRD_GRP_013', 'TRD_GRP_014', 'TRD_GRP_015', 'TRD_GRP_016', 'TRD_GRP_017', 'TRD_GRP_018', 'TRD_GRP_019', 'TRD_GRP_020', 'TRD_GRP_021', 'TRD_GRP_022', 'TRD_GRP_023', 'TRD_GRP_024', 'TRD_GRP_025', 'TRD_GRP_026', 'TRD_GRP_027', 'TRD_GRP_028', 'TRD_GRP_029', 'TRD_GRP_030', 'TRD_GRP_031', 'TRD_GRP_032', 'TRD_GRP_033', 'TRD_GRP_034', 'TRD_GRP_035', 'TRD_GRP_036', 'TRD_GRP_037', 'TRD_GRP_038', 'TRD_GRP_039', 'TRD_GRP_040', 'TRD_GRP_041', 'TRD_GRP_042', 'TRD_GRP_043', 'TRD_GRP_044', 'TRD_GRP_045', 'TRD_GRP_046', 'TRD_GRP_047', 'TRD_GRP_048', 'TRD_GRP_049', 'TRD_GRP_050', 'TRD_GRP_051', 'TRD_GRP_052', 'TRD_GRP_053', 'TRD_GRP_054', 'TRD_GRP_055', 'TRD_GRP_056', 'TRD_GRP_057', 'TRD_GRP_058', 'TRD_GRP_059', 'TRD_GRP_060', 'TRD_GRP_061', 'TRD_GRP_062', 'TRD_GRP_063', 'TRD_GRP_064', 'TRD_GRP_065', 'TRD_GRP_066', 'TRD_GRP_067', 'TRD_GRP_068', 'TRD_GRP_069', 'TRD_GRP_070', 'TRD_GRP_071', 'TRD_GRP_072', 'TRD_GRP_073', 'TRD_GRP_074', 'TRD_GRP_075', 'TRD_GRP_076', 'TRD_GRP_077', 'TRD_GRP_078', 'TRD_GRP_079', 'TRD_GRP_080', 'TRD_GRP_081', 'TRD_GRP_082', 'TRD_GRP_083', 'TRD_GRP_084', 'TRD_GRP_085', 'TRD_GRP_086', 'TRD_GRP_087', 'TRD_GRP_088', 'TRD_GRP_089', 'TRD_GRP_090', 'TRD_GRP_091', 'TRD_GRP_092', 'TRD_GRP_093', 'TRD_GRP_094', 'TRD_GRP_095', 'TRD_GRP_096', 'TRD_GRP_097', 'TRD_GRP_098', 'TRD_GRP_099', 'TRD_GRP_100', 'TRD_GRP_101', 'TRD_GRP_102', 'TRD_GRP_103', 'TRD_GRP_104', 'TRD_GRP_105', 'TRD_GRP_106', 'TRD_GRP_107', 'TRD_GRP_108', 'TRD_GRP_109', 'TRD_GRP_110', 'TRD_GRP_111', 'TRD_GRP_112', 'TRD_GRP_113', 'TRD_GRP_114', 'TRD_GRP_115', 'TRD_GRP_116', 'TRD_GRP_117', 'TRD_GRP_118', 'TRD_GRP_119', 'TRD_GRP_120', 'TRD_GRP_121', 'TRD_GRP_122', 'TRD_GRP_123', 'TRD_GRP_124', 'TRD_GRP_125', 'TRD_GRP_126', 'TRD_GRP_127', 'TRD_GRP_128', 'TRD_GRP_129', 'TRD_GRP_130', 'TRD_GRP_131', 'TRD_GRP_132', 'TRD_GRP_133', 'TRD_GRP_134', 'TRD_GRP_135', 'TRD_GRP_136', 'TRD_GRP_137', 'TRD_GRP_138', 'TRD_GRP_139', 'TRD_GRP_140', 'TRD_GRP_141', 'TRD_GRP_142', 'TRD_GRP_143', 'TRD_GRP_144', 'TRD_GRP_145', 'TRD_GRP_146', 'TRD_GRP_147', 'TRD_GRP_148', 'TRD_GRP_149', 'TRD_GRP_150', 'TRD_GRP_151', 'TRD_GRP_152', 'TRD_GRP_153', 'TRD_GRP_154', 'TRD_GRP_155', 'TRD_GRP_156', 'TRD_GRP_157', 'TRD_GRP_158', 'TRD_GRP_159', 'TRD_GRP_160', 'TRD_GRP_161', 'TRD_GRP_162', 'TRD_GRP_163', 'TRD_GRP_164', 'TRD_GRP_165', 'TRD_GRP_166', 'TRD_GRP_167', 'TRD_GRP_168', 'TRD_GRP_169', 'TRD_GRP_170', 'TRD_GRP_171', 'TRD_GRP_172', 'TRD_GRP_173', 'TRD_GRP_174', 'TRD_GRP_175', 'TRD_GRP_176', 'TRD_GRP_177', 'TRD_GRP_178', 'TRD_GRP_179', 'TRD_GRP_180', 'TRD_GRP_181', 'TRD_GRP_182', 'TRD_GRP_183', 'TRD_GRP_184', 'TRD_GRP_185', 'TRD_GRP_186', 'TRD_GRP_187', 'TRD_GRP_188', 'TRD_GRP_189', 'TRD_GRP_190', 'TRD_GRP_191', 'TRD_GRP_192', 'TRD_GRP_193', 'TRD_GRP_194', 'TRD_GRP_195', 'TRD_GRP_196', 'TRD_GRP_197', 'TRD_GRP_198', 'TRD_GRP_199', 'TRD_GRP_200', 'TRD_GRP_201', 'TRD_GRP_202', 'TRD_GRP_203', 'TRD_GRP_204', 'TRD_GRP_205', 'TRD_GRP_206', 'TRD_GRP_207', 'TRD_GRP_208', 'TRD_GRP_209', 'TRD_GRP_210', 'TRD_GRP_211', 'TRD_GRP_212', 'TRD_GRP_213', 'TRD_GRP_214', 'TRD_GRP_215', 'TRD_GRP_216', 'TRD_GRP_217', 'TRD_GRP_218', 'TRD_GRP_219', 'TRD_GRP_220', 'TRD_GRP_221', 'TRD_GRP_222', 'TRD_GRP_223', 'TRD_GRP_224', 'TRD_GRP_225', 'TRD_GRP_226', 'TRD_GRP_227', 'TRD_GRP_228', 'TRD_GRP_229', 'TRD_GRP_230', 'TRD_GRP_231', 'TRD_GRP_232', 'TRD_GRP_233', 'TRD_GRP_234', 'TRD_GRP_235']], 'defaultSelfTradePreventionMode': 'EXPIRE_MAKER', 'allowedSelfTradePreventionModes': ['EXPIRE_TAKER', 'EXPIRE_MAKER', 'EXPIRE_BOTH']}
2025-01-18 01:18:58,052 - WARNING - \u26a0\ufe0f Filtro MIN_NOTIONAL não encontrado para BTCUSDT.
2025-01-18 01:18:59,062 - WARNING - \u26a0\ufe0f Não foi possível determinar o valor mínimo de compra para BTCUSDT.
2025-01-18 01:18:59,876 - INFO - \U0001f50d Informações da Binance para ETHUSDT: {'symbol': 'ETHUSDT', 'status': 'TRADING', 'baseAsset': 'ETH', 'baseAssetPrecision': 8, 'quoteAsset': 'USDT', 'quotePrecision': 8, 'quoteAssetPrecision': 8, 'baseCommissionPrecision': 8, 'quoteCommissionPrecision': 8, 'orderTypes': ['LIMIT', 'LIMIT_MAKER', 'MARKET', 'STOP_LOSS', 'STOP_LOSS_LIMIT', 'TAKE_PROFIT', 'TAKE_PROFIT_LIMIT'], 'icebergAllowed': True, 'ocoAllowed': True, 'otoAllowed': True, 'quoteOrderQtyMarketAllowed': True, 'allowTrailingStop': True, 'cancelReplaceAllowed': True, 'isSpotTradingAllowed': True, 'isMarginTradingAllowed': True, 'filters': [{'filterType': 'PRICE_FILTER', 'minPrice': '0.01000000', 'maxPrice': '1000000.00000000', 'tickSize': '0.01000000'}, {'filterType': 'LOT_SIZE', 'minQty': '0.00010000', 'maxQty': '9000.00000000', 'stepSize': '0.00010000'}, {'filterType': 'ICEBERG_PARTS', 'limit': 10}, {'filterType': 'MARKET_LOT_SIZE', 'minQty': '0.00000000', 'maxQty': '2418.75700375', 'stepSize': '0.00000000'}, {'filterType': 'TRAILING_DELTA', 'minTrailingAboveDelta': 10, 'maxTrailingAboveDelta': 2000, 'minTrailingBelowDelta': 10, 'maxTrailingBelowDelta': 2000}, {'filterType': 'PERCENT_PRICE_BY_SIDE', 'bidMultiplierUp': '5', 'bidMultiplierDown': '0.2', 'askMultiplierUp': '5', 'askMultiplierDown': '0.2', 'avgPriceMins': 5}, {'filterType': 'NOTIONAL', 'minNotional': '5.00000000', 'applyMinToMarket': True, 'maxNotional': '9000000.00000000', 'applyMaxToMarket': False, 'avgPriceMins': 5}, {'filterType': 'MAX_NUM_ORDERS', 'maxNumOrders': 200}, {'filterType': 'MAX_NUM_ALGO_ORDERS', 'maxNumAlgoOrders': 5}], 'permissions': [], 'permissionSets': [['SPOT', 'MARGIN', 'TRD_GRP_004', 'TRD_GRP_005', 'TRD_GRP_006', 'TRD_GRP_009', 'TRD_GRP_010', 'TRD_GRP_011', 'TRD_GRP_012', 'TRD_GRP_013', 'TRD_GRP_014', 'TRD_GRP_015', 'TRD_GRP_016', 'TRD_GRP_017', 'TRD_GRP_018', 'TRD_GRP_019', 'TRD_GRP_020', 'TRD_GRP_021', 'TRD_GRP_022', 'TRD_GRP_023', 'TRD_GRP_024', 'TRD_GRP_025', 'TRD_GRP_026', 'TRD_GRP_027', 'TRD_GRP_028', 'TRD_GRP_029', 'TRD_GRP_030', 'TRD_GRP_031', 'TRD_GRP_032', 'TRD_GRP_033', 'TRD_GRP_034', 'TRD_GRP_035', 'TRD_GRP_036', 'TRD_GRP_037', 'TRD_GRP_038', 'TRD_GRP_039', 'TRD_GRP_040', 'TRD_GRP_041', 'TRD_GRP_042', 'TRD_GRP_043', 'TRD_GRP_044', 'TRD_GRP_045', 'TRD_GRP_046', 'TRD_GRP_047', 'TRD_GRP_048', 'TRD_GRP_049', 'TRD_GRP_050', 'TRD_GRP_051', 'TRD_GRP_052', 'TRD_GRP_053', 'TRD_GRP_054', 'TRD_GRP_055', 'TRD_GRP_056', 'TRD_GRP_057', 'TRD_GRP_058', 'TRD_GRP_059', 'TRD_GRP_060', 'TRD_GRP_061', 'TRD_GRP_062', 'TRD_GRP_063', 'TRD_GRP_064', 'TRD_GRP_065', 'TRD_GRP_066', 'TRD_GRP_067', 'TRD_GRP_068', 'TRD_GRP_069', 'TRD_GRP_070', 'TRD_GRP_071', 'TRD_GRP_072', 'TRD_GRP_073', 'TRD_GRP_074', 'TRD_GRP_075', 'TRD_GRP_076', 'TRD_GRP_077', 'TRD_GRP_078', 'TRD_GRP_079', 'TRD_GRP_080', 'TRD_GRP_081', 'TRD_GRP_082', 'TRD_GRP_083', 'TRD_GRP_084', 'TRD_GRP_085', 'TRD_GRP_086', 'TRD_GRP_087', 'TRD_GRP_088', 'TRD_GRP_089', 'TRD_GRP_090', 'TRD_GRP_091', 'TRD_GRP_092', 'TRD_GRP_093', 'TRD_GRP_094', 'TRD_GRP_095', 'TRD_GRP_096', 'TRD_GRP_097', 'TRD_GRP_098', 'TRD_GRP_099', 'TRD_GRP_100', 'TRD_GRP_101', 'TRD_GRP_102', 'TRD_GRP_103', 'TRD_GRP_104', 'TRD_GRP_105', 'TRD_GRP_106', 'TRD_GRP_107', 'TRD_GRP_108', 'TRD_GRP_109', 'TRD_GRP_110', 'TRD_GRP_111', 'TRD_GRP_112', 'TRD_GRP_113', 'TRD_GRP_114', 'TRD_GRP_115', 'TRD_GRP_116', 'TRD_GRP_117', 'TRD_GRP_118', 'TRD_GRP_119', 'TRD_GRP_120', 'TRD_GRP_121', 'TRD_GRP_122', 'TRD_GRP_123', 'TRD_GRP_124', 'TRD_GRP_125', 'TRD_GRP_126', 'TRD_GRP_127', 'TRD_GRP_128', 'TRD_GRP_129', 'TRD_GRP_130', 'TRD_GRP_131', 'TRD_GRP_132', 'TRD_GRP_133', 'TRD_GRP_134', 'TRD_GRP_135', 'TRD_GRP_136', 'TRD_GRP_137', 'TRD_GRP_138', 'TRD_GRP_139', 'TRD_GRP_140', 'TRD_GRP_141', 'TRD_GRP_142', 'TRD_GRP_143', 'TRD_GRP_144', 'TRD_GRP_145', 'TRD_GRP_146', 'TRD_GRP_147', 'TRD_GRP_148', 'TRD_GRP_149', 'TRD_GRP_150', 'TRD_GRP_151', 'TRD_GRP_152', 'TRD_GRP_153', 'TRD_GRP_154', 'TRD_GRP_155', 'TRD_GRP_156', 'TRD_GRP_157', 'TRD_GRP_158', 'TRD_GRP_159', 'TRD_GRP_160', 'TRD_GRP_161', 'TRD_GRP_162', 'TRD_GRP_163', 'TRD_GRP_164', 'TRD_GRP_165', 'TRD_GRP_166', 'TRD_GRP_167', 'TRD_GRP_168', 'TRD_GRP_169', 'TRD_GRP_170', 'TRD_GRP_171', 'TRD_GRP_172', 'TRD_GRP_173', 'TRD_GRP_174', 'TRD_GRP_175', 'TRD_GRP_176', 'TRD_GRP_177', 'TRD_GRP_178', 'TRD_GRP_179', 'TRD_GRP_180', 'TRD_GRP_181', 'TRD_GRP_182', 'TRD_GRP_183', 'TRD_GRP_184', 'TRD_GRP_185', 'TRD_GRP_186', 'TRD_GRP_187', 'TRD_GRP_188', 'TRD_GRP_189', 'TRD_GRP_190', 'TRD_GRP_191', 'TRD_GRP_192', 'TRD_GRP_193', 'TRD_GRP_194', 'TRD_GRP_195', 'TRD_GRP_196', 'TRD_GRP_197', 'TRD_GRP_198', 'TRD_GRP_199', 'TRD_GRP_200', 'TRD_GRP_201', 'TRD_GRP_202', 'TRD_GRP_203', 'TRD_GRP_204', 'TRD_GRP_205', 'TRD_GRP_206', 'TRD_GRP_207', 'TRD_GRP_208', 'TRD_GRP_209', 'TRD_GRP_210', 'TRD_GRP_211', 'TRD_GRP_212', 'TRD_GRP_213', 'TRD_GRP_214', 'TRD_GRP_215', 'TRD_GRP_216', 'TRD_GRP_217', 'TRD_GRP_218', 'TRD_GRP_219', 'TRD_GRP_220', 'TRD_GRP_221', 'TRD_GRP_222', 'TRD_GRP_223', 'TRD_GRP_224', 'TRD_GRP_225', 'TRD_GRP_226', 'TRD_GRP_227', 'TRD_GRP_228', 'TRD_GRP_229', 'TRD_GRP_230', 'TRD_GRP_231', 'TRD_GRP_232', 'TRD_GRP_233', 'TRD_GRP_234', 'TRD_GRP_235']], 'defaultSelfTradePreventionMode': 'EXPIRE_MAKER', 'allowedSelfTradePreventionModes': ['EXPIRE_TAKER', 'EXPIRE_MAKER', 'EXPIRE_BOTH']}
2025-01-18 01:18:59,876 - WARNING - \u26a0\ufe0f Filtro MIN_NOTIONAL não encontrado para ETHUSDT.
2025-01-18 01:19:00,658 - WARNING - \u26a0\ufe0f Não foi possível determinar o valor mínimo de compra para ETHUSDT.
2025-01-18 01:19:32,720 - INFO - \U0001f50d Informações da Binance para BTCUSDT: {'symbol': 'BTCUSDT', 'status': 'TRADING', 'baseAsset': 'BTC', 'baseAssetPrecision': 8, 'quoteAsset': 'USDT', 'quotePrecision': 8, 'quoteAssetPrecision': 8, 'baseCommissionPrecision': 8, 'quoteCommissionPrecision': 8, 'orderTypes': ['LIMIT', 'LIMIT_MAKER', 'MARKET', 'STOP_LOSS', 'STOP_LOSS_LIMIT', 'TAKE_PROFIT', 'TAKE_PROFIT_LIMIT'], 'icebergAllowed': True, 'ocoAllowed': True, 'otoAllowed': True, 'quoteOrderQtyMarketAllowed': True, 'allowTrailingStop': True, 'cancelReplaceAllowed': True, 'isSpotTradingAllowed': True, 'isMarginTradingAllowed': True, 'filters': [{'filterType': 'PRICE_FILTER', 'minPrice': '0.01000000', 'maxPrice': '1000000.00000000', 'tickSize': '0.01000000'}, {'filterType': 'LOT_SIZE', 'minQty': '0.00001000', 'maxQty': '9000.00000000', 'stepSize': '0.00001000'}, {'filterType': 'ICEBERG_PARTS', 'limit': 10}, {'filterType': 'MARKET_LOT_SIZE', 'minQty': '0.00000000', 'maxQty': '89.67500095', 'stepSize': '0.00000000'}, {'filterType': 'TRAILING_DELTA', 'minTrailingAboveDelta': 10, 'maxTrailingAboveDelta': 2000, 'minTrailingBelowDelta': 10, 'maxTrailingBelowDelta': 2000}, {'filterType': 'PERCENT_PRICE_BY_SIDE', 'bidMultiplierUp': '5', 'bidMultiplierDown': '0.2', 'askMultiplierUp': '5', 'askMultiplierDown': '0.2', 'avgPriceMins': 5}, {'filterType': 'NOTIONAL', 'minNotional': '5.00000000', 'applyMinToMarket': True, 'maxNotional': '9000000.00000000', 'applyMaxToMarket': False, 'avgPriceMins': 5}, {'filterType': 'MAX_NUM_ORDERS', 'maxNumOrders': 200}, {'filterType': 'MAX_NUM_ALGO_ORDERS', 'maxNumAlgoOrders': 5}], 'permissions': [], 'permissionSets': [['SPOT', 'MARGIN', 'TRD_GRP_004', 'TRD_GRP_005', 'TRD_GRP_006', 'TRD_GRP_009', 'TRD_GRP_010', 'TRD_GRP_011', 'TRD_GRP_012', 'TRD_GRP_013', 'TRD_GRP_014', 'TRD_GRP_015', 'TRD_GRP_016', 'TRD_GRP_017', 'TRD_GRP_018', 'TRD_GRP_019', 'TRD_GRP_020', 'TRD_GRP_021', 'TRD_GRP_022', 'TRD_GRP_023', 'TRD_GRP_024', 'TRD_GRP_025', 'TRD_GRP_026', 'TRD_GRP_027', 'TRD_GRP_028', 'TRD_GRP_029', 'TRD_GRP_030', 'TRD_GRP_031', 'TRD_GRP_032', 'TRD_GRP_033', 'TRD_GRP_034', 'TRD_GRP_035', 'TRD_GRP_036', 'TRD_GRP_037', 'TRD_GRP_038', 'TRD_GRP_039', 'TRD_GRP_040', 'TRD_GRP_041', 'TRD_GRP_042', 'TRD_GRP_043', 'TRD_GRP_044', 'TRD_GRP_045', 'TRD_GRP_046', 'TRD_GRP_047', 'TRD_GRP_048', 'TRD_GRP_049', 'TRD_GRP_050', 'TRD_GRP_051', 'TRD_GRP_052', 'TRD_GRP_053', 'TRD_GRP_054', 'TRD_GRP_055', 'TRD_GRP_056', 'TRD_GRP_057', 'TRD_GRP_058', 'TRD_GRP_059', 'TRD_GRP_060', 'TRD_GRP_061', 'TRD_GRP_062', 'TRD_GRP_063', 'TRD_GRP_064', 'TRD_GRP_065', 'TRD_GRP_066', 'TRD_GRP_067', 'TRD_GRP_068', 'TRD_GRP_069', 'TRD_GRP_070', 'TRD_GRP_071', 'TRD_GRP_072', 'TRD_GRP_073', 'TRD_GRP_074', 'TRD_GRP_075', 'TRD_GRP_076', 'TRD_GRP_077', 'TRD_GRP_078', 'TRD_GRP_079', 'TRD_GRP_080', 'TRD_GRP_081', 'TRD_GRP_082', 'TRD_GRP_083', 'TRD_GRP_084', 'TRD_GRP_085', 'TRD_GRP_086', 'TRD_GRP_087', 'TRD_GRP_088', 'TRD_GRP_089', 'TRD_GRP_090', 'TRD_GRP_091', 'TRD_GRP_092', 'TRD_GRP_093', 'TRD_GRP_094', 'TRD_GRP_095', 'TRD_GRP_096', 'TRD_GRP_097', 'TRD_GRP_098', 'TRD_GRP_099', 'TRD_GRP_100', 'TRD_GRP_101', 'TRD_GRP_102', 'TRD_GRP_103', 'TRD_GRP_104', 'TRD_GRP_105', 'TRD_GRP_106', 'TRD_GRP_107', 'TRD_GRP_108', 'TRD_GRP_109', 'TRD_GRP_110', 'TRD_GRP_111', 'TRD_GRP_112', 'TRD_GRP_113', 'TRD_GRP_114', 'TRD_GRP_115', 'TRD_GRP_116', 'TRD_GRP_117', 'TRD_GRP_118', 'TRD_GRP_119', 'TRD_GRP_120', 'TRD_GRP_121', 'TRD_GRP_122', 'TRD_GRP_123', 'TRD_GRP_124', 'TRD_GRP_125', 'TRD_GRP_126', 'TRD_GRP_127', 'TRD_GRP_128', 'TRD_GRP_129', 'TRD_GRP_130', 'TRD_GRP_131', 'TRD_GRP_132', 'TRD_GRP_133', 'TRD_GRP_134', 'TRD_GRP_135', 'TRD_GRP_136', 'TRD_GRP_137', 'TRD_GRP_138', 'TRD_GRP_139', 'TRD_GRP_140', 'TRD_GRP_141', 'TRD_GRP_142', 'TRD_GRP_143', 'TRD_GRP_144', 'TRD_GRP_145', 'TRD_GRP_146', 'TRD_GRP_147', 'TRD_GRP_148', 'TRD_GRP_149', 'TRD_GRP_150', 'TRD_GRP_151', 'TRD_GRP_152', 'TRD_GRP_153', 'TRD_GRP_154', 'TRD_GRP_155', 'TRD_GRP_156', 'TRD_GRP_157', 'TRD_GRP_158', 'TRD_GRP_159', 'TRD_GRP_160', 'TRD_GRP_161', 'TRD_GRP_162', 'TRD_GRP_163', 'TRD_GRP_164', 'TRD_GRP_165', 'TRD_GRP_166', 'TRD_GRP_167', 'TRD_GRP_168', 'TRD_GRP_169', 'TRD_GRP_170', 'TRD_GRP_171', 'TRD_GRP_172', 'TRD_GRP_173', 'TRD_GRP_174', 'TRD_GRP_175', 'TRD_GRP_176', 'TRD_GRP_177', 'TRD_GRP_178', 'TRD_GRP_179', 'TRD_GRP_180', 'TRD_GRP_181', 'TRD_GRP_182', 'TRD_GRP_183', 'TRD_GRP_184', 'TRD_GRP_185', 'TRD_GRP_186', 'TRD_GRP_187', 'TRD_GRP_188', 'TRD_GRP_189', 'TRD_GRP_190', 'TRD_GRP_191', 'TRD_GRP_192', 'TRD_GRP_193', 'TRD_GRP_194', 'TRD_GRP_195', 'TRD_GRP_196', 'TRD_GRP_197', 'TRD_GRP_198', 'TRD_GRP_199', 'TRD_GRP_200', 'TRD_GRP_201', 'TRD_GRP_202', 'TRD_GRP_203', 'TRD_GRP_204', 'TRD_GRP_205', 'TRD_GRP_206', 'TRD_GRP_207', 'TRD_GRP_208', 'TRD_GRP_209', 'TRD_GRP_210', 'TRD_GRP_211', 'TRD_GRP_212', 'TRD_GRP_213', 'TRD_GRP_214', 'TRD_GRP_215', 'TRD_GRP_216', 'TRD_GRP_217', 'TRD_GRP_218', 'TRD_GRP_219', 'TRD_GRP_220', 'TRD_GRP_221', 'TRD_GRP_222', 'TRD_GRP_223', 'TRD_GRP_224', 'TRD_GRP_225', 'TRD_GRP_226', 'TRD_GRP_227', 'TRD_GRP_228', 'TRD_GRP_229', 'TRD_GRP_230', 'TRD_GRP_231', 'TRD_GRP_232', 'TRD_GRP_233', 'TRD_GRP_234', 'TRD_GRP_235']], 'defaultSelfTradePreventionMode': 'EXPIRE_MAKER', 'allowedSelfTradePreventionModes': ['EXPIRE_TAKER', 'EXPIRE_MAKER', 'EXPIRE_BOTH']}
2025-01-18 01:19:32,721 - WARNING - \u26a0\ufe0f Filtro MIN_NOTIONAL não encontrado para BTCUSDT.
2025-01-18 01:19:33,536 - WARNING - \u26a0\ufe0f Não foi possível determinar o valor mínimo de compra para BTCUSDT.
2025-01-18 01:19:34,512 - INFO - \U0001f50d Informações da Binance para ETHUSDT: {'symbol': 'ETHUSDT', 'status': 'TRADING', 'baseAsset': 'ETH', 'baseAssetPrecision': 8, 'quoteAsset': 'USDT', 'quotePrecision': 8, 'quoteAssetPrecision': 8, 'baseCommissionPrecision': 8, 'quoteCommissionPrecision': 8, 'orderTypes': ['LIMIT', 'LIMIT_MAKER', 'MARKET', 'STOP_LOSS', 'STOP_LOSS_LIMIT', 'TAKE_PROFIT', 'TAKE_PROFIT_LIMIT'], 'icebergAllowed': True, 'ocoAllowed': True, 'otoAllowed': True, 'quoteOrderQtyMarketAllowed': True, 'allowTrailingStop': True, 'cancelReplaceAllowed': True, 'isSpotTradingAllowed': True, 'isMarginTradingAllowed': True, 'filters': [{'filterType': 'PRICE_FILTER', 'minPrice': '0.01000000', 'maxPrice': '1000000.00000000', 'tickSize': '0.01000000'}, {'filterType': 'LOT_SIZE', 'minQty': '0.00010000', 'maxQty': '9000.00000000', 'stepSize': '0.00010000'}, {'filterType': 'ICEBERG_PARTS', 'limit': 10}, {'filterType': 'MARKET_LOT_SIZE', 'minQty': '0.00000000', 'maxQty': '2418.75700375', 'stepSize': '0.00000000'}, {'filterType': 'TRAILING_DELTA', 'minTrailingAboveDelta': 10, 'maxTrailingAboveDelta': 2000, 'minTrailingBelowDelta': 10, 'maxTrailingBelowDelta': 2000}, {'filterType': 'PERCENT_PRICE_BY_SIDE', 'bidMultiplierUp': '5', 'bidMultiplierDown': '0.2', 'askMultiplierUp': '5', 'askMultiplierDown': '0.2', 'avgPriceMins': 5}, {'filterType': 'NOTIONAL', 'minNotional': '5.00000000', 'applyMinToMarket': True, 'maxNotional': '9000000.00000000', 'applyMaxToMarket': False, 'avgPriceMins': 5}, {'filterType': 'MAX_NUM_ORDERS', 'maxNumOrders': 200}, {'filterType': 'MAX_NUM_ALGO_ORDERS', 'maxNumAlgoOrders': 5}], 'permissions': [], 'permissionSets': [['SPOT', 'MARGIN', 'TRD_GRP_004', 'TRD_GRP_005', 'TRD_GRP_006', 'TRD_GRP_009', 'TRD_GRP_010', 'TRD_GRP_011', 'TRD_GRP_012', 'TRD_GRP_013', 'TRD_GRP_014', 'TRD_GRP_015', 'TRD_GRP_016', 'TRD_GRP_017', 'TRD_GRP_018', 'TRD_GRP_019', 'TRD_GRP_020', 'TRD_GRP_021', 'TRD_GRP_022', 'TRD_GRP_023', 'TRD_GRP_024', 'TRD_GRP_025', 'TRD_GRP_026', 'TRD_GRP_027', 'TRD_GRP_028', 'TRD_GRP_029', 'TRD_GRP_030', 'TRD_GRP_031', 'TRD_GRP_032', 'TRD_GRP_033', 'TRD_GRP_034', 'TRD_GRP_035', 'TRD_GRP_036', 'TRD_GRP_037', 'TRD_GRP_038', 'TRD_GRP_039', 'TRD_GRP_040', 'TRD_GRP_041', 'TRD_GRP_042', 'TRD_GRP_043', 'TRD_GRP_044', 'TRD_GRP_045', 'TRD_GRP_046', 'TRD_GRP_047', 'TRD_GRP_048', 'TRD_GRP_049', 'TRD_GRP_050', 'TRD_GRP_051', 'TRD_GRP_052', 'TRD_GRP_053', 'TRD_GRP_054', 'TRD_GRP_055', 'TRD_GRP_056', 'TRD_GRP_057', 'TRD_GRP_058', 'TRD_GRP_059', 'TRD_GRP_060', 'TRD_GRP_061', 'TRD_GRP_062', 'TRD_GRP_063', 'TRD_GRP_064', 'TRD_GRP_065', 'TRD_GRP_066', 'TRD_GRP_067', 'TRD_GRP_068', 'TRD_GRP_069', 'TRD_GRP_070', 'TRD_GRP_071', 'TRD_GRP_072', 'TRD_GRP_073', 'TRD_GRP_074', 'TRD_GRP_075', 'TRD_GRP_076', 'TRD_GRP_077', 'TRD_GRP_078', 'TRD_GRP_079', 'TRD_GRP_080', 'TRD_GRP_081', 'TRD_GRP_082', 'TRD_GRP_083', 'TRD_GRP_084', 'TRD_GRP_085', 'TRD_GRP_086', 'TRD_GRP_087', 'TRD_GRP_088', 'TRD_GRP_089', 'TRD_GRP_090', 'TRD_GRP_091', 'TRD_GRP_092', 'TRD_GRP_093', 'TRD_GRP_094', 'TRD_GRP_095', 'TRD_GRP_096', 'TRD_GRP_097', 'TRD_GRP_098', 'TRD_GRP_099', 'TRD_GRP_100', 'TRD_GRP_101', 'TRD_GRP_102', 'TRD_GRP_103', 'TRD_GRP_104', 'TRD_GRP_105', 'TRD_GRP_106', 'TRD_GRP_107', 'TRD_GRP_108', 'TRD_GRP_109', 'TRD_GRP_110', 'TRD_GRP_111', 'TRD_GRP_112', 'TRD_GRP_113', 'TRD_GRP_114', 'TRD_GRP_115', 'TRD_GRP_116', 'TRD_GRP_117', 'TRD_GRP_118', 'TRD_GRP_119', 'TRD_GRP_120', 'TRD_GRP_121', 'TRD_GRP_122', 'TRD_GRP_123', 'TRD_GRP_124', 'TRD_GRP_125', 'TRD_GRP_126', 'TRD_GRP_127', 'TRD_GRP_128', 'TRD_GRP_129', 'TRD_GRP_130', 'TRD_GRP_131', 'TRD_GRP_132', 'TRD_GRP_133', 'TRD_GRP_134', 'TRD_GRP_135', 'TRD_GRP_136', 'TRD_GRP_137', 'TRD_GRP_138', 'TRD_GRP_139', 'TRD_GRP_140', 'TRD_GRP_141', 'TRD_GRP_142', 'TRD_GRP_143', 'TRD_GRP_144', 'TRD_GRP_145', 'TRD_GRP_146', 'TRD_GRP_147', 'TRD_GRP_148', 'TRD_GRP_149', 'TRD_GRP_150', 'TRD_GRP_151', 'TRD_GRP_152', 'TRD_GRP_153', 'TRD_GRP_154', 'TRD_GRP_155', 'TRD_GRP_156', 'TRD_GRP_157', 'TRD_GRP_158', 'TRD_GRP_159', 'TRD_GRP_160', 'TRD_GRP_161', 'TRD_GRP_162', 'TRD_GRP_163', 'TRD_GRP_164', 'TRD_GRP_165', 'TRD_GRP_166', 'TRD_GRP_167', 'TRD_GRP_168', 'TRD_GRP_169', 'TRD_GRP_170', 'TRD_GRP_171', 'TRD_GRP_172', 'TRD_GRP_173', 'TRD_GRP_174', 'TRD_GRP_175', 'TRD_GRP_176', 'TRD_GRP_177', 'TRD_GRP_178', 'TRD_GRP_179', 'TRD_GRP_180', 'TRD_GRP_181', 'TRD_GRP_182', 'TRD_GRP_183', 'TRD_GRP_184', 'TRD_GRP_185', 'TRD_GRP_186', 'TRD_GRP_187', 'TRD_GRP_188', 'TRD_GRP_189', 'TRD_GRP_190', 'TRD_GRP_191', 'TRD_GRP_192', 'TRD_GRP_193', 'TRD_GRP_194', 'TRD_GRP_195', 'TRD_GRP_196', 'TRD_GRP_197', 'TRD_GRP_198', 'TRD_GRP_199', 'TRD_GRP_200', 'TRD_GRP_201', 'TRD_GRP_202', 'TRD_GRP_203', 'TRD_GRP_204', 'TRD_GRP_205', 'TRD_GRP_206', 'TRD_GRP_207', 'TRD_GRP_208', 'TRD_GRP_209', 'TRD_GRP_210', 'TRD_GRP_211', 'TRD_GRP_212', 'TRD_GRP_213', 'TRD_GRP_214', 'TRD_GRP_215', 'TRD_GRP_216', 'TRD_GRP_217', 'TRD_GRP_218', 'TRD_GRP_219', 'TRD_GRP_220', 'TRD_GRP_221', 'TRD_GRP_222', 'TRD_GRP_223', 'TRD_GRP_224', 'TRD_GRP_225', 'TRD_GRP_226', 'TRD_GRP_227', 'TRD_GRP_228', 'TRD_GRP_229', 'TRD_GRP_230', 'TRD_GRP_231', 'TRD_GRP_232', 'TRD_GRP_233', 'TRD_GRP_234', 'TRD_GRP_235']], 'defaultSelfTradePreventionMode': 'EXPIRE_MAKER', 'allowedSelfTradePreventionModes': ['EXPIRE_TAKER', 'EXPIRE_MAKER', 'EXPIRE_BOTH']}
2025-01-18 01:19:34,512 - WARNING - \u26a0\ufe0f Filtro MIN_NOTIONAL não encontrado para ETHUSDT.
2025-01-18 01:19:35,276 - WARNING - \u26a0\ufe0f Não foi possível determinar o valor mínimo de compra para ETHUSDT.
2025-01-18 01:20:07,352 - INFO - \U0001f50d Informações da Binance para BTCUSDT: {'symbol': 'BTCUSDT', 'status': 'TRADING', 'baseAsset': 'BTC', 'baseAssetPrecision': 8, 'quoteAsset': 'USDT', 'quotePrecision': 8, 'quoteAssetPrecision': 8, 'baseCommissionPrecision': 8, 'quoteCommissionPrecision': 8, 'orderTypes': ['LIMIT', 'LIMIT_MAKER', 'MARKET', 'STOP_LOSS', 'STOP_LOSS_LIMIT', 'TAKE_PROFIT', 'TAKE_PROFIT_LIMIT'], 'icebergAllowed': True, 'ocoAllowed': True, 'otoAllowed': True, 'quoteOrderQtyMarketAllowed': True, 'allowTrailingStop': True, 'cancelReplaceAllowed': True, 'isSpotTradingAllowed': True, 'isMarginTradingAllowed': True, 'filters': [{'filterType': 'PRICE_FILTER', 'minPrice': '0.01000000', 'maxPrice': '1000000.00000000', 'tickSize': '0.01000000'}, {'filterType': 'LOT_SIZE', 'minQty': '0.00001000', 'maxQty': '9000.00000000', 'stepSize': '0.00001000'}, {'filterType': 'ICEBERG_PARTS', 'limit': 10}, {'filterType': 'MARKET_LOT_SIZE', 'minQty': '0.00000000', 'maxQty': '89.67500095', 'stepSize': '0.00000000'}, {'filterType': 'TRAILING_DELTA', 'minTrailingAboveDelta': 10, 'maxTrailingAboveDelta': 2000, 'minTrailingBelowDelta': 10, 'maxTrailingBelowDelta': 2000}, {'filterType': 'PERCENT_PRICE_BY_SIDE', 'bidMultiplierUp': '5', 'bidMultiplierDown': '0.2', 'askMultiplierUp': '5', 'askMultiplierDown': '0.2', 'avgPriceMins': 5}, {'filterType': 'NOTIONAL', 'minNotional': '5.00000000', 'applyMinToMarket': True, 'maxNotional': '9000000.00000000', 'applyMaxToMarket': False, 'avgPriceMins': 5}, {'filterType': 'MAX_NUM_ORDERS', 'maxNumOrders': 200}, {'filterType': 'MAX_NUM_ALGO_ORDERS', 'maxNumAlgoOrders': 5}], 'permissions': [], 'permissionSets': [['SPOT', 'MARGIN', 'TRD_GRP_004', 'TRD_GRP_005', 'TRD_GRP_006', 'TRD_GRP_009', 'TRD_GRP_010', 'TRD_GRP_011', 'TRD_GRP_012', 'TRD_GRP_013', 'TRD_GRP_014', 'TRD_GRP_015', 'TRD_GRP_016', 'TRD_GRP_017', 'TRD_GRP_018', 'TRD_GRP_019', 'TRD_GRP_020', 'TRD_GRP_021', 'TRD_GRP_022', 'TRD_GRP_023', 'TRD_GRP_024', 'TRD_GRP_025', 'TRD_GRP_026', 'TRD_GRP_027', 'TRD_GRP_028', 'TRD_GRP_029', 'TRD_GRP_030', 'TRD_GRP_031', 'TRD_GRP_032', 'TRD_GRP_033', 'TRD_GRP_034', 'TRD_GRP_035', 'TRD_GRP_036', 'TRD_GRP_037', 'TRD_GRP_038', 'TRD_GRP_039', 'TRD_GRP_040', 'TRD_GRP_041', 'TRD_GRP_042', 'TRD_GRP_043', 'TRD_GRP_044', 'TRD_GRP_045', 'TRD_GRP_046', 'TRD_GRP_047', 'TRD_GRP_048', 'TRD_GRP_049', 'TRD_GRP_050', 'TRD_GRP_051', 'TRD_GRP_052', 'TRD_GRP_053', 'TRD_GRP_054', 'TRD_GRP_055', 'TRD_GRP_056', 'TRD_GRP_057', 'TRD_GRP_058', 'TRD_GRP_059', 'TRD_GRP_060', 'TRD_GRP_061', 'TRD_GRP_062', 'TRD_GRP_063', 'TRD_GRP_064', 'TRD_GRP_065', 'TRD_GRP_066', 'TRD_GRP_067', 'TRD_GRP_068', 'TRD_GRP_069', 'TRD_GRP_070', 'TRD_GRP_071', 'TRD_GRP_072', 'TRD_GRP_073', 'TRD_GRP_074', 'TRD_GRP_075', 'TRD_GRP_076', 'TRD_GRP_077', 'TRD_GRP_078', 'TRD_GRP_079', 'TRD_GRP_080', 'TRD_GRP_081', 'TRD_GRP_082', 'TRD_GRP_083', 'TRD_GRP_084', 'TRD_GRP_085', 'TRD_GRP_086', 'TRD_GRP_087', 'TRD_GRP_088', 'TRD_GRP_089', 'TRD_GRP_090', 'TRD_GRP_091', 'TRD_GRP_092', 'TRD_GRP_093', 'TRD_GRP_094', 'TRD_GRP_095', 'TRD_GRP_096', 'TRD_GRP_097', 'TRD_GRP_098', 'TRD_GRP_099', 'TRD_GRP_100', 'TRD_GRP_101', 'TRD_GRP_102', 'TRD_GRP_103', 'TRD_GRP_104', 'TRD_GRP_105', 'TRD_GRP_106', 'TRD_GRP_107', 'TRD_GRP_108', 'TRD_GRP_109', 'TRD_GRP_110', 'TRD_GRP_111', 'TRD_GRP_112', 'TRD_GRP_113', 'TRD_GRP_114', 'TRD_GRP_115', 'TRD_GRP_116', 'TRD_GRP_117', 'TRD_GRP_118', 'TRD_GRP_119', 'TRD_GRP_120', 'TRD_GRP_121', 'TRD_GRP_122', 'TRD_GRP_123', 'TRD_GRP_124', 'TRD_GRP_125', 'TRD_GRP_126', 'TRD_GRP_127', 'TRD_GRP_128', 'TRD_GRP_129', 'TRD_GRP_130', 'TRD_GRP_131', 'TRD_GRP_132', 'TRD_GRP_133', 'TRD_GRP_134', 'TRD_GRP_135', 'TRD_GRP_136', 'TRD_GRP_137', 'TRD_GRP_138', 'TRD_GRP_139', 'TRD_GRP_140', 'TRD_GRP_141', 'TRD_GRP_142', 'TRD_GRP_143', 'TRD_GRP_144', 'TRD_GRP_145', 'TRD_GRP_146', 'TRD_GRP_147', 'TRD_GRP_148', 'TRD_GRP_149', 'TRD_GRP_150', 'TRD_GRP_151', 'TRD_GRP_152', 'TRD_GRP_153', 'TRD_GRP_154', 'TRD_GRP_155', 'TRD_GRP_156', 'TRD_GRP_157', 'TRD_GRP_158', 'TRD_GRP_159', 'TRD_GRP_160', 'TRD_GRP_161', 'TRD_GRP_162', 'TRD_GRP_163', 'TRD_GRP_164', 'TRD_GRP_165', 'TRD_GRP_166', 'TRD_GRP_167', 'TRD_GRP_168', 'TRD_GRP_169', 'TRD_GRP_170', 'TRD_GRP_171', 'TRD_GRP_172', 'TRD_GRP_173', 'TRD_GRP_174', 'TRD_GRP_175', 'TRD_GRP_176', 'TRD_GRP_177', 'TRD_GRP_178', 'TRD_GRP_179', 'TRD_GRP_180', 'TRD_GRP_181', 'TRD_GRP_182', 'TRD_GRP_183', 'TRD_GRP_184', 'TRD_GRP_185', 'TRD_GRP_186', 'TRD_GRP_187', 'TRD_GRP_188', 'TRD_GRP_189', 'TRD_GRP_190', 'TRD_GRP_191', 'TRD_GRP_192', 'TRD_GRP_193', 'TRD_GRP_194', 'TRD_GRP_195', 'TRD_GRP_196', 'TRD_GRP_197', 'TRD_GRP_198', 'TRD_GRP_199', 'TRD_GRP_200', 'TRD_GRP_201', 'TRD_GRP_202', 'TRD_GRP_203', 'TRD_GRP_204', 'TRD_GRP_205', 'TRD_GRP_206', 'TRD_GRP_207', 'TRD_GRP_208', 'TRD_GRP_209', 'TRD_GRP_210', 'TRD_GRP_211', 'TRD_GRP_212', 'TRD_GRP_213', 'TRD_GRP_214', 'TRD_GRP_215', 'TRD_GRP_216', 'TRD_GRP_217', 'TRD_GRP_218', 'TRD_GRP_219', 'TRD_GRP_220', 'TRD_GRP_221', 'TRD_GRP_222', 'TRD_GRP_223', 'TRD_GRP_224', 'TRD_GRP_225', 'TRD_GRP_226', 'TRD_GRP_227', 'TRD_GRP_228', 'TRD_GRP_229', 'TRD_GRP_230', 'TRD_GRP_231', 'TRD_GRP_232', 'TRD_GRP_233', 'TRD_GRP_234', 'TRD_GRP_235']], 'defaultSelfTradePreventionMode': 'EXPIRE_MAKER', 'allowedSelfTradePreventionModes': ['EXPIRE_TAKER', 'EXPIRE_MAKER', 'EXPIRE_BOTH']}
2025-01-18 01:20:07,352 - WARNING - \u26a0\ufe0f Filtro MIN_NOTIONAL não encontrado para BTCUSDT.
2025-01-18 01:20:08,088 - WARNING - \u26a0\ufe0f Não foi possível determinar o valor mínimo de compra para BTCUSDT.
2025-01-18 01:20:08,884 - INFO - \U0001f50d Informações da Binance para ETHUSDT: {'symbol': 'ETHUSDT', 'status': 'TRADING', 'baseAsset': 'ETH', 'baseAssetPrecision': 8, 'quoteAsset': 'USDT', 'quotePrecision': 8, 'quoteAssetPrecision': 8, 'baseCommissionPrecision': 8, 'quoteCommissionPrecision': 8, 'orderTypes': ['LIMIT', 'LIMIT_MAKER', 'MARKET', 'STOP_LOSS', 'STOP_LOSS_LIMIT', 'TAKE_PROFIT', 'TAKE_PROFIT_LIMIT'], 'icebergAllowed': True, 'ocoAllowed': True, 'otoAllowed': True, 'quoteOrderQtyMarketAllowed': True, 'allowTrailingStop': True, 'cancelReplaceAllowed': True, 'isSpotTradingAllowed': True, 'isMarginTradingAllowed': True, 'filters': [{'filterType': 'PRICE_FILTER', 'minPrice': '0.01000000', 'maxPrice': '1000000.00000000', 'tickSize': '0.01000000'}, {'filterType': 'LOT_SIZE', 'minQty': '0.00010000', 'maxQty': '9000.00000000', 'stepSize': '0.00010000'}, {'filterType': 'ICEBERG_PARTS', 'limit': 10}, {'filterType': 'MARKET_LOT_SIZE', 'minQty': '0.00000000', 'maxQty': '2418.75700375', 'stepSize': '0.00000000'}, {'filterType': 'TRAILING_DELTA', 'minTrailingAboveDelta': 10, 'maxTrailingAboveDelta': 2000, 'minTrailingBelowDelta': 10, 'maxTrailingBelowDelta': 2000}, {'filterType': 'PERCENT_PRICE_BY_SIDE', 'bidMultiplierUp': '5', 'bidMultiplierDown': '0.2', 'askMultiplierUp': '5', 'askMultiplierDown': '0.2', 'avgPriceMins': 5}, {'filterType': 'NOTIONAL', 'minNotional': '5.00000000', 'applyMinToMarket': True, 'maxNotional': '9000000.00000000', 'applyMaxToMarket': False, 'avgPriceMins': 5}, {'filterType': 'MAX_NUM_ORDERS', 'maxNumOrders': 200}, {'filterType': 'MAX_NUM_ALGO_ORDERS', 'maxNumAlgoOrders': 5}], 'permissions': [], 'permissionSets': [['SPOT', 'MARGIN', 'TRD_GRP_004', 'TRD_GRP_005', 'TRD_GRP_006', 'TRD_GRP_009', 'TRD_GRP_010', 'TRD_GRP_011', 'TRD_GRP_012', 'TRD_GRP_013', 'TRD_GRP_014', 'TRD_GRP_015', 'TRD_GRP_016', 'TRD_GRP_017', 'TRD_GRP_018', 'TRD_GRP_019', 'TRD_GRP_020', 'TRD_GRP_021', 'TRD_GRP_022', 'TRD_GRP_023', 'TRD_GRP_024', 'TRD_GRP_025', 'TRD_GRP_026', 'TRD_GRP_027', 'TRD_GRP_028', 'TRD_GRP_029', 'TRD_GRP_030', 'TRD_GRP_031', 'TRD_GRP_032', 'TRD_GRP_033', 'TRD_GRP_034', 'TRD_GRP_035', 'TRD_GRP_036', 'TRD_GRP_037', 'TRD_GRP_038', 'TRD_GRP_039', 'TRD_GRP_040', 'TRD_GRP_041', 'TRD_GRP_042', 'TRD_GRP_043', 'TRD_GRP_044', 'TRD_GRP_045', 'TRD_GRP_046', 'TRD_GRP_047', 'TRD_GRP_048', 'TRD_GRP_049', 'TRD_GRP_050', 'TRD_GRP_051', 'TRD_GRP_052', 'TRD_GRP_053', 'TRD_GRP_054', 'TRD_GRP_055', 'TRD_GRP_056', 'TRD_GRP_057', 'TRD_GRP_058', 'TRD_GRP_059', 'TRD_GRP_060', 'TRD_GRP_061', 'TRD_GRP_062', 'TRD_GRP_063', 'TRD_GRP_064', 'TRD_GRP_065', 'TRD_GRP_066', 'TRD_GRP_067', 'TRD_GRP_068', 'TRD_GRP_069', 'TRD_GRP_070', 'TRD_GRP_071', 'TRD_GRP_072', 'TRD_GRP_073', 'TRD_GRP_074', 'TRD_GRP_075', 'TRD_GRP_076', 'TRD_GRP_077', 'TRD_GRP_078', 'TRD_GRP_079', 'TRD_GRP_080', 'TRD_GRP_081', 'TRD_GRP_082', 'TRD_GRP_083', 'TRD_GRP_084', 'TRD_GRP_085', 'TRD_GRP_086', 'TRD_GRP_087', 'TRD_GRP_088', 'TRD_GRP_089', 'TRD_GRP_090', 'TRD_GRP_091', 'TRD_GRP_092', 'TRD_GRP_093', 'TRD_GRP_094', 'TRD_GRP_095', 'TRD_GRP_096', 'TRD_GRP_097', 'TRD_GRP_098', 'TRD_GRP_099', 'TRD_GRP_100', 'TRD_GRP_101', 'TRD_GRP_102', 'TRD_GRP_103', 'TRD_GRP_104', 'TRD_GRP_105', 'TRD_GRP_106', 'TRD_GRP_107', 'TRD_GRP_108', 'TRD_GRP_109', 'TRD_GRP_110', 'TRD_GRP_111', 'TRD_GRP_112', 'TRD_GRP_113', 'TRD_GRP_114', 'TRD_GRP_115', 'TRD_GRP_116', 'TRD_GRP_117', 'TRD_GRP_118', 'TRD_GRP_119', 'TRD_GRP_120', 'TRD_GRP_121', 'TRD_GRP_122', 'TRD_GRP_123', 'TRD_GRP_124', 'TRD_GRP_125', 'TRD_GRP_126', 'TRD_GRP_127', 'TRD_GRP_128', 'TRD_GRP_129', 'TRD_GRP_130', 'TRD_GRP_131', 'TRD_GRP_132', 'TRD_GRP_133', 'TRD_GRP_134', 'TRD_GRP_135', 'TRD_GRP_136', 'TRD_GRP_137', 'TRD_GRP_138', 'TRD_GRP_139', 'TRD_GRP_140', 'TRD_GRP_141', 'TRD_GRP_142', 'TRD_GRP_143', 'TRD_GRP_144', 'TRD_GRP_145', 'TRD_GRP_146', 'TRD_GRP_147', 'TRD_GRP_148', 'TRD_GRP_149', 'TRD_GRP_150', 'TRD_GRP_151', 'TRD_GRP_152', 'TRD_GRP_153', 'TRD_GRP_154', 'TRD_GRP_155', 'TRD_GRP_156', 'TRD_GRP_157', 'TRD_GRP_158', 'TRD_GRP_159', 'TRD_GRP_160', 'TRD_GRP_161', 'TRD_GRP_162', 'TRD_GRP_163', 'TRD_GRP_164', 'TRD_GRP_165', 'TRD_GRP_166', 'TRD_GRP_167', 'TRD_GRP_168', 'TRD_GRP_169', 'TRD_GRP_170', 'TRD_GRP_171', 'TRD_GRP_172', 'TRD_GRP_173', 'TRD_GRP_174', 'TRD_GRP_175', 'TRD_GRP_176', 'TRD_GRP_177', 'TRD_GRP_178', 'TRD_GRP_179', 'TRD_GRP_180', 'TRD_GRP_181', 'TRD_GRP_182', 'TRD_GRP_183', 'TRD_GRP_184', 'TRD_GRP_185', 'TRD_GRP_186', 'TRD_GRP_187', 'TRD_GRP_188', 'TRD_GRP_189', 'TRD_GRP_190', 'TRD_GRP_191', 'TRD_GRP_192', 'TRD_GRP_193', 'TRD_GRP_194', 'TRD_GRP_195', 'TRD_GRP_196', 'TRD_GRP_197', 'TRD_GRP_198', 'TRD_GRP_199', 'TRD_GRP_200', 'TRD_GRP_201', 'TRD_GRP_202', 'TRD_GRP_203', 'TRD_GRP_204', 'TRD_GRP_205', 'TRD_GRP_206', 'TRD_GRP_207', 'TRD_GRP_208', 'TRD_GRP_209', 'TRD_GRP_210', 'TRD_GRP_211', 'TRD_GRP_212', 'TRD_GRP_213', 'TRD_GRP_214', 'TRD_GRP_215', 'TRD_GRP_216', 'TRD_GRP_217', 'TRD_GRP_218', 'TRD_GRP_219', 'TRD_GRP_220', 'TRD_GRP_221', 'TRD_GRP_222', 'TRD_GRP_223', 'TRD_GRP_224', 'TRD_GRP_225', 'TRD_GRP_226', 'TRD_GRP_227', 'TRD_GRP_228', 'TRD_GRP_229', 'TRD_GRP_230', 'TRD_GRP_231', 'TRD_GRP_232', 'TRD_GRP_233', 'TRD_GRP_234', 'TRD_GRP_235']], 'defaultSelfTradePreventionMode': 'EXPIRE_MAKER', 'allowedSelfTradePreventionModes': ['EXPIRE_TAKER', 'EXPIRE_MAKER', 'EXPIRE_BOTH']}
2025-01-18 01:20:08,884 - WARNING - \u26a0\ufe0f Filtro MIN_NOTIONAL não encontrado para ETHUSDT.
2025-01-18 01:20:09,625 - WARNING - \u26a0\ufe0f Não foi possível determinar o valor mínimo de compra para ETHUSDT.
2025-01-18 01:20:41,775 - INFO - \U0001f50d Informações da Binance para BTCUSDT: {'symbol': 'BTCUSDT', 'status': 'TRADING', 'baseAsset': 'BTC', 'baseAssetPrecision': 8, 'quoteAsset': 'USDT', 'quotePrecision': 8, 'quoteAssetPrecision': 8, 'baseCommissionPrecision': 8, 'quoteCommissionPrecision': 8, 'orderTypes': ['LIMIT', 'LIMIT_MAKER', 'MARKET', 'STOP_LOSS', 'STOP_LOSS_LIMIT', 'TAKE_PROFIT', 'TAKE_PROFIT_LIMIT'], 'icebergAllowed': True, 'ocoAllowed': True, 'otoAllowed': True, 'quoteOrderQtyMarketAllowed': True, 'allowTrailingStop': True, 'cancelReplaceAllowed': True, 'isSpotTradingAllowed': True, 'isMarginTradingAllowed': True, 'filters': [{'filterType': 'PRICE_FILTER', 'minPrice': '0.01000000', 'maxPrice': '1000000.00000000', 'tickSize': '0.01000000'}, {'filterType': 'LOT_SIZE', 'minQty': '0.00001000', 'maxQty': '9000.00000000', 'stepSize': '0.00001000'}, {'filterType': 'ICEBERG_PARTS', 'limit': 10}, {'filterType': 'MARKET_LOT_SIZE', 'minQty': '0.00000000', 'maxQty': '89.67500095', 'stepSize': '0.00000000'}, {'filterType': 'TRAILING_DELTA', 'minTrailingAboveDelta': 10, 'maxTrailingAboveDelta': 2000, 'minTrailingBelowDelta': 10, 'maxTrailingBelowDelta': 2000}, {'filterType': 'PERCENT_PRICE_BY_SIDE', 'bidMultiplierUp': '5', 'bidMultiplierDown': '0.2', 'askMultiplierUp': '5', 'askMultiplierDown': '0.2', 'avgPriceMins': 5}, {'filterType': 'NOTIONAL', 'minNotional': '5.00000000', 'applyMinToMarket': True, 'maxNotional': '9000000.00000000', 'applyMaxToMarket': False, 'avgPriceMins': 5}, {'filterType': 'MAX_NUM_ORDERS', 'maxNumOrders': 200}, {'filterType': 'MAX_NUM_ALGO_ORDERS', 'maxNumAlgoOrders': 5}], 'permissions': [], 'permissionSets': [['SPOT', 'MARGIN', 'TRD_GRP_004', 'TRD_GRP_005', 'TRD_GRP_006', 'TRD_GRP_009', 'TRD_GRP_010', 'TRD_GRP_011', 'TRD_GRP_012', 'TRD_GRP_013', 'TRD_GRP_014', 'TRD_GRP_015', 'TRD_GRP_016', 'TRD_GRP_017', 'TRD_GRP_018', 'TRD_GRP_019', 'TRD_GRP_020', 'TRD_GRP_021', 'TRD_GRP_022', 'TRD_GRP_023', 'TRD_GRP_024', 'TRD_GRP_025', 'TRD_GRP_026', 'TRD_GRP_027', 'TRD_GRP_028', 'TRD_GRP_029', 'TRD_GRP_030', 'TRD_GRP_031', 'TRD_GRP_032', 'TRD_GRP_033', 'TRD_GRP_034', 'TRD_GRP_035', 'TRD_GRP_036', 'TRD_GRP_037', 'TRD_GRP_038', 'TRD_GRP_039', 'TRD_GRP_040', 'TRD_GRP_041', 'TRD_GRP_042', 'TRD_GRP_043', 'TRD_GRP_044', 'TRD_GRP_045', 'TRD_GRP_046', 'TRD_GRP_047', 'TRD_GRP_048', 'TRD_GRP_049', 'TRD_GRP_050', 'TRD_GRP_051', 'TRD_GRP_052', 'TRD_GRP_053', 'TRD_GRP_054', 'TRD_GRP_055', 'TRD_GRP_056', 'TRD_GRP_057', 'TRD_GRP_058', 'TRD_GRP_059', 'TRD_GRP_060', 'TRD_GRP_061', 'TRD_GRP_062', 'TRD_GRP_063', 'TRD_GRP_064', 'TRD_GRP_065', 'TRD_GRP_066', 'TRD_GRP_067', 'TRD_GRP_068', 'TRD_GRP_069', 'TRD_GRP_070', 'TRD_GRP_071', 'TRD_GRP_072', 'TRD_GRP_073', 'TRD_GRP_074', 'TRD_GRP_075', 'TRD_GRP_076', 'TRD_GRP_077', 'TRD_GRP_078', 'TRD_GRP_079', 'TRD_GRP_080', 'TRD_GRP_081', 'TRD_GRP_082', 'TRD_GRP_083', 'TRD_GRP_084', 'TRD_GRP_085', 'TRD_GRP_086', 'TRD_GRP_087', 'TRD_GRP_088', 'TRD_GRP_089', 'TRD_GRP_090', 'TRD_GRP_091', 'TRD_GRP_092', 'TRD_GRP_093', 'TRD_GRP_094', 'TRD_GRP_095', 'TRD_GRP_096', 'TRD_GRP_097', 'TRD_GRP_098', 'TRD_GRP_099', 'TRD_GRP_100', 'TRD_GRP_101', 'TRD_GRP_102', 'TRD_GRP_103', 'TRD_GRP_104', 'TRD_GRP_105', 'TRD_GRP_106', 'TRD_GRP_107', 'TRD_GRP_108', 'TRD_GRP_109', 'TRD_GRP_110', 'TRD_GRP_111', 'TRD_GRP_112', 'TRD_GRP_113', 'TRD_GRP_114', 'TRD_GRP_115', 'TRD_GRP_116', 'TRD_GRP_117', 'TRD_GRP_118', 'TRD_GRP_119', 'TRD_GRP_120', 'TRD_GRP_121', 'TRD_GRP_122', 'TRD_GRP_123', 'TRD_GRP_124', 'TRD_GRP_125', 'TRD_GRP_126', 'TRD_GRP_127', 'TRD_GRP_128', 'TRD_GRP_129', 'TRD_GRP_130', 'TRD_GRP_131', 'TRD_GRP_132', 'TRD_GRP_133', 'TRD_GRP_134', 'TRD_GRP_135', 'TRD_GRP_136', 'TRD_GRP_137', 'TRD_GRP_138', 'TRD_GRP_139', 'TRD_GRP_140', 'TRD_GRP_141', 'TRD_GRP_142', 'TRD_GRP_143', 'TRD_GRP_144', 'TRD_GRP_145', 'TRD_GRP_146', 'TRD_GRP_147', 'TRD_GRP_148', 'TRD_GRP_149', 'TRD_GRP_150', 'TRD_GRP_151', 'TRD_GRP_152', 'TRD_GRP_153', 'TRD_GRP_154', 'TRD_GRP_155', 'TRD_GRP_156', 'TRD_GRP_157', 'TRD_GRP_158', 'TRD_GRP_159', 'TRD_GRP_160', 'TRD_GRP_161', 'TRD_GRP_162', 'TRD_GRP_163', 'TRD_GRP_164', 'TRD_GRP_165', 'TRD_GRP_166', 'TRD_GRP_167', 'TRD_GRP_168', 'TRD_GRP_169', 'TRD_GRP_170', 'TRD_GRP_171', 'TRD_GRP_172', 'TRD_GRP_173', 'TRD_GRP_174', 'TRD_GRP_175', 'TRD_GRP_176', 'TRD_GRP_177', 'TRD_GRP_178', 'TRD_GRP_179', 'TRD_GRP_180', 'TRD_GRP_181', 'TRD_GRP_182', 'TRD_GRP_183', 'TRD_GRP_184', 'TRD_GRP_185', 'TRD_GRP_186', 'TRD_GRP_187', 'TRD_GRP_188', 'TRD_GRP_189', 'TRD_GRP_190', 'TRD_GRP_191', 'TRD_GRP_192', 'TRD_GRP_193', 'TRD_GRP_194', 'TRD_GRP_195', 'TRD_GRP_196', 'TRD_GRP_197', 'TRD_GRP_198', 'TRD_GRP_199', 'TRD_GRP_200', 'TRD_GRP_201', 'TRD_GRP_202', 'TRD_GRP_203', 'TRD_GRP_204', 'TRD_GRP_205', 'TRD_GRP_206', 'TRD_GRP_207', 'TRD_GRP_208', 'TRD_GRP_209', 'TRD_GRP_210', 'TRD_GRP_211', 'TRD_GRP_212', 'TRD_GRP_213', 'TRD_GRP_214', 'TRD_GRP_215', 'TRD_GRP_216', 'TRD_GRP_217', 'TRD_GRP_218', 'TRD_GRP_219', 'TRD_GRP_220', 'TRD_GRP_221', 'TRD_GRP_222', 'TRD_GRP_223', 'TRD_GRP_224', 'TRD_GRP_225', 'TRD_GRP_226', 'TRD_GRP_227', 'TRD_GRP_228', 'TRD_GRP_229', 'TRD_GRP_230', 'TRD_GRP_231', 'TRD_GRP_232', 'TRD_GRP_233', 'TRD_GRP_234', 'TRD_GRP_235']], 'defaultSelfTradePreventionMode': 'EXPIRE_MAKER', 'allowedSelfTradePreventionModes': ['EXPIRE_TAKER', 'EXPIRE_MAKER', 'EXPIRE_BOTH']}
2025-01-18 01:20:41,775 - WARNING - \u26a0\ufe0f Filtro MIN_NOTIONAL não encontrado para BTCUSDT.
2025-01-18 01:20:42,532 - WARNING - \u26a0\ufe0f Não foi possível determinar o valor mínimo de compra para BTCUSDT.
2025-01-18 01:20:43,437 - INFO - \U0001f50d Informações da Binance para ETHUSDT: {'symbol': 'ETHUSDT', 'status': 'TRADING', 'baseAsset': 'ETH', 'baseAssetPrecision': 8, 'quoteAsset': 'USDT', 'quotePrecision': 8, 'quoteAssetPrecision': 8, 'baseCommissionPrecision': 8, 'quoteCommissionPrecision': 8, 'orderTypes': ['LIMIT', 'LIMIT_MAKER', 'MARKET', 'STOP_LOSS', 'STOP_LOSS_LIMIT', 'TAKE_PROFIT', 'TAKE_PROFIT_LIMIT'], 'icebergAllowed': True, 'ocoAllowed': True, 'otoAllowed': True, 'quoteOrderQtyMarketAllowed': True, 'allowTrailingStop': True, 'cancelReplaceAllowed': True, 'isSpotTradingAllowed': True, 'isMarginTradingAllowed': True, 'filters': [{'filterType': 'PRICE_FILTER', 'minPrice': '0.01000000', 'maxPrice': '1000000.00000000', 'tickSize': '0.01000000'}, {'filterType': 'LOT_SIZE', 'minQty': '0.00010000', 'maxQty': '9000.00000000', 'stepSize': '0.00010000'}, {'filterType': 'ICEBERG_PARTS', 'limit': 10}, {'filterType': 'MARKET_LOT_SIZE', 'minQty': '0.00000000', 'maxQty': '2418.75700375', 'stepSize': '0.00000000'}, {'filterType': 'TRAILING_DELTA', 'minTrailingAboveDelta': 10, 'maxTrailingAboveDelta': 2000, 'minTrailingBelowDelta': 10, 'maxTrailingBelowDelta': 2000}, {'filterType': 'PERCENT_PRICE_BY_SIDE', 'bidMultiplierUp': '5', 'bidMultiplierDown': '0.2', 'askMultiplierUp': '5', 'askMultiplierDown': '0.2', 'avgPriceMins': 5}, {'filterType': 'NOTIONAL', 'minNotional': '5.00000000', 'applyMinToMarket': True, 'maxNotional': '9000000.00000000', 'applyMaxToMarket': False, 'avgPriceMins': 5}, {'filterType': 'MAX_NUM_ORDERS', 'maxNumOrders': 200}, {'filterType': 'MAX_NUM_ALGO_ORDERS', 'maxNumAlgoOrders': 5}], 'permissions': [], 'permissionSets': [['SPOT', 'MARGIN', 'TRD_GRP_004', 'TRD_GRP_005', 'TRD_GRP_006', 'TRD_GRP_009', 'TRD_GRP_010', 'TRD_GRP_011', 'TRD_GRP_012', 'TRD_GRP_013', 'TRD_GRP_014', 'TRD_GRP_015', 'TRD_GRP_016', 'TRD_GRP_017', 'TRD_GRP_018', 'TRD_GRP_019', 'TRD_GRP_020', 'TRD_GRP_021', 'TRD_GRP_022', 'TRD_GRP_023', 'TRD_GRP_024', 'TRD_GRP_025', 'TRD_GRP_026', 'TRD_GRP_027', 'TRD_GRP_028', 'TRD_GRP_029', 'TRD_GRP_030', 'TRD_GRP_031', 'TRD_GRP_032', 'TRD_GRP_033', 'TRD_GRP_034', 'TRD_GRP_035', 'TRD_GRP_036', 'TRD_GRP_037', 'TRD_GRP_038', 'TRD_GRP_039', 'TRD_GRP_040', 'TRD_GRP_041', 'TRD_GRP_042', 'TRD_GRP_043', 'TRD_GRP_044', 'TRD_GRP_045', 'TRD_GRP_046', 'TRD_GRP_047', 'TRD_GRP_048', 'TRD_GRP_049', 'TRD_GRP_050', 'TRD_GRP_051', 'TRD_GRP_052', 'TRD_GRP_053', 'TRD_GRP_054', 'TRD_GRP_055', 'TRD_GRP_056', 'TRD_GRP_057', 'TRD_GRP_058', 'TRD_GRP_059', 'TRD_GRP_060', 'TRD_GRP_061', 'TRD_GRP_062', 'TRD_GRP_063', 'TRD_GRP_064', 'TRD_GRP_065', 'TRD_GRP_066', 'TRD_GRP_067', 'TRD_GRP_068', 'TRD_GRP_069', 'TRD_GRP_070', 'TRD_GRP_071', 'TRD_GRP_072', 'TRD_GRP_073', 'TRD_GRP_074', 'TRD_GRP_075', 'TRD_GRP_076', 'TRD_GRP_077', 'TRD_GRP_078', 'TRD_GRP_079', 'TRD_GRP_080', 'TRD_GRP_081', 'TRD_GRP_082', 'TRD_GRP_083', 'TRD_GRP_084', 'TRD_GRP_085', 'TRD_GRP_086', 'TRD_GRP_087', 'TRD_GRP_088', 'TRD_GRP_089', 'TRD_GRP_090', 'TRD_GRP_091', 'TRD_GRP_092', 'TRD_GRP_093', 'TRD_GRP_094', 'TRD_GRP_095', 'TRD_GRP_096', 'TRD_GRP_097', 'TRD_GRP_098', 'TRD_GRP_099', 'TRD_GRP_100', 'TRD_GRP_101', 'TRD_GRP_102', 'TRD_GRP_103', 'TRD_GRP_104', 'TRD_GRP_105', 'TRD_GRP_106', 'TRD_GRP_107', 'TRD_GRP_108', 'TRD_GRP_109', 'TRD_GRP_110', 'TRD_GRP_111', 'TRD_GRP_112', 'TRD_GRP_113', 'TRD_GRP_114', 'TRD_GRP_115', 'TRD_GRP_116', 'TRD_GRP_117', 'TRD_GRP_118', 'TRD_GRP_119', 'TRD_GRP_120', 'TRD_GRP_121', 'TRD_GRP_122', 'TRD_GRP_123', 'TRD_GRP_124', 'TRD_GRP_125', 'TRD_GRP_126', 'TRD_GRP_127', 'TRD_GRP_128', 'TRD_GRP_129', 'TRD_GRP_130', 'TRD_GRP_131', 'TRD_GRP_132', 'TRD_GRP_133', 'TRD_GRP_134', 'TRD_GRP_135', 'TRD_GRP_136', 'TRD_GRP_137', 'TRD_GRP_138', 'TRD_GRP_139', 'TRD_GRP_140', 'TRD_GRP_141', 'TRD_GRP_142', 'TRD_GRP_143', 'TRD_GRP_144', 'TRD_GRP_145', 'TRD_GRP_146', 'TRD_GRP_147', 'TRD_GRP_148', 'TRD_GRP_149', 'TRD_GRP_150', 'TRD_GRP_151', 'TRD_GRP_152', 'TRD_GRP_153', 'TRD_GRP_154', 'TRD_GRP_155', 'TRD_GRP_156', 'TRD_GRP_157', 'TRD_GRP_158', 'TRD_GRP_159', 'TRD_GRP_160', 'TRD_GRP_161', 'TRD_GRP_162', 'TRD_GRP_163', 'TRD_GRP_164', 'TRD_GRP_165', 'TRD_GRP_166', 'TRD_GRP_167', 'TRD_GRP_168', 'TRD_GRP_169', 'TRD_GRP_170', 'TRD_GRP_171', 'TRD_GRP_172', 'TRD_GRP_173', 'TRD_GRP_174', 'TRD_GRP_175', 'TRD_GRP_176', 'TRD_GRP_177', 'TRD_GRP_178', 'TRD_GRP_179', 'TRD_GRP_180', 'TRD_GRP_181', 'TRD_GRP_182', 'TRD_GRP_183', 'TRD_GRP_184', 'TRD_GRP_185', 'TRD_GRP_186', 'TRD_GRP_187', 'TRD_GRP_188', 'TRD_GRP_189', 'TRD_GRP_190', 'TRD_GRP_191', 'TRD_GRP_192', 'TRD_GRP_193', 'TRD_GRP_194', 'TRD_GRP_195', 'TRD_GRP_196', 'TRD_GRP_197', 'TRD_GRP_198', 'TRD_GRP_199', 'TRD_GRP_200', 'TRD_GRP_201', 'TRD_GRP_202', 'TRD_GRP_203', 'TRD_GRP_204', 'TRD_GRP_205', 'TRD_GRP_206', 'TRD_GRP_207', 'TRD_GRP_208', 'TRD_GRP_209', 'TRD_GRP_210', 'TRD_GRP_211', 'TRD_GRP_212', 'TRD_GRP_213', 'TRD_GRP_214', 'TRD_GRP_215', 'TRD_GRP_216', 'TRD_GRP_217', 'TRD_GRP_218', 'TRD_GRP_219', 'TRD_GRP_220', 'TRD_GRP_221', 'TRD_GRP_222', 'TRD_GRP_223', 'TRD_GRP_224', 'TRD_GRP_225', 'TRD_GRP_226', 'TRD_GRP_227', 'TRD_GRP_228', 'TRD_GRP_229', 'TRD_GRP_230', 'TRD_GRP_231', 'TRD_GRP_232', 'TRD_GRP_233', 'TRD_GRP_234', 'TRD_GRP_235']], 'defaultSelfTradePreventionMode': 'EXPIRE_MAKER', 'allowedSelfTradePreventionModes': ['EXPIRE_TAKER', 'EXPIRE_MAKER', 'EXPIRE_BOTH']}
2025-01-18 01:20:43,437 - WARNING - \u26a0\ufe0f Filtro MIN_NOTIONAL não encontrado para ETHUSDT.
2025-01-18 01:20:44,673 - WARNING - \u26a0\ufe0f Não foi possível determinar o valor mínimo de compra para ETHUSDT.
2025-01-18 01:21:17,814 - INFO - \U0001f50d Informações da Binance para BTCUSDT: {'symbol': 'BTCUSDT', 'status': 'TRADING', 'baseAsset': 'BTC', 'baseAssetPrecision': 8, 'quoteAsset': 'USDT', 'quotePrecision': 8, 'quoteAssetPrecision': 8, 'baseCommissionPrecision': 8, 'quoteCommissionPrecision': 8, 'orderTypes': ['LIMIT', 'LIMIT_MAKER', 'MARKET', 'STOP_LOSS', 'STOP_LOSS_LIMIT', 'TAKE_PROFIT', 'TAKE_PROFIT_LIMIT'], 'icebergAllowed': True, 'ocoAllowed': True, 'otoAllowed': True, 'quoteOrderQtyMarketAllowed': True, 'allowTrailingStop': True, 'cancelReplaceAllowed': True, 'isSpotTradingAllowed': True, 'isMarginTradingAllowed': True, 'filters': [{'filterType': 'PRICE_FILTER', 'minPrice': '0.01000000', 'maxPrice': '1000000.00000000', 'tickSize': '0.01000000'}, {'filterType': 'LOT_SIZE', 'minQty': '0.00001000', 'maxQty': '9000.00000000', 'stepSize': '0.00001000'}, {'filterType': 'ICEBERG_PARTS', 'limit': 10}, {'filterType': 'MARKET_LOT_SIZE', 'minQty': '0.00000000', 'maxQty': '89.67500095', 'stepSize': '0.00000000'}, {'filterType': 'TRAILING_DELTA', 'minTrailingAboveDelta': 10, 'maxTrailingAboveDelta': 2000, 'minTrailingBelowDelta': 10, 'maxTrailingBelowDelta': 2000}, {'filterType': 'PERCENT_PRICE_BY_SIDE', 'bidMultiplierUp': '5', 'bidMultiplierDown': '0.2', 'askMultiplierUp': '5', 'askMultiplierDown': '0.2', 'avgPriceMins': 5}, {'filterType': 'NOTIONAL', 'minNotional': '5.00000000', 'applyMinToMarket': True, 'maxNotional': '9000000.00000000', 'applyMaxToMarket': False, 'avgPriceMins': 5}, {'filterType': 'MAX_NUM_ORDERS', 'maxNumOrders': 200}, {'filterType': 'MAX_NUM_ALGO_ORDERS', 'maxNumAlgoOrders': 5}], 'permissions': [], 'permissionSets': [['SPOT', 'MARGIN', 'TRD_GRP_004', 'TRD_GRP_005', 'TRD_GRP_006', 'TRD_GRP_009', 'TRD_GRP_010', 'TRD_GRP_011', 'TRD_GRP_012', 'TRD_GRP_013', 'TRD_GRP_014', 'TRD_GRP_015', 'TRD_GRP_016', 'TRD_GRP_017', 'TRD_GRP_018', 'TRD_GRP_019', 'TRD_GRP_020', 'TRD_GRP_021', 'TRD_GRP_022', 'TRD_GRP_023', 'TRD_GRP_024', 'TRD_GRP_025', 'TRD_GRP_026', 'TRD_GRP_027', 'TRD_GRP_028', 'TRD_GRP_029', 'TRD_GRP_030', 'TRD_GRP_031', 'TRD_GRP_032', 'TRD_GRP_033', 'TRD_GRP_034', 'TRD_GRP_035', 'TRD_GRP_036', 'TRD_GRP_037', 'TRD_GRP_038', 'TRD_GRP_039', 'TRD_GRP_040', 'TRD_GRP_041', 'TRD_GRP_042', 'TRD_GRP_043', 'TRD_GRP_044', 'TRD_GRP_045', 'TRD_GRP_046', 'TRD_GRP_047', 'TRD_GRP_048', 'TRD_GRP_049', 'TRD_GRP_050', 'TRD_GRP_051', 'TRD_GRP_052', 'TRD_GRP_053', 'TRD_GRP_054', 'TRD_GRP_055', 'TRD_GRP_056', 'TRD_GRP_057', 'TRD_GRP_058', 'TRD_GRP_059', 'TRD_GRP_060', 'TRD_GRP_061', 'TRD_GRP_062', 'TRD_GRP_063', 'TRD_GRP_064', 'TRD_GRP_065', 'TRD_GRP_066', 'TRD_GRP_067', 'TRD_GRP_068', 'TRD_GRP_069', 'TRD_GRP_070', 'TRD_GRP_071', 'TRD_GRP_072', 'TRD_GRP_073', 'TRD_GRP_074', 'TRD_GRP_075', 'TRD_GRP_076', 'TRD_GRP_077', 'TRD_GRP_078', 'TRD_GRP_079', 'TRD_GRP_080', 'TRD_GRP_081', 'TRD_GRP_082', 'TRD_GRP_083', 'TRD_GRP_084', 'TRD_GRP_085', 'TRD_GRP_086', 'TRD_GRP_087', 'TRD_GRP_088', 'TRD_GRP_089', 'TRD_GRP_090', 'TRD_GRP_091', 'TRD_GRP_092', 'TRD_GRP_093', 'TRD_GRP_094', 'TRD_GRP_095', 'TRD_GRP_096', 'TRD_GRP_097', 'TRD_GRP_098', 'TRD_GRP_099', 'TRD_GRP_100', 'TRD_GRP_101', 'TRD_GRP_102', 'TRD_GRP_103', 'TRD_GRP_104', 'TRD_GRP_105', 'TRD_GRP_106', 'TRD_GRP_107', 'TRD_GRP_108', 'TRD_GRP_109', 'TRD_GRP_110', 'TRD_GRP_111', 'TRD_GRP_112', 'TRD_GRP_113', 'TRD_GRP_114', 'TRD_GRP_115', 'TRD_GRP_116', 'TRD_GRP_117', 'TRD_GRP_118', 'TRD_GRP_119', 'TRD_GRP_120', 'TRD_GRP_121', 'TRD_GRP_122', 'TRD_GRP_123', 'TRD_GRP_124', 'TRD_GRP_125', 'TRD_GRP_126', 'TRD_GRP_127', 'TRD_GRP_128', 'TRD_GRP_129', 'TRD_GRP_130', 'TRD_GRP_131', 'TRD_GRP_132', 'TRD_GRP_133', 'TRD_GRP_134', 'TRD_GRP_135', 'TRD_GRP_136', 'TRD_GRP_137', 'TRD_GRP_138', 'TRD_GRP_139', 'TRD_GRP_140', 'TRD_GRP_141', 'TRD_GRP_142', 'TRD_GRP_143', 'TRD_GRP_144', 'TRD_GRP_145', 'TRD_GRP_146', 'TRD_GRP_147', 'TRD_GRP_148', 'TRD_GRP_149', 'TRD_GRP_150', 'TRD_GRP_151', 'TRD_GRP_152', 'TRD_GRP_153', 'TRD_GRP_154', 'TRD_GRP_155', 'TRD_GRP_156', 'TRD_GRP_157', 'TRD_GRP_158', 'TRD_GRP_159', 'TRD_GRP_160', 'TRD_GRP_161', 'TRD_GRP_162', 'TRD_GRP_163', 'TRD_GRP_164', 'TRD_GRP_165', 'TRD_GRP_166', 'TRD_GRP_167', 'TRD_GRP_168', 'TRD_GRP_169', 'TRD_GRP_170', 'TRD_GRP_171', 'TRD_GRP_172', 'TRD_GRP_173', 'TRD_GRP_174', 'TRD_GRP_175', 'TRD_GRP_176', 'TRD_GRP_177', 'TRD_GRP_178', 'TRD_GRP_179', 'TRD_GRP_180', 'TRD_GRP_181', 'TRD_GRP_182', 'TRD_GRP_183', 'TRD_GRP_184', 'TRD_GRP_185', 'TRD_GRP_186', 'TRD_GRP_187', 'TRD_GRP_188', 'TRD_GRP_189', 'TRD_GRP_190', 'TRD_GRP_191', 'TRD_GRP_192', 'TRD_GRP_193', 'TRD_GRP_194', 'TRD_GRP_195', 'TRD_GRP_196', 'TRD_GRP_197', 'TRD_GRP_198', 'TRD_GRP_199', 'TRD_GRP_200', 'TRD_GRP_201', 'TRD_GRP_202', 'TRD_GRP_203', 'TRD_GRP_204', 'TRD_GRP_205', 'TRD_GRP_206', 'TRD_GRP_207', 'TRD_GRP_208', 'TRD_GRP_209', 'TRD_GRP_210', 'TRD_GRP_211', 'TRD_GRP_212', 'TRD_GRP_213', 'TRD_GRP_214', 'TRD_GRP_215', 'TRD_GRP_216', 'TRD_GRP_217', 'TRD_GRP_218', 'TRD_GRP_219', 'TRD_GRP_220', 'TRD_GRP_221', 'TRD_GRP_222', 'TRD_GRP_223', 'TRD_GRP_224', 'TRD_GRP_225', 'TRD_GRP_226', 'TRD_GRP_227', 'TRD_GRP_228', 'TRD_GRP_229', 'TRD_GRP_230', 'TRD_GRP_231', 'TRD_GRP_232', 'TRD_GRP_233', 'TRD_GRP_234', 'TRD_GRP_235']], 'defaultSelfTradePreventionMode': 'EXPIRE_MAKER', 'allowedSelfTradePreventionModes': ['EXPIRE_TAKER', 'EXPIRE_MAKER', 'EXPIRE_BOTH']}
2025-01-18 01:21:17,814 - WARNING - \u26a0\ufe0f Filtro MIN_NOTIONAL não encontrado para BTCUSDT.
2025-01-18 01:21:19,364 - WARNING - \u26a0\ufe0f Não foi possível determinar o valor mínimo de compra para BTCUSDT.
2025-01-18 01:21:20,138 - INFO - \U0001f50d Informações da Binance para ETHUSDT: {'symbol': 'ETHUSDT', 'status': 'TRADING', 'baseAsset': 'ETH', 'baseAssetPrecision': 8, 'quoteAsset': 'USDT', 'quotePrecision': 8, 'quoteAssetPrecision': 8, 'baseCommissionPrecision': 8, 'quoteCommissionPrecision': 8, 'orderTypes': ['LIMIT', 'LIMIT_MAKER', 'MARKET', 'STOP_LOSS', 'STOP_LOSS_LIMIT', 'TAKE_PROFIT', 'TAKE_PROFIT_LIMIT'], 'icebergAllowed': True, 'ocoAllowed': True, 'otoAllowed': True, 'quoteOrderQtyMarketAllowed': True, 'allowTrailingStop': True, 'cancelReplaceAllowed': True, 'isSpotTradingAllowed': True, 'isMarginTradingAllowed': True, 'filters': [{'filterType': 'PRICE_FILTER', 'minPrice': '0.01000000', 'maxPrice': '1000000.00000000', 'tickSize': '0.01000000'}, {'filterType': 'LOT_SIZE', 'minQty': '0.00010000', 'maxQty': '9000.00000000', 'stepSize': '0.00010000'}, {'filterType': 'ICEBERG_PARTS', 'limit': 10}, {'filterType': 'MARKET_LOT_SIZE', 'minQty': '0.00000000', 'maxQty': '2418.75700375', 'stepSize': '0.00000000'}, {'filterType': 'TRAILING_DELTA', 'minTrailingAboveDelta': 10, 'maxTrailingAboveDelta': 2000, 'minTrailingBelowDelta': 10, 'maxTrailingBelowDelta': 2000}, {'filterType': 'PERCENT_PRICE_BY_SIDE', 'bidMultiplierUp': '5', 'bidMultiplierDown': '0.2', 'askMultiplierUp': '5', 'askMultiplierDown': '0.2', 'avgPriceMins': 5}, {'filterType': 'NOTIONAL', 'minNotional': '5.00000000', 'applyMinToMarket': True, 'maxNotional': '9000000.00000000', 'applyMaxToMarket': False, 'avgPriceMins': 5}, {'filterType': 'MAX_NUM_ORDERS', 'maxNumOrders': 200}, {'filterType': 'MAX_NUM_ALGO_ORDERS', 'maxNumAlgoOrders': 5}], 'permissions': [], 'permissionSets': [['SPOT', 'MARGIN', 'TRD_GRP_004', 'TRD_GRP_005', 'TRD_GRP_006', 'TRD_GRP_009', 'TRD_GRP_010', 'TRD_GRP_011', 'TRD_GRP_012', 'TRD_GRP_013', 'TRD_GRP_014', 'TRD_GRP_015', 'TRD_GRP_016', 'TRD_GRP_017', 'TRD_GRP_018', 'TRD_GRP_019', 'TRD_GRP_020', 'TRD_GRP_021', 'TRD_GRP_022', 'TRD_GRP_023', 'TRD_GRP_024', 'TRD_GRP_025', 'TRD_GRP_026', 'TRD_GRP_027', 'TRD_GRP_028', 'TRD_GRP_029', 'TRD_GRP_030', 'TRD_GRP_031', 'TRD_GRP_032', 'TRD_GRP_033', 'TRD_GRP_034', 'TRD_GRP_035', 'TRD_GRP_036', 'TRD_GRP_037', 'TRD_GRP_038', 'TRD_GRP_039', 'TRD_GRP_040', 'TRD_GRP_041', 'TRD_GRP_042', 'TRD_GRP_043', 'TRD_GRP_044', 'TRD_GRP_045', 'TRD_GRP_046', 'TRD_GRP_047', 'TRD_GRP_048', 'TRD_GRP_049', 'TRD_GRP_050', 'TRD_GRP_051', 'TRD_GRP_052', 'TRD_GRP_053', 'TRD_GRP_054', 'TRD_GRP_055', 'TRD_GRP_056', 'TRD_GRP_057', 'TRD_GRP_058', 'TRD_GRP_059', 'TRD_GRP_060', 'TRD_GRP_061', 'TRD_GRP_062', 'TRD_GRP_063', 'TRD_GRP_064', 'TRD_GRP_065', 'TRD_GRP_066', 'TRD_GRP_067', 'TRD_GRP_068', 'TRD_GRP_069', 'TRD_GRP_070', 'TRD_GRP_071', 'TRD_GRP_072', 'TRD_GRP_073', 'TRD_GRP_074', 'TRD_GRP_075', 'TRD_GRP_076', 'TRD_GRP_077', 'TRD_GRP_078', 'TRD_GRP_079', 'TRD_GRP_080', 'TRD_GRP_081', 'TRD_GRP_082', 'TRD_GRP_083', 'TRD_GRP_084', 'TRD_GRP_085', 'TRD_GRP_086', 'TRD_GRP_087', 'TRD_GRP_088', 'TRD_GRP_089', 'TRD_GRP_090', 'TRD_GRP_091', 'TRD_GRP_092', 'TRD_GRP_093', 'TRD_GRP_094', 'TRD_GRP_095', 'TRD_GRP_096', 'TRD_GRP_097', 'TRD_GRP_098', 'TRD_GRP_099', 'TRD_GRP_100', 'TRD_GRP_101', 'TRD_GRP_102', 'TRD_GRP_103', 'TRD_GRP_104', 'TRD_GRP_105', 'TRD_GRP_106', 'TRD_GRP_107', 'TRD_GRP_108', 'TRD_GRP_109', 'TRD_GRP_110', 'TRD_GRP_111', 'TRD_GRP_112', 'TRD_GRP_113', 'TRD_GRP_114', 'TRD_GRP_115', 'TRD_GRP_116', 'TRD_GRP_117', 'TRD_GRP_118', 'TRD_GRP_119', 'TRD_GRP_120', 'TRD_GRP_121', 'TRD_GRP_122', 'TRD_GRP_123', 'TRD_GRP_124', 'TRD_GRP_125', 'TRD_GRP_126', 'TRD_GRP_127', 'TRD_GRP_128', 'TRD_GRP_129', 'TRD_GRP_130', 'TRD_GRP_131', 'TRD_GRP_132', 'TRD_GRP_133', 'TRD_GRP_134', 'TRD_GRP_135', 'TRD_GRP_136', 'TRD_GRP_137', 'TRD_GRP_138', 'TRD_GRP_139', 'TRD_GRP_140', 'TRD_GRP_141', 'TRD_GRP_142', 'TRD_GRP_143', 'TRD_GRP_144', 'TRD_GRP_145', 'TRD_GRP_146', 'TRD_GRP_147', 'TRD_GRP_148', 'TRD_GRP_149', 'TRD_GRP_150', 'TRD_GRP_151', 'TRD_GRP_152', 'TRD_GRP_153', 'TRD_GRP_154', 'TRD_GRP_155', 'TRD_GRP_156', 'TRD_GRP_157', 'TRD_GRP_158', 'TRD_GRP_159', 'TRD_GRP_160', 'TRD_GRP_161', 'TRD_GRP_162', 'TRD_GRP_163', 'TRD_GRP_164', 'TRD_GRP_165', 'TRD_GRP_166', 'TRD_GRP_167', 'TRD_GRP_168', 'TRD_GRP_169', 'TRD_GRP_170', 'TRD_GRP_171', 'TRD_GRP_172', 'TRD_GRP_173', 'TRD_GRP_174', 'TRD_GRP_175', 'TRD_GRP_176', 'TRD_GRP_177', 'TRD_GRP_178', 'TRD_GRP_179', 'TRD_GRP_180', 'TRD_GRP_181', 'TRD_GRP_182', 'TRD_GRP_183', 'TRD_GRP_184', 'TRD_GRP_185', 'TRD_GRP_186', 'TRD_GRP_187', 'TRD_GRP_188', 'TRD_GRP_189', 'TRD_GRP_190', 'TRD_GRP_191', 'TRD_GRP_192', 'TRD_GRP_193', 'TRD_GRP_194', 'TRD_GRP_195', 'TRD_GRP_196', 'TRD_GRP_197', 'TRD_GRP_198', 'TRD_GRP_199', 'TRD_GRP_200', 'TRD_GRP_201', 'TRD_GRP_202', 'TRD_GRP_203', 'TRD_GRP_204', 'TRD_GRP_205', 'TRD_GRP_206', 'TRD_GRP_207', 'TRD_GRP_208', 'TRD_GRP_209', 'TRD_GRP_210', 'TRD_GRP_211', 'TRD_GRP_212', 'TRD_GRP_213', 'TRD_GRP_214', 'TRD_GRP_215', 'TRD_GRP_216', 'TRD_GRP_217', 'TRD_GRP_218', 'TRD_GRP_219', 'TRD_GRP_220', 'TRD_GRP_221', 'TRD_GRP_222', 'TRD_GRP_223', 'TRD_GRP_224', 'TRD_GRP_225', 'TRD_GRP_226', 'TRD_GRP_227', 'TRD_GRP_228', 'TRD_GRP_229', 'TRD_GRP_230', 'TRD_GRP_231', 'TRD_GRP_232', 'TRD_GRP_233', 'TRD_GRP_234', 'TRD_GRP_235']], 'defaultSelfTradePreventionMode': 'EXPIRE_MAKER', 'allowedSelfTradePreventionModes': ['EXPIRE_TAKER', 'EXPIRE_MAKER', 'EXPIRE_BOTH']}
2025-01-18 01:21:20,138 - WARNING - \u26a0\ufe0f Filtro MIN_NOTIONAL não encontrado para ETHUSDT.
2025-01-18 01:21:20,904 - WARNING - \u26a0\ufe0f Não foi possível determinar o valor mínimo de compra para ETHUSDT.
2025-01-18 01:21:52,761 - INFO - \U0001f50d Informações da Binance para BTCUSDT: {'symbol': 'BTCUSDT', 'status': 'TRADING', 'baseAsset': 'BTC', 'baseAssetPrecision': 8, 'quoteAsset': 'USDT', 'quotePrecision': 8, 'quoteAssetPrecision': 8, 'baseCommissionPrecision': 8, 'quoteCommissionPrecision': 8, 'orderTypes': ['LIMIT', 'LIMIT_MAKER', 'MARKET', 'STOP_LOSS', 'STOP_LOSS_LIMIT', 'TAKE_PROFIT', 'TAKE_PROFIT_LIMIT'], 'icebergAllowed': True, 'ocoAllowed': True, 'otoAllowed': True, 'quoteOrderQtyMarketAllowed': True, 'allowTrailingStop': True, 'cancelReplaceAllowed': True, 'isSpotTradingAllowed': True, 'isMarginTradingAllowed': True, 'filters': [{'filterType': 'PRICE_FILTER', 'minPrice': '0.01000000', 'maxPrice': '1000000.00000000', 'tickSize': '0.01000000'}, {'filterType': 'LOT_SIZE', 'minQty': '0.00001000', 'maxQty': '9000.00000000', 'stepSize': '0.00001000'}, {'filterType': 'ICEBERG_PARTS', 'limit': 10}, {'filterType': 'MARKET_LOT_SIZE', 'minQty': '0.00000000', 'maxQty': '89.67500095', 'stepSize': '0.00000000'}, {'filterType': 'TRAILING_DELTA', 'minTrailingAboveDelta': 10, 'maxTrailingAboveDelta': 2000, 'minTrailingBelowDelta': 10, 'maxTrailingBelowDelta': 2000}, {'filterType': 'PERCENT_PRICE_BY_SIDE', 'bidMultiplierUp': '5', 'bidMultiplierDown': '0.2', 'askMultiplierUp': '5', 'askMultiplierDown': '0.2', 'avgPriceMins': 5}, {'filterType': 'NOTIONAL', 'minNotional': '5.00000000', 'applyMinToMarket': True, 'maxNotional': '9000000.00000000', 'applyMaxToMarket': False, 'avgPriceMins': 5}, {'filterType': 'MAX_NUM_ORDERS', 'maxNumOrders': 200}, {'filterType': 'MAX_NUM_ALGO_ORDERS', 'maxNumAlgoOrders': 5}], 'permissions': [], 'permissionSets': [['SPOT', 'MARGIN', 'TRD_GRP_004', 'TRD_GRP_005', 'TRD_GRP_006', 'TRD_GRP_009', 'TRD_GRP_010', 'TRD_GRP_011', 'TRD_GRP_012', 'TRD_GRP_013', 'TRD_GRP_014', 'TRD_GRP_015', 'TRD_GRP_016', 'TRD_GRP_017', 'TRD_GRP_018', 'TRD_GRP_019', 'TRD_GRP_020', 'TRD_GRP_021', 'TRD_GRP_022', 'TRD_GRP_023', 'TRD_GRP_024', 'TRD_GRP_025', 'TRD_GRP_026', 'TRD_GRP_027', 'TRD_GRP_028', 'TRD_GRP_029', 'TRD_GRP_030', 'TRD_GRP_031', 'TRD_GRP_032', 'TRD_GRP_033', 'TRD_GRP_034', 'TRD_GRP_035', 'TRD_GRP_036', 'TRD_GRP_037', 'TRD_GRP_038', 'TRD_GRP_039', 'TRD_GRP_040', 'TRD_GRP_041', 'TRD_GRP_042', 'TRD_GRP_043', 'TRD_GRP_044', 'TRD_GRP_045', 'TRD_GRP_046', 'TRD_GRP_047', 'TRD_GRP_048', 'TRD_GRP_049', 'TRD_GRP_050', 'TRD_GRP_051', 'TRD_GRP_052', 'TRD_GRP_053', 'TRD_GRP_054', 'TRD_GRP_055', 'TRD_GRP_056', 'TRD_GRP_057', 'TRD_GRP_058', 'TRD_GRP_059', 'TRD_GRP_060', 'TRD_GRP_061', 'TRD_GRP_062', 'TRD_GRP_063', 'TRD_GRP_064', 'TRD_GRP_065', 'TRD_GRP_066', 'TRD_GRP_067', 'TRD_GRP_068', 'TRD_GRP_069', 'TRD_GRP_070', 'TRD_GRP_071', 'TRD_GRP_072', 'TRD_GRP_073', 'TRD_GRP_074', 'TRD_GRP_075', 'TRD_GRP_076', 'TRD_GRP_077', 'TRD_GRP_078', 'TRD_GRP_079', 'TRD_GRP_080', 'TRD_GRP_081', 'TRD_GRP_082', 'TRD_GRP_083', 'TRD_GRP_084', 'TRD_GRP_085', 'TRD_GRP_086', 'TRD_GRP_087', 'TRD_GRP_088', 'TRD_GRP_089', 'TRD_GRP_090', 'TRD_GRP_091', 'TRD_GRP_092', 'TRD_GRP_093', 'TRD_GRP_094', 'TRD_GRP_095', 'TRD_GRP_096', 'TRD_GRP_097', 'TRD_GRP_098', 'TRD_GRP_099', 'TRD_GRP_100', 'TRD_GRP_101', 'TRD_GRP_102', 'TRD_GRP_103', 'TRD_GRP_104', 'TRD_GRP_105', 'TRD_GRP_106', 'TRD_GRP_107', 'TRD_GRP_108', 'TRD_GRP_109', 'TRD_GRP_110', 'TRD_GRP_111', 'TRD_GRP_112', 'TRD_GRP_113', 'TRD_GRP_114', 'TRD_GRP_115', 'TRD_GRP_116', 'TRD_GRP_117', 'TRD_GRP_118', 'TRD_GRP_119', 'TRD_GRP_120', 'TRD_GRP_121', 'TRD_GRP_122', 'TRD_GRP_123', 'TRD_GRP_124', 'TRD_GRP_125', 'TRD_GRP_126', 'TRD_GRP_127', 'TRD_GRP_128', 'TRD_GRP_129', 'TRD_GRP_130', 'TRD_GRP_131', 'TRD_GRP_132', 'TRD_GRP_133', 'TRD_GRP_134', 'TRD_GRP_135', 'TRD_GRP_136', 'TRD_GRP_137', 'TRD_GRP_138', 'TRD_GRP_139', 'TRD_GRP_140', 'TRD_GRP_141', 'TRD_GRP_142', 'TRD_GRP_143', 'TRD_GRP_144', 'TRD_GRP_145', 'TRD_GRP_146', 'TRD_GRP_147', 'TRD_GRP_148', 'TRD_GRP_149', 'TRD_GRP_150', 'TRD_GRP_151', 'TRD_GRP_152', 'TRD_GRP_153', 'TRD_GRP_154', 'TRD_GRP_155', 'TRD_GRP_156', 'TRD_GRP_157', 'TRD_GRP_158', 'TRD_GRP_159', 'TRD_GRP_160', 'TRD_GRP_161', 'TRD_GRP_162', 'TRD_GRP_163', 'TRD_GRP_164', 'TRD_GRP_165', 'TRD_GRP_166', 'TRD_GRP_167', 'TRD_GRP_168', 'TRD_GRP_169', 'TRD_GRP_170', 'TRD_GRP_171', 'TRD_GRP_172', 'TRD_GRP_173', 'TRD_GRP_174', 'TRD_GRP_175', 'TRD_GRP_176', 'TRD_GRP_177', 'TRD_GRP_178', 'TRD_GRP_179', 'TRD_GRP_180', 'TRD_GRP_181', 'TRD_GRP_182', 'TRD_GRP_183', 'TRD_GRP_184', 'TRD_GRP_185', 'TRD_GRP_186', 'TRD_GRP_187', 'TRD_GRP_188', 'TRD_GRP_189', 'TRD_GRP_190', 'TRD_GRP_191', 'TRD_GRP_192', 'TRD_GRP_193', 'TRD_GRP_194', 'TRD_GRP_195', 'TRD_GRP_196', 'TRD_GRP_197', 'TRD_GRP_198', 'TRD_GRP_199', 'TRD_GRP_200', 'TRD_GRP_201', 'TRD_GRP_202', 'TRD_GRP_203', 'TRD_GRP_204', 'TRD_GRP_205', 'TRD_GRP_206', 'TRD_GRP_207', 'TRD_GRP_208', 'TRD_GRP_209', 'TRD_GRP_210', 'TRD_GRP_211', 'TRD_GRP_212', 'TRD_GRP_213', 'TRD_GRP_214', 'TRD_GRP_215', 'TRD_GRP_216', 'TRD_GRP_217', 'TRD_GRP_218', 'TRD_GRP_219', 'TRD_GRP_220', 'TRD_GRP_221', 'TRD_GRP_222', 'TRD_GRP_223', 'TRD_GRP_224', 'TRD_GRP_225', 'TRD_GRP_226', 'TRD_GRP_227', 'TRD_GRP_228', 'TRD_GRP_229', 'TRD_GRP_230', 'TRD_GRP_231', 'TRD_GRP_232', 'TRD_GRP_233', 'TRD_GRP_234', 'TRD_GRP_235']], 'defaultSelfTradePreventionMode': 'EXPIRE_MAKER', 'allowedSelfTradePreventionModes': ['EXPIRE_TAKER', 'EXPIRE_MAKER', 'EXPIRE_BOTH']}
2025-01-18 01:21:52,761 - WARNING - \u26a0\ufe0f Filtro MIN_NOTIONAL não encontrado para BTCUSDT.
2025-01-18 01:21:53,519 - WARNING - \u26a0\ufe0f Não foi possível determinar o valor mínimo de compra para BTCUSDT.
2025-01-18 01:21:54,322 - INFO - \U0001f50d Informações da Binance para ETHUSDT: {'symbol': 'ETHUSDT', 'status': 'TRADING', 'baseAsset': 'ETH', 'baseAssetPrecision': 8, 'quoteAsset': 'USDT', 'quotePrecision': 8, 'quoteAssetPrecision': 8, 'baseCommissionPrecision': 8, 'quoteCommissionPrecision': 8, 'orderTypes': ['LIMIT', 'LIMIT_MAKER', 'MARKET', 'STOP_LOSS', 'STOP_LOSS_LIMIT', 'TAKE_PROFIT', 'TAKE_PROFIT_LIMIT'], 'icebergAllowed': True, 'ocoAllowed': True, 'otoAllowed': True, 'quoteOrderQtyMarketAllowed': True, 'allowTrailingStop': True, 'cancelReplaceAllowed': True, 'isSpotTradingAllowed': True, 'isMarginTradingAllowed': True, 'filters': [{'filterType': 'PRICE_FILTER', 'minPrice': '0.01000000', 'maxPrice': '1000000.00000000', 'tickSize': '0.01000000'}, {'filterType': 'LOT_SIZE', 'minQty': '0.00010000', 'maxQty': '9000.00000000', 'stepSize': '0.00010000'}, {'filterType': 'ICEBERG_PARTS', 'limit': 10}, {'filterType': 'MARKET_LOT_SIZE', 'minQty': '0.00000000', 'maxQty': '2418.75700375', 'stepSize': '0.00000000'}, {'filterType': 'TRAILING_DELTA', 'minTrailingAboveDelta': 10, 'maxTrailingAboveDelta': 2000, 'minTrailingBelowDelta': 10, 'maxTrailingBelowDelta': 2000}, {'filterType': 'PERCENT_PRICE_BY_SIDE', 'bidMultiplierUp': '5', 'bidMultiplierDown': '0.2', 'askMultiplierUp': '5', 'askMultiplierDown': '0.2', 'avgPriceMins': 5}, {'filterType': 'NOTIONAL', 'minNotional': '5.00000000', 'applyMinToMarket': True, 'maxNotional': '9000000.00000000', 'applyMaxToMarket': False, 'avgPriceMins': 5}, {'filterType': 'MAX_NUM_ORDERS', 'maxNumOrders': 200}, {'filterType': 'MAX_NUM_ALGO_ORDERS', 'maxNumAlgoOrders': 5}], 'permissions': [], 'permissionSets': [['SPOT', 'MARGIN', 'TRD_GRP_004', 'TRD_GRP_005', 'TRD_GRP_006', 'TRD_GRP_009', 'TRD_GRP_010', 'TRD_GRP_011', 'TRD_GRP_012', 'TRD_GRP_013', 'TRD_GRP_014', 'TRD_GRP_015', 'TRD_GRP_016', 'TRD_GRP_017', 'TRD_GRP_018', 'TRD_GRP_019', 'TRD_GRP_020', 'TRD_GRP_021', 'TRD_GRP_022', 'TRD_GRP_023', 'TRD_GRP_024', 'TRD_GRP_025', 'TRD_GRP_026', 'TRD_GRP_027', 'TRD_GRP_028', 'TRD_GRP_029', 'TRD_GRP_030', 'TRD_GRP_031', 'TRD_GRP_032', 'TRD_GRP_033', 'TRD_GRP_034', 'TRD_GRP_035', 'TRD_GRP_036', 'TRD_GRP_037', 'TRD_GRP_038', 'TRD_GRP_039', 'TRD_GRP_040', 'TRD_GRP_041', 'TRD_GRP_042', 'TRD_GRP_043', 'TRD_GRP_044', 'TRD_GRP_045', 'TRD_GRP_046', 'TRD_GRP_047', 'TRD_GRP_048', 'TRD_GRP_049', 'TRD_GRP_050', 'TRD_GRP_051', 'TRD_GRP_052', 'TRD_GRP_053', 'TRD_GRP_054', 'TRD_GRP_055', 'TRD_GRP_056', 'TRD_GRP_057', 'TRD_GRP_058', 'TRD_GRP_059', 'TRD_GRP_060', 'TRD_GRP_061', 'TRD_GRP_062', 'TRD_GRP_063', 'TRD_GRP_064', 'TRD_GRP_065', 'TRD_GRP_066', 'TRD_GRP_067', 'TRD_GRP_068', 'TRD_GRP_069', 'TRD_GRP_070', 'TRD_GRP_071', 'TRD_GRP_072', 'TRD_GRP_073', 'TRD_GRP_074', 'TRD_GRP_075', 'TRD_GRP_076', 'TRD_GRP_077', 'TRD_GRP_078', 'TRD_GRP_079', 'TRD_GRP_080', 'TRD_GRP_081', 'TRD_GRP_082', 'TRD_GRP_083', 'TRD_GRP_084', 'TRD_GRP_085', 'TRD_GRP_086', 'TRD_GRP_087', 'TRD_GRP_088', 'TRD_GRP_089', 'TRD_GRP_090', 'TRD_GRP_091', 'TRD_GRP_092', 'TRD_GRP_093', 'TRD_GRP_094', 'TRD_GRP_095', 'TRD_GRP_096', 'TRD_GRP_097', 'TRD_GRP_098', 'TRD_GRP_099', 'TRD_GRP_100', 'TRD_GRP_101', 'TRD_GRP_102', 'TRD_GRP_103', 'TRD_GRP_104', 'TRD_GRP_105', 'TRD_GRP_106', 'TRD_GRP_107', 'TRD_GRP_108', 'TRD_GRP_109', 'TRD_GRP_110', 'TRD_GRP_111', 'TRD_GRP_112', 'TRD_GRP_113', 'TRD_GRP_114', 'TRD_GRP_115', 'TRD_GRP_116', 'TRD_GRP_117', 'TRD_GRP_118', 'TRD_GRP_119', 'TRD_GRP_120', 'TRD_GRP_121', 'TRD_GRP_122', 'TRD_GRP_123', 'TRD_GRP_124', 'TRD_GRP_125', 'TRD_GRP_126', 'TRD_GRP_127', 'TRD_GRP_128', 'TRD_GRP_129', 'TRD_GRP_130', 'TRD_GRP_131', 'TRD_GRP_132', 'TRD_GRP_133', 'TRD_GRP_134', 'TRD_GRP_135', 'TRD_GRP_136', 'TRD_GRP_137', 'TRD_GRP_138', 'TRD_GRP_139', 'TRD_GRP_140', 'TRD_GRP_141', 'TRD_GRP_142', 'TRD_GRP_143', 'TRD_GRP_144', 'TRD_GRP_145', 'TRD_GRP_146', 'TRD_GRP_147', 'TRD_GRP_148', 'TRD_GRP_149', 'TRD_GRP_150', 'TRD_GRP_151', 'TRD_GRP_152', 'TRD_GRP_153', 'TRD_GRP_154', 'TRD_GRP_155', 'TRD_GRP_156', 'TRD_GRP_157', 'TRD_GRP_158', 'TRD_GRP_159', 'TRD_GRP_160', 'TRD_GRP_161', 'TRD_GRP_162', 'TRD_GRP_163', 'TRD_GRP_164', 'TRD_GRP_165', 'TRD_GRP_166', 'TRD_GRP_167', 'TRD_GRP_168', 'TRD_GRP_169', 'TRD_GRP_170', 'TRD_GRP_171', 'TRD_GRP_172', 'TRD_GRP_173', 'TRD_GRP_174', 'TRD_GRP_175', 'TRD_GRP_176', 'TRD_GRP_177', 'TRD_GRP_178', 'TRD_GRP_179', 'TRD_GRP_180', 'TRD_GRP_181', 'TRD_GRP_182', 'TRD_GRP_183', 'TRD_GRP_184', 'TRD_GRP_185', 'TRD_GRP_186', 'TRD_GRP_187', 'TRD_GRP_188', 'TRD_GRP_189', 'TRD_GRP_190', 'TRD_GRP_191', 'TRD_GRP_192', 'TRD_GRP_193', 'TRD_GRP_194', 'TRD_GRP_195', 'TRD_GRP_196', 'TRD_GRP_197', 'TRD_GRP_198', 'TRD_GRP_199', 'TRD_GRP_200', 'TRD_GRP_201', 'TRD_GRP_202', 'TRD_GRP_203', 'TRD_GRP_204', 'TRD_GRP_205', 'TRD_GRP_206', 'TRD_GRP_207', 'TRD_GRP_208', 'TRD_GRP_209', 'TRD_GRP_210', 'TRD_GRP_211', 'TRD_GRP_212', 'TRD_GRP_213', 'TRD_GRP_214', 'TRD_GRP_215', 'TRD_GRP_216', 'TRD_GRP_217', 'TRD_GRP_218', 'TRD_GRP_219', 'TRD_GRP_220', 'TRD_GRP_221', 'TRD_GRP_222', 'TRD_GRP_223', 'TRD_GRP_224', 'TRD_GRP_225', 'TRD_GRP_226', 'TRD_GRP_227', 'TRD_GRP_228', 'TRD_GRP_229', 'TRD_GRP_230', 'TRD_GRP_231', 'TRD_GRP_232', 'TRD_GRP_233', 'TRD_GRP_234', 'TRD_GRP_235']], 'defaultSelfTradePreventionMode': 'EXPIRE_MAKER', 'allowedSelfTradePreventionModes': ['EXPIRE_TAKER', 'EXPIRE_MAKER', 'EXPIRE_BOTH']}
2025-01-18 01:21:54,322 - WARNING - \u26a0\ufe0f Filtro MIN_NOTIONAL não encontrado para ETHUSDT.
2025-01-18 01:21:55,086 - WARNING - \u26a0\ufe0f Não foi possível determinar o valor mínimo de compra para ETHUSDT.
2025-01-18 01:22:28,185 - INFO - \U0001f50d Informações da Binance para BTCUSDT: {'symbol': 'BTCUSDT', 'status': 'TRADING', 'baseAsset': 'BTC', 'baseAssetPrecision': 8, 'quoteAsset': 'USDT', 'quotePrecision': 8, 'quoteAssetPrecision': 8, 'baseCommissionPrecision': 8, 'quoteCommissionPrecision': 8, 'orderTypes': ['LIMIT', 'LIMIT_MAKER', 'MARKET', 'STOP_LOSS', 'STOP_LOSS_LIMIT', 'TAKE_PROFIT', 'TAKE_PROFIT_LIMIT'], 'icebergAllowed': True, 'ocoAllowed': True, 'otoAllowed': True, 'quoteOrderQtyMarketAllowed': True, 'allowTrailingStop': True, 'cancelReplaceAllowed': True, 'isSpotTradingAllowed': True, 'isMarginTradingAllowed': True, 'filters': [{'filterType': 'PRICE_FILTER', 'minPrice': '0.01000000', 'maxPrice': '1000000.00000000', 'tickSize': '0.01000000'}, {'filterType': 'LOT_SIZE', 'minQty': '0.00001000', 'maxQty': '9000.00000000', 'stepSize': '0.00001000'}, {'filterType': 'ICEBERG_PARTS', 'limit': 10}, {'filterType': 'MARKET_LOT_SIZE', 'minQty': '0.00000000', 'maxQty': '89.67500095', 'stepSize': '0.00000000'}, {'filterType': 'TRAILING_DELTA', 'minTrailingAboveDelta': 10, 'maxTrailingAboveDelta': 2000, 'minTrailingBelowDelta': 10, 'maxTrailingBelowDelta': 2000}, {'filterType': 'PERCENT_PRICE_BY_SIDE', 'bidMultiplierUp': '5', 'bidMultiplierDown': '0.2', 'askMultiplierUp': '5', 'askMultiplierDown': '0.2', 'avgPriceMins': 5}, {'filterType': 'NOTIONAL', 'minNotional': '5.00000000', 'applyMinToMarket': True, 'maxNotional': '9000000.00000000', 'applyMaxToMarket': False, 'avgPriceMins': 5}, {'filterType': 'MAX_NUM_ORDERS', 'maxNumOrders': 200}, {'filterType': 'MAX_NUM_ALGO_ORDERS', 'maxNumAlgoOrders': 5}], 'permissions': [], 'permissionSets': [['SPOT', 'MARGIN', 'TRD_GRP_004', 'TRD_GRP_005', 'TRD_GRP_006', 'TRD_GRP_009', 'TRD_GRP_010', 'TRD_GRP_011', 'TRD_GRP_012', 'TRD_GRP_013', 'TRD_GRP_014', 'TRD_GRP_015', 'TRD_GRP_016', 'TRD_GRP_017', 'TRD_GRP_018', 'TRD_GRP_019', 'TRD_GRP_020', 'TRD_GRP_021', 'TRD_GRP_022', 'TRD_GRP_023', 'TRD_GRP_024', 'TRD_GRP_025', 'TRD_GRP_026', 'TRD_GRP_027', 'TRD_GRP_028', 'TRD_GRP_029', 'TRD_GRP_030', 'TRD_GRP_031', 'TRD_GRP_032', 'TRD_GRP_033', 'TRD_GRP_034', 'TRD_GRP_035', 'TRD_GRP_036', 'TRD_GRP_037', 'TRD_GRP_038', 'TRD_GRP_039', 'TRD_GRP_040', 'TRD_GRP_041', 'TRD_GRP_042', 'TRD_GRP_043', 'TRD_GRP_044', 'TRD_GRP_045', 'TRD_GRP_046', 'TRD_GRP_047', 'TRD_GRP_048', 'TRD_GRP_049', 'TRD_GRP_050', 'TRD_GRP_051', 'TRD_GRP_052', 'TRD_GRP_053', 'TRD_GRP_054', 'TRD_GRP_055', 'TRD_GRP_056', 'TRD_GRP_057', 'TRD_GRP_058', 'TRD_GRP_059', 'TRD_GRP_060', 'TRD_GRP_061', 'TRD_GRP_062', 'TRD_GRP_063', 'TRD_GRP_064', 'TRD_GRP_065', 'TRD_GRP_066', 'TRD_GRP_067', 'TRD_GRP_068', 'TRD_GRP_069', 'TRD_GRP_070', 'TRD_GRP_071', 'TRD_GRP_072', 'TRD_GRP_073', 'TRD_GRP_074', 'TRD_GRP_075', 'TRD_GRP_076', 'TRD_GRP_077', 'TRD_GRP_078', 'TRD_GRP_079', 'TRD_GRP_080', 'TRD_GRP_081', 'TRD_GRP_082', 'TRD_GRP_083', 'TRD_GRP_084', 'TRD_GRP_085', 'TRD_GRP_086', 'TRD_GRP_087', 'TRD_GRP_088', 'TRD_GRP_089', 'TRD_GRP_090', 'TRD_GRP_091', 'TRD_GRP_092', 'TRD_GRP_093', 'TRD_GRP_094', 'TRD_GRP_095', 'TRD_GRP_096', 'TRD_GRP_097', 'TRD_GRP_098', 'TRD_GRP_099', 'TRD_GRP_100', 'TRD_GRP_101', 'TRD_GRP_102', 'TRD_GRP_103', 'TRD_GRP_104', 'TRD_GRP_105', 'TRD_GRP_106', 'TRD_GRP_107', 'TRD_GRP_108', 'TRD_GRP_109', 'TRD_GRP_110', 'TRD_GRP_111', 'TRD_GRP_112', 'TRD_GRP_113', 'TRD_GRP_114', 'TRD_GRP_115', 'TRD_GRP_116', 'TRD_GRP_117', 'TRD_GRP_118', 'TRD_GRP_119', 'TRD_GRP_120', 'TRD_GRP_121', 'TRD_GRP_122', 'TRD_GRP_123', 'TRD_GRP_124', 'TRD_GRP_125', 'TRD_GRP_126', 'TRD_GRP_127', 'TRD_GRP_128', 'TRD_GRP_129', 'TRD_GRP_130', 'TRD_GRP_131', 'TRD_GRP_132', 'TRD_GRP_133', 'TRD_GRP_134', 'TRD_GRP_135', 'TRD_GRP_136', 'TRD_GRP_137', 'TRD_GRP_138', 'TRD_GRP_139', 'TRD_GRP_140', 'TRD_GRP_141', 'TRD_GRP_142', 'TRD_GRP_143', 'TRD_GRP_144', 'TRD_GRP_145', 'TRD_GRP_146', 'TRD_GRP_147', 'TRD_GRP_148', 'TRD_GRP_149', 'TRD_GRP_150', 'TRD_GRP_151', 'TRD_GRP_152', 'TRD_GRP_153', 'TRD_GRP_154', 'TRD_GRP_155', 'TRD_GRP_156', 'TRD_GRP_157', 'TRD_GRP_158', 'TRD_GRP_159', 'TRD_GRP_160', 'TRD_GRP_161', 'TRD_GRP_162', 'TRD_GRP_163', 'TRD_GRP_164', 'TRD_GRP_165', 'TRD_GRP_166', 'TRD_GRP_167', 'TRD_GRP_168', 'TRD_GRP_169', 'TRD_GRP_170', 'TRD_GRP_171', 'TRD_GRP_172', 'TRD_GRP_173', 'TRD_GRP_174', 'TRD_GRP_175', 'TRD_GRP_176', 'TRD_GRP_177', 'TRD_GRP_178', 'TRD_GRP_179', 'TRD_GRP_180', 'TRD_GRP_181', 'TRD_GRP_182', 'TRD_GRP_183', 'TRD_GRP_184', 'TRD_GRP_185', 'TRD_GRP_186', 'TRD_GRP_187', 'TRD_GRP_188', 'TRD_GRP_189', 'TRD_GRP_190', 'TRD_GRP_191', 'TRD_GRP_192', 'TRD_GRP_193', 'TRD_GRP_194', 'TRD_GRP_195', 'TRD_GRP_196', 'TRD_GRP_197', 'TRD_GRP_198', 'TRD_GRP_199', 'TRD_GRP_200', 'TRD_GRP_201', 'TRD_GRP_202', 'TRD_GRP_203', 'TRD_GRP_204', 'TRD_GRP_205', 'TRD_GRP_206', 'TRD_GRP_207', 'TRD_GRP_208', 'TRD_GRP_209', 'TRD_GRP_210', 'TRD_GRP_211', 'TRD_GRP_212', 'TRD_GRP_213', 'TRD_GRP_214', 'TRD_GRP_215', 'TRD_GRP_216', 'TRD_GRP_217', 'TRD_GRP_218', 'TRD_GRP_219', 'TRD_GRP_220', 'TRD_GRP_221', 'TRD_GRP_222', 'TRD_GRP_223', 'TRD_GRP_224', 'TRD_GRP_225', 'TRD_GRP_226', 'TRD_GRP_227', 'TRD_GRP_228', 'TRD_GRP_229', 'TRD_GRP_230', 'TRD_GRP_231', 'TRD_GRP_232', 'TRD_GRP_233', 'TRD_GRP_234', 'TRD_GRP_235']], 'defaultSelfTradePreventionMode': 'EXPIRE_MAKER', 'allowedSelfTradePreventionModes': ['EXPIRE_TAKER', 'EXPIRE_MAKER', 'EXPIRE_BOTH']}
2025-01-18 01:22:28,185 - WARNING - \u26a0\ufe0f Filtro MIN_NOTIONAL não encontrado para BTCUSDT.
2025-01-18 01:22:28,965 - WARNING - \u26a0\ufe0f Não foi possível determinar o valor mínimo de compra para BTCUSDT.
2025-01-18 01:22:30,701 - INFO - \U0001f50d Informações da Binance para ETHUSDT: {'symbol': 'ETHUSDT', 'status': 'TRADING', 'baseAsset': 'ETH', 'baseAssetPrecision': 8, 'quoteAsset': 'USDT', 'quotePrecision': 8, 'quoteAssetPrecision': 8, 'baseCommissionPrecision': 8, 'quoteCommissionPrecision': 8, 'orderTypes': ['LIMIT', 'LIMIT_MAKER', 'MARKET', 'STOP_LOSS', 'STOP_LOSS_LIMIT', 'TAKE_PROFIT', 'TAKE_PROFIT_LIMIT'], 'icebergAllowed': True, 'ocoAllowed': True, 'otoAllowed': True, 'quoteOrderQtyMarketAllowed': True, 'allowTrailingStop': True, 'cancelReplaceAllowed': True, 'isSpotTradingAllowed': True, 'isMarginTradingAllowed': True, 'filters': [{'filterType': 'PRICE_FILTER', 'minPrice': '0.01000000', 'maxPrice': '1000000.00000000', 'tickSize': '0.01000000'}, {'filterType': 'LOT_SIZE', 'minQty': '0.00010000', 'maxQty': '9000.00000000', 'stepSize': '0.00010000'}, {'filterType': 'ICEBERG_PARTS', 'limit': 10}, {'filterType': 'MARKET_LOT_SIZE', 'minQty': '0.00000000', 'maxQty': '2418.75700375', 'stepSize': '0.00000000'}, {'filterType': 'TRAILING_DELTA', 'minTrailingAboveDelta': 10, 'maxTrailingAboveDelta': 2000, 'minTrailingBelowDelta': 10, 'maxTrailingBelowDelta': 2000}, {'filterType': 'PERCENT_PRICE_BY_SIDE', 'bidMultiplierUp': '5', 'bidMultiplierDown': '0.2', 'askMultiplierUp': '5', 'askMultiplierDown': '0.2', 'avgPriceMins': 5}, {'filterType': 'NOTIONAL', 'minNotional': '5.00000000', 'applyMinToMarket': True, 'maxNotional': '9000000.00000000', 'applyMaxToMarket': False, 'avgPriceMins': 5}, {'filterType': 'MAX_NUM_ORDERS', 'maxNumOrders': 200}, {'filterType': 'MAX_NUM_ALGO_ORDERS', 'maxNumAlgoOrders': 5}], 'permissions': [], 'permissionSets': [['SPOT', 'MARGIN', 'TRD_GRP_004', 'TRD_GRP_005', 'TRD_GRP_006', 'TRD_GRP_009', 'TRD_GRP_010', 'TRD_GRP_011', 'TRD_GRP_012', 'TRD_GRP_013', 'TRD_GRP_014', 'TRD_GRP_015', 'TRD_GRP_016', 'TRD_GRP_017', 'TRD_GRP_018', 'TRD_GRP_019', 'TRD_GRP_020', 'TRD_GRP_021', 'TRD_GRP_022', 'TRD_GRP_023', 'TRD_GRP_024', 'TRD_GRP_025', 'TRD_GRP_026', 'TRD_GRP_027', 'TRD_GRP_028', 'TRD_GRP_029', 'TRD_GRP_030', 'TRD_GRP_031', 'TRD_GRP_032', 'TRD_GRP_033', 'TRD_GRP_034', 'TRD_GRP_035', 'TRD_GRP_036', 'TRD_GRP_037', 'TRD_GRP_038', 'TRD_GRP_039', 'TRD_GRP_040', 'TRD_GRP_041', 'TRD_GRP_042', 'TRD_GRP_043', 'TRD_GRP_044', 'TRD_GRP_045', 'TRD_GRP_046', 'TRD_GRP_047', 'TRD_GRP_048', 'TRD_GRP_049', 'TRD_GRP_050', 'TRD_GRP_051', 'TRD_GRP_052', 'TRD_GRP_053', 'TRD_GRP_054', 'TRD_GRP_055', 'TRD_GRP_056', 'TRD_GRP_057', 'TRD_GRP_058', 'TRD_GRP_059', 'TRD_GRP_060', 'TRD_GRP_061', 'TRD_GRP_062', 'TRD_GRP_063', 'TRD_GRP_064', 'TRD_GRP_065', 'TRD_GRP_066', 'TRD_GRP_067', 'TRD_GRP_068', 'TRD_GRP_069', 'TRD_GRP_070', 'TRD_GRP_071', 'TRD_GRP_072', 'TRD_GRP_073', 'TRD_GRP_074', 'TRD_GRP_075', 'TRD_GRP_076', 'TRD_GRP_077', 'TRD_GRP_078', 'TRD_GRP_079', 'TRD_GRP_080', 'TRD_GRP_081', 'TRD_GRP_082', 'TRD_GRP_083', 'TRD_GRP_084', 'TRD_GRP_085', 'TRD_GRP_086', 'TRD_GRP_087', 'TRD_GRP_088', 'TRD_GRP_089', 'TRD_GRP_090', 'TRD_GRP_091', 'TRD_GRP_092', 'TRD_GRP_093', 'TRD_GRP_094', 'TRD_GRP_095', 'TRD_GRP_096', 'TRD_GRP_097', 'TRD_GRP_098', 'TRD_GRP_099', 'TRD_GRP_100', 'TRD_GRP_101', 'TRD_GRP_102', 'TRD_GRP_103', 'TRD_GRP_104', 'TRD_GRP_105', 'TRD_GRP_106', 'TRD_GRP_107', 'TRD_GRP_108', 'TRD_GRP_109', 'TRD_GRP_110', 'TRD_GRP_111', 'TRD_GRP_112', 'TRD_GRP_113', 'TRD_GRP_114', 'TRD_GRP_115', 'TRD_GRP_116', 'TRD_GRP_117', 'TRD_GRP_118', 'TRD_GRP_119', 'TRD_GRP_120', 'TRD_GRP_121', 'TRD_GRP_122', 'TRD_GRP_123', 'TRD_GRP_124', 'TRD_GRP_125', 'TRD_GRP_126', 'TRD_GRP_127', 'TRD_GRP_128', 'TRD_GRP_129', 'TRD_GRP_130', 'TRD_GRP_131', 'TRD_GRP_132', 'TRD_GRP_133', 'TRD_GRP_134', 'TRD_GRP_135', 'TRD_GRP_136', 'TRD_GRP_137', 'TRD_GRP_138', 'TRD_GRP_139', 'TRD_GRP_140', 'TRD_GRP_141', 'TRD_GRP_142', 'TRD_GRP_143', 'TRD_GRP_144', 'TRD_GRP_145', 'TRD_GRP_146', 'TRD_GRP_147', 'TRD_GRP_148', 'TRD_GRP_149', 'TRD_GRP_150', 'TRD_GRP_151', 'TRD_GRP_152', 'TRD_GRP_153', 'TRD_GRP_154', 'TRD_GRP_155', 'TRD_GRP_156', 'TRD_GRP_157', 'TRD_GRP_158', 'TRD_GRP_159', 'TRD_GRP_160', 'TRD_GRP_161', 'TRD_GRP_162', 'TRD_GRP_163', 'TRD_GRP_164', 'TRD_GRP_165', 'TRD_GRP_166', 'TRD_GRP_167', 'TRD_GRP_168', 'TRD_GRP_169', 'TRD_GRP_170', 'TRD_GRP_171', 'TRD_GRP_172', 'TRD_GRP_173', 'TRD_GRP_174', 'TRD_GRP_175', 'TRD_GRP_176', 'TRD_GRP_177', 'TRD_GRP_178', 'TRD_GRP_179', 'TRD_GRP_180', 'TRD_GRP_181', 'TRD_GRP_182', 'TRD_GRP_183', 'TRD_GRP_184', 'TRD_GRP_185', 'TRD_GRP_186', 'TRD_GRP_187', 'TRD_GRP_188', 'TRD_GRP_189', 'TRD_GRP_190', 'TRD_GRP_191', 'TRD_GRP_192', 'TRD_GRP_193', 'TRD_GRP_194', 'TRD_GRP_195', 'TRD_GRP_196', 'TRD_GRP_197', 'TRD_GRP_198', 'TRD_GRP_199', 'TRD_GRP_200', 'TRD_GRP_201', 'TRD_GRP_202', 'TRD_GRP_203', 'TRD_GRP_204', 'TRD_GRP_205', 'TRD_GRP_206', 'TRD_GRP_207', 'TRD_GRP_208', 'TRD_GRP_209', 'TRD_GRP_210', 'TRD_GRP_211', 'TRD_GRP_212', 'TRD_GRP_213', 'TRD_GRP_214', 'TRD_GRP_215', 'TRD_GRP_216', 'TRD_GRP_217', 'TRD_GRP_218', 'TRD_GRP_219', 'TRD_GRP_220', 'TRD_GRP_221', 'TRD_GRP_222', 'TRD_GRP_223', 'TRD_GRP_224', 'TRD_GRP_225', 'TRD_GRP_226', 'TRD_GRP_227', 'TRD_GRP_228', 'TRD_GRP_229', 'TRD_GRP_230', 'TRD_GRP_231', 'TRD_GRP_232', 'TRD_GRP_233', 'TRD_GRP_234', 'TRD_GRP_235']], 'defaultSelfTradePreventionMode': 'EXPIRE_MAKER', 'allowedSelfTradePreventionModes': ['EXPIRE_TAKER', 'EXPIRE_MAKER', 'EXPIRE_BOTH']}
2025-01-18 01:22:30,701 - WARNING - \u26a0\ufe0f Filtro MIN_NOTIONAL não encontrado para ETHUSDT.
2025-01-18 01:22:31,494 - WARNING - \u26a0\ufe0f Não foi possível determinar o valor mínimo de compra para ETHUSDT.
2025-01-18 01:23:03,319 - INFO - \U0001f50d Informações da Binance para BTCUSDT: {'symbol': 'BTCUSDT', 'status': 'TRADING', 'baseAsset': 'BTC', 'baseAssetPrecision': 8, 'quoteAsset': 'USDT', 'quotePrecision': 8, 'quoteAssetPrecision': 8, 'baseCommissionPrecision': 8, 'quoteCommissionPrecision': 8, 'orderTypes': ['LIMIT', 'LIMIT_MAKER', 'MARKET', 'STOP_LOSS', 'STOP_LOSS_LIMIT', 'TAKE_PROFIT', 'TAKE_PROFIT_LIMIT'], 'icebergAllowed': True, 'ocoAllowed': True, 'otoAllowed': True, 'quoteOrderQtyMarketAllowed': True, 'allowTrailingStop': True, 'cancelReplaceAllowed': True, 'isSpotTradingAllowed': True, 'isMarginTradingAllowed': True, 'filters': [{'filterType': 'PRICE_FILTER', 'minPrice': '0.01000000', 'maxPrice': '1000000.00000000', 'tickSize': '0.01000000'}, {'filterType': 'LOT_SIZE', 'minQty': '0.00001000', 'maxQty': '9000.00000000', 'stepSize': '0.00001000'}, {'filterType': 'ICEBERG_PARTS', 'limit': 10}, {'filterType': 'MARKET_LOT_SIZE', 'minQty': '0.00000000', 'maxQty': '89.67500095', 'stepSize': '0.00000000'}, {'filterType': 'TRAILING_DELTA', 'minTrailingAboveDelta': 10, 'maxTrailingAboveDelta': 2000, 'minTrailingBelowDelta': 10, 'maxTrailingBelowDelta': 2000}, {'filterType': 'PERCENT_PRICE_BY_SIDE', 'bidMultiplierUp': '5', 'bidMultiplierDown': '0.2', 'askMultiplierUp': '5', 'askMultiplierDown': '0.2', 'avgPriceMins': 5}, {'filterType': 'NOTIONAL', 'minNotional': '5.00000000', 'applyMinToMarket': True, 'maxNotional': '9000000.00000000', 'applyMaxToMarket': False, 'avgPriceMins': 5}, {'filterType': 'MAX_NUM_ORDERS', 'maxNumOrders': 200}, {'filterType': 'MAX_NUM_ALGO_ORDERS', 'maxNumAlgoOrders': 5}], 'permissions': [], 'permissionSets': [['SPOT', 'MARGIN', 'TRD_GRP_004', 'TRD_GRP_005', 'TRD_GRP_006', 'TRD_GRP_009', 'TRD_GRP_010', 'TRD_GRP_011', 'TRD_GRP_012', 'TRD_GRP_013', 'TRD_GRP_014', 'TRD_GRP_015', 'TRD_GRP_016', 'TRD_GRP_017', 'TRD_GRP_018', 'TRD_GRP_019', 'TRD_GRP_020', 'TRD_GRP_021', 'TRD_GRP_022', 'TRD_GRP_023', 'TRD_GRP_024', 'TRD_GRP_025', 'TRD_GRP_026', 'TRD_GRP_027', 'TRD_GRP_028', 'TRD_GRP_029', 'TRD_GRP_030', 'TRD_GRP_031', 'TRD_GRP_032', 'TRD_GRP_033', 'TRD_GRP_034', 'TRD_GRP_035', 'TRD_GRP_036', 'TRD_GRP_037', 'TRD_GRP_038', 'TRD_GRP_039', 'TRD_GRP_040', 'TRD_GRP_041', 'TRD_GRP_042', 'TRD_GRP_043', 'TRD_GRP_044', 'TRD_GRP_045', 'TRD_GRP_046', 'TRD_GRP_047', 'TRD_GRP_048', 'TRD_GRP_049', 'TRD_GRP_050', 'TRD_GRP_051', 'TRD_GRP_052', 'TRD_GRP_053', 'TRD_GRP_054', 'TRD_GRP_055', 'TRD_GRP_056', 'TRD_GRP_057', 'TRD_GRP_058', 'TRD_GRP_059', 'TRD_GRP_060', 'TRD_GRP_061', 'TRD_GRP_062', 'TRD_GRP_063', 'TRD_GRP_064', 'TRD_GRP_065', 'TRD_GRP_066', 'TRD_GRP_067', 'TRD_GRP_068', 'TRD_GRP_069', 'TRD_GRP_070', 'TRD_GRP_071', 'TRD_GRP_072', 'TRD_GRP_073', 'TRD_GRP_074', 'TRD_GRP_075', 'TRD_GRP_076', 'TRD_GRP_077', 'TRD_GRP_078', 'TRD_GRP_079', 'TRD_GRP_080', 'TRD_GRP_081', 'TRD_GRP_082', 'TRD_GRP_083', 'TRD_GRP_084', 'TRD_GRP_085', 'TRD_GRP_086', 'TRD_GRP_087', 'TRD_GRP_088', 'TRD_GRP_089', 'TRD_GRP_090', 'TRD_GRP_091', 'TRD_GRP_092', 'TRD_GRP_093', 'TRD_GRP_094', 'TRD_GRP_095', 'TRD_GRP_096', 'TRD_GRP_097', 'TRD_GRP_098', 'TRD_GRP_099', 'TRD_GRP_100', 'TRD_GRP_101', 'TRD_GRP_102', 'TRD_GRP_103', 'TRD_GRP_104', 'TRD_GRP_105', 'TRD_GRP_106', 'TRD_GRP_107', 'TRD_GRP_108', 'TRD_GRP_109', 'TRD_GRP_110', 'TRD_GRP_111', 'TRD_GRP_112', 'TRD_GRP_113', 'TRD_GRP_114', 'TRD_GRP_115', 'TRD_GRP_116', 'TRD_GRP_117', 'TRD_GRP_118', 'TRD_GRP_119', 'TRD_GRP_120', 'TRD_GRP_121', 'TRD_GRP_122', 'TRD_GRP_123', 'TRD_GRP_124', 'TRD_GRP_125', 'TRD_GRP_126', 'TRD_GRP_127', 'TRD_GRP_128', 'TRD_GRP_129', 'TRD_GRP_130', 'TRD_GRP_131', 'TRD_GRP_132', 'TRD_GRP_133', 'TRD_GRP_134', 'TRD_GRP_135', 'TRD_GRP_136', 'TRD_GRP_137', 'TRD_GRP_138', 'TRD_GRP_139', 'TRD_GRP_140', 'TRD_GRP_141', 'TRD_GRP_142', 'TRD_GRP_143', 'TRD_GRP_144', 'TRD_GRP_145', 'TRD_GRP_146', 'TRD_GRP_147', 'TRD_GRP_148', 'TRD_GRP_149', 'TRD_GRP_150', 'TRD_GRP_151', 'TRD_GRP_152', 'TRD_GRP_153', 'TRD_GRP_154', 'TRD_GRP_155', 'TRD_GRP_156', 'TRD_GRP_157', 'TRD_GRP_158', 'TRD_GRP_159', 'TRD_GRP_160', 'TRD_GRP_161', 'TRD_GRP_162', 'TRD_GRP_163', 'TRD_GRP_164', 'TRD_GRP_165', 'TRD_GRP_166', 'TRD_GRP_167', 'TRD_GRP_168', 'TRD_GRP_169', 'TRD_GRP_170', 'TRD_GRP_171', 'TRD_GRP_172', 'TRD_GRP_173', 'TRD_GRP_174', 'TRD_GRP_175', 'TRD_GRP_176', 'TRD_GRP_177', 'TRD_GRP_178', 'TRD_GRP_179', 'TRD_GRP_180', 'TRD_GRP_181', 'TRD_GRP_182', 'TRD_GRP_183', 'TRD_GRP_184', 'TRD_GRP_185', 'TRD_GRP_186', 'TRD_GRP_187', 'TRD_GRP_188', 'TRD_GRP_189', 'TRD_GRP_190', 'TRD_GRP_191', 'TRD_GRP_192', 'TRD_GRP_193', 'TRD_GRP_194', 'TRD_GRP_195', 'TRD_GRP_196', 'TRD_GRP_197', 'TRD_GRP_198', 'TRD_GRP_199', 'TRD_GRP_200', 'TRD_GRP_201', 'TRD_GRP_202', 'TRD_GRP_203', 'TRD_GRP_204', 'TRD_GRP_205', 'TRD_GRP_206', 'TRD_GRP_207', 'TRD_GRP_208', 'TRD_GRP_209', 'TRD_GRP_210', 'TRD_GRP_211', 'TRD_GRP_212', 'TRD_GRP_213', 'TRD_GRP_214', 'TRD_GRP_215', 'TRD_GRP_216', 'TRD_GRP_217', 'TRD_GRP_218', 'TRD_GRP_219', 'TRD_GRP_220', 'TRD_GRP_221', 'TRD_GRP_222', 'TRD_GRP_223', 'TRD_GRP_224', 'TRD_GRP_225', 'TRD_GRP_226', 'TRD_GRP_227', 'TRD_GRP_228', 'TRD_GRP_229', 'TRD_GRP_230', 'TRD_GRP_231', 'TRD_GRP_232', 'TRD_GRP_233', 'TRD_GRP_234', 'TRD_GRP_235']], 'defaultSelfTradePreventionMode': 'EXPIRE_MAKER', 'allowedSelfTradePreventionModes': ['EXPIRE_TAKER', 'EXPIRE_MAKER', 'EXPIRE_BOTH']}
2025-01-18 01:23:03,319 - WARNING - \u26a0\ufe0f Filtro MIN_NOTIONAL não encontrado para BTCUSDT.
2025-01-18 01:23:04,059 - WARNING - \u26a0\ufe0f Não foi possível determinar o valor mínimo de compra para BTCUSDT.
2025-01-18 01:23:04,815 - INFO - \U0001f50d Informações da Binance para ETHUSDT: {'symbol': 'ETHUSDT', 'status': 'TRADING', 'baseAsset': 'ETH', 'baseAssetPrecision': 8, 'quoteAsset': 'USDT', 'quotePrecision': 8, 'quoteAssetPrecision': 8, 'baseCommissionPrecision': 8, 'quoteCommissionPrecision': 8, 'orderTypes': ['LIMIT', 'LIMIT_MAKER', 'MARKET', 'STOP_LOSS', 'STOP_LOSS_LIMIT', 'TAKE_PROFIT', 'TAKE_PROFIT_LIMIT'], 'icebergAllowed': True, 'ocoAllowed': True, 'otoAllowed': True, 'quoteOrderQtyMarketAllowed': True, 'allowTrailingStop': True, 'cancelReplaceAllowed': True, 'isSpotTradingAllowed': True, 'isMarginTradingAllowed': True, 'filters': [{'filterType': 'PRICE_FILTER', 'minPrice': '0.01000000', 'maxPrice': '1000000.00000000', 'tickSize': '0.01000000'}, {'filterType': 'LOT_SIZE', 'minQty': '0.00010000', 'maxQty': '9000.00000000', 'stepSize': '0.00010000'}, {'filterType': 'ICEBERG_PARTS', 'limit': 10}, {'filterType': 'MARKET_LOT_SIZE', 'minQty': '0.00000000', 'maxQty': '2418.75700375', 'stepSize': '0.00000000'}, {'filterType': 'TRAILING_DELTA', 'minTrailingAboveDelta': 10, 'maxTrailingAboveDelta': 2000, 'minTrailingBelowDelta': 10, 'maxTrailingBelowDelta': 2000}, {'filterType': 'PERCENT_PRICE_BY_SIDE', 'bidMultiplierUp': '5', 'bidMultiplierDown': '0.2', 'askMultiplierUp': '5', 'askMultiplierDown': '0.2', 'avgPriceMins': 5}, {'filterType': 'NOTIONAL', 'minNotional': '5.00000000', 'applyMinToMarket': True, 'maxNotional': '9000000.00000000', 'applyMaxToMarket': False, 'avgPriceMins': 5}, {'filterType': 'MAX_NUM_ORDERS', 'maxNumOrders': 200}, {'filterType': 'MAX_NUM_ALGO_ORDERS', 'maxNumAlgoOrders': 5}], 'permissions': [], 'permissionSets': [['SPOT', 'MARGIN', 'TRD_GRP_004', 'TRD_GRP_005', 'TRD_GRP_006', 'TRD_GRP_009', 'TRD_GRP_010', 'TRD_GRP_011', 'TRD_GRP_012', 'TRD_GRP_013', 'TRD_GRP_014', 'TRD_GRP_015', 'TRD_GRP_016', 'TRD_GRP_017', 'TRD_GRP_018', 'TRD_GRP_019', 'TRD_GRP_020', 'TRD_GRP_021', 'TRD_GRP_022', 'TRD_GRP_023', 'TRD_GRP_024', 'TRD_GRP_025', 'TRD_GRP_026', 'TRD_GRP_027', 'TRD_GRP_028', 'TRD_GRP_029', 'TRD_GRP_030', 'TRD_GRP_031', 'TRD_GRP_032', 'TRD_GRP_033', 'TRD_GRP_034', 'TRD_GRP_035', 'TRD_GRP_036', 'TRD_GRP_037', 'TRD_GRP_038', 'TRD_GRP_039', 'TRD_GRP_040', 'TRD_GRP_041', 'TRD_GRP_042', 'TRD_GRP_043', 'TRD_GRP_044', 'TRD_GRP_045', 'TRD_GRP_046', 'TRD_GRP_047', 'TRD_GRP_048', 'TRD_GRP_049', 'TRD_GRP_050', 'TRD_GRP_051', 'TRD_GRP_052', 'TRD_GRP_053', 'TRD_GRP_054', 'TRD_GRP_055', 'TRD_GRP_056', 'TRD_GRP_057', 'TRD_GRP_058', 'TRD_GRP_059', 'TRD_GRP_060', 'TRD_GRP_061', 'TRD_GRP_062', 'TRD_GRP_063', 'TRD_GRP_064', 'TRD_GRP_065', 'TRD_GRP_066', 'TRD_GRP_067', 'TRD_GRP_068', 'TRD_GRP_069', 'TRD_GRP_070', 'TRD_GRP_071', 'TRD_GRP_072', 'TRD_GRP_073', 'TRD_GRP_074', 'TRD_GRP_075', 'TRD_GRP_076', 'TRD_GRP_077', 'TRD_GRP_078', 'TRD_GRP_079', 'TRD_GRP_080', 'TRD_GRP_081', 'TRD_GRP_082', 'TRD_GRP_083', 'TRD_GRP_084', 'TRD_GRP_085', 'TRD_GRP_086', 'TRD_GRP_087', 'TRD_GRP_088', 'TRD_GRP_089', 'TRD_GRP_090', 'TRD_GRP_091', 'TRD_GRP_092', 'TRD_GRP_093', 'TRD_GRP_094', 'TRD_GRP_095', 'TRD_GRP_096', 'TRD_GRP_097', 'TRD_GRP_098', 'TRD_GRP_099', 'TRD_GRP_100', 'TRD_GRP_101', 'TRD_GRP_102', 'TRD_GRP_103', 'TRD_GRP_104', 'TRD_GRP_105', 'TRD_GRP_106', 'TRD_GRP_107', 'TRD_GRP_108', 'TRD_GRP_109', 'TRD_GRP_110', 'TRD_GRP_111', 'TRD_GRP_112', 'TRD_GRP_113', 'TRD_GRP_114', 'TRD_GRP_115', 'TRD_GRP_116', 'TRD_GRP_117', 'TRD_GRP_118', 'TRD_GRP_119', 'TRD_GRP_120', 'TRD_GRP_121', 'TRD_GRP_122', 'TRD_GRP_123', 'TRD_GRP_124', 'TRD_GRP_125', 'TRD_GRP_126', 'TRD_GRP_127', 'TRD_GRP_128', 'TRD_GRP_129', 'TRD_GRP_130', 'TRD_GRP_131', 'TRD_GRP_132', 'TRD_GRP_133', 'TRD_GRP_134', 'TRD_GRP_135', 'TRD_GRP_136', 'TRD_GRP_137', 'TRD_GRP_138', 'TRD_GRP_139', 'TRD_GRP_140', 'TRD_GRP_141', 'TRD_GRP_142', 'TRD_GRP_143', 'TRD_GRP_144', 'TRD_GRP_145', 'TRD_GRP_146', 'TRD_GRP_147', 'TRD_GRP_148', 'TRD_GRP_149', 'TRD_GRP_150', 'TRD_GRP_151', 'TRD_GRP_152', 'TRD_GRP_153', 'TRD_GRP_154', 'TRD_GRP_155', 'TRD_GRP_156', 'TRD_GRP_157', 'TRD_GRP_158', 'TRD_GRP_159', 'TRD_GRP_160', 'TRD_GRP_161', 'TRD_GRP_162', 'TRD_GRP_163', 'TRD_GRP_164', 'TRD_GRP_165', 'TRD_GRP_166', 'TRD_GRP_167', 'TRD_GRP_168', 'TRD_GRP_169', 'TRD_GRP_170', 'TRD_GRP_171', 'TRD_GRP_172', 'TRD_GRP_173', 'TRD_GRP_174', 'TRD_GRP_175', 'TRD_GRP_176', 'TRD_GRP_177', 'TRD_GRP_178', 'TRD_GRP_179', 'TRD_GRP_180', 'TRD_GRP_181', 'TRD_GRP_182', 'TRD_GRP_183', 'TRD_GRP_184', 'TRD_GRP_185', 'TRD_GRP_186', 'TRD_GRP_187', 'TRD_GRP_188', 'TRD_GRP_189', 'TRD_GRP_190', 'TRD_GRP_191', 'TRD_GRP_192', 'TRD_GRP_193', 'TRD_GRP_194', 'TRD_GRP_195', 'TRD_GRP_196', 'TRD_GRP_197', 'TRD_GRP_198', 'TRD_GRP_199', 'TRD_GRP_200', 'TRD_GRP_201', 'TRD_GRP_202', 'TRD_GRP_203', 'TRD_GRP_204', 'TRD_GRP_205', 'TRD_GRP_206', 'TRD_GRP_207', 'TRD_GRP_208', 'TRD_GRP_209', 'TRD_GRP_210', 'TRD_GRP_211', 'TRD_GRP_212', 'TRD_GRP_213', 'TRD_GRP_214', 'TRD_GRP_215', 'TRD_GRP_216', 'TRD_GRP_217', 'TRD_GRP_218', 'TRD_GRP_219', 'TRD_GRP_220', 'TRD_GRP_221', 'TRD_GRP_222', 'TRD_GRP_223', 'TRD_GRP_224', 'TRD_GRP_225', 'TRD_GRP_226', 'TRD_GRP_227', 'TRD_GRP_228', 'TRD_GRP_229', 'TRD_GRP_230', 'TRD_GRP_231', 'TRD_GRP_232', 'TRD_GRP_233', 'TRD_GRP_234', 'TRD_GRP_235']], 'defaultSelfTradePreventionMode': 'EXPIRE_MAKER', 'allowedSelfTradePreventionModes': ['EXPIRE_TAKER', 'EXPIRE_MAKER', 'EXPIRE_BOTH']}
2025-01-18 01:23:04,815 - WARNING - \u26a0\ufe0f Filtro MIN_NOTIONAL não encontrado para ETHUSDT.
2025-01-18 01:23:05,592 - WARNING - \u26a0\ufe0f Não foi possível determinar o valor mínimo de compra para ETHUSDT.
2025-01-18 01:23:37,387 - INFO - \U0001f50d Informações da Binance para BTCUSDT: {'symbol': 'BTCUSDT', 'status': 'TRADING', 'baseAsset': 'BTC', 'baseAssetPrecision': 8, 'quoteAsset': 'USDT', 'quotePrecision': 8, 'quoteAssetPrecision': 8, 'baseCommissionPrecision': 8, 'quoteCommissionPrecision': 8, 'orderTypes': ['LIMIT', 'LIMIT_MAKER', 'MARKET', 'STOP_LOSS', 'STOP_LOSS_LIMIT', 'TAKE_PROFIT', 'TAKE_PROFIT_LIMIT'], 'icebergAllowed': True, 'ocoAllowed': True, 'otoAllowed': True, 'quoteOrderQtyMarketAllowed': True, 'allowTrailingStop': True, 'cancelReplaceAllowed': True, 'isSpotTradingAllowed': True, 'isMarginTradingAllowed': True, 'filters': [{'filterType': 'PRICE_FILTER', 'minPrice': '0.01000000', 'maxPrice': '1000000.00000000', 'tickSize': '0.01000000'}, {'filterType': 'LOT_SIZE', 'minQty': '0.00001000', 'maxQty': '9000.00000000', 'stepSize': '0.00001000'}, {'filterType': 'ICEBERG_PARTS', 'limit': 10}, {'filterType': 'MARKET_LOT_SIZE', 'minQty': '0.00000000', 'maxQty': '89.67500095', 'stepSize': '0.00000000'}, {'filterType': 'TRAILING_DELTA', 'minTrailingAboveDelta': 10, 'maxTrailingAboveDelta': 2000, 'minTrailingBelowDelta': 10, 'maxTrailingBelowDelta': 2000}, {'filterType': 'PERCENT_PRICE_BY_SIDE', 'bidMultiplierUp': '5', 'bidMultiplierDown': '0.2', 'askMultiplierUp': '5', 'askMultiplierDown': '0.2', 'avgPriceMins': 5}, {'filterType': 'NOTIONAL', 'minNotional': '5.00000000', 'applyMinToMarket': True, 'maxNotional': '9000000.00000000', 'applyMaxToMarket': False, 'avgPriceMins': 5}, {'filterType': 'MAX_NUM_ORDERS', 'maxNumOrders': 200}, {'filterType': 'MAX_NUM_ALGO_ORDERS', 'maxNumAlgoOrders': 5}], 'permissions': [], 'permissionSets': [['SPOT', 'MARGIN', 'TRD_GRP_004', 'TRD_GRP_005', 'TRD_GRP_006', 'TRD_GRP_009', 'TRD_GRP_010', 'TRD_GRP_011', 'TRD_GRP_012', 'TRD_GRP_013', 'TRD_GRP_014', 'TRD_GRP_015', 'TRD_GRP_016', 'TRD_GRP_017', 'TRD_GRP_018', 'TRD_GRP_019', 'TRD_GRP_020', 'TRD_GRP_021', 'TRD_GRP_022', 'TRD_GRP_023', 'TRD_GRP_024', 'TRD_GRP_025', 'TRD_GRP_026', 'TRD_GRP_027', 'TRD_GRP_028', 'TRD_GRP_029', 'TRD_GRP_030', 'TRD_GRP_031', 'TRD_GRP_032', 'TRD_GRP_033', 'TRD_GRP_034', 'TRD_GRP_035', 'TRD_GRP_036', 'TRD_GRP_037', 'TRD_GRP_038', 'TRD_GRP_039', 'TRD_GRP_040', 'TRD_GRP_041', 'TRD_GRP_042', 'TRD_GRP_043', 'TRD_GRP_044', 'TRD_GRP_045', 'TRD_GRP_046', 'TRD_GRP_047', 'TRD_GRP_048', 'TRD_GRP_049', 'TRD_GRP_050', 'TRD_GRP_051', 'TRD_GRP_052', 'TRD_GRP_053', 'TRD_GRP_054', 'TRD_GRP_055', 'TRD_GRP_056', 'TRD_GRP_057', 'TRD_GRP_058', 'TRD_GRP_059', 'TRD_GRP_060', 'TRD_GRP_061', 'TRD_GRP_062', 'TRD_GRP_063', 'TRD_GRP_064', 'TRD_GRP_065', 'TRD_GRP_066', 'TRD_GRP_067', 'TRD_GRP_068', 'TRD_GRP_069', 'TRD_GRP_070', 'TRD_GRP_071', 'TRD_GRP_072', 'TRD_GRP_073', 'TRD_GRP_074', 'TRD_GRP_075', 'TRD_GRP_076', 'TRD_GRP_077', 'TRD_GRP_078', 'TRD_GRP_079', 'TRD_GRP_080', 'TRD_GRP_081', 'TRD_GRP_082', 'TRD_GRP_083', 'TRD_GRP_084', 'TRD_GRP_085', 'TRD_GRP_086', 'TRD_GRP_087', 'TRD_GRP_088', 'TRD_GRP_089', 'TRD_GRP_090', 'TRD_GRP_091', 'TRD_GRP_092', 'TRD_GRP_093', 'TRD_GRP_094', 'TRD_GRP_095', 'TRD_GRP_096', 'TRD_GRP_097', 'TRD_GRP_098', 'TRD_GRP_099', 'TRD_GRP_100', 'TRD_GRP_101', 'TRD_GRP_102', 'TRD_GRP_103', 'TRD_GRP_104', 'TRD_GRP_105', 'TRD_GRP_106', 'TRD_GRP_107', 'TRD_GRP_108', 'TRD_GRP_109', 'TRD_GRP_110', 'TRD_GRP_111', 'TRD_GRP_112', 'TRD_GRP_113', 'TRD_GRP_114', 'TRD_GRP_115', 'TRD_GRP_116', 'TRD_GRP_117', 'TRD_GRP_118', 'TRD_GRP_119', 'TRD_GRP_120', 'TRD_GRP_121', 'TRD_GRP_122', 'TRD_GRP_123', 'TRD_GRP_124', 'TRD_GRP_125', 'TRD_GRP_126', 'TRD_GRP_127', 'TRD_GRP_128', 'TRD_GRP_129', 'TRD_GRP_130', 'TRD_GRP_131', 'TRD_GRP_132', 'TRD_GRP_133', 'TRD_GRP_134', 'TRD_GRP_135', 'TRD_GRP_136', 'TRD_GRP_137', 'TRD_GRP_138', 'TRD_GRP_139', 'TRD_GRP_140', 'TRD_GRP_141', 'TRD_GRP_142', 'TRD_GRP_143', 'TRD_GRP_144', 'TRD_GRP_145', 'TRD_GRP_146', 'TRD_GRP_147', 'TRD_GRP_148', 'TRD_GRP_149', 'TRD_GRP_150', 'TRD_GRP_151', 'TRD_GRP_152', 'TRD_GRP_153', 'TRD_GRP_154', 'TRD_GRP_155', 'TRD_GRP_156', 'TRD_GRP_157', 'TRD_GRP_158', 'TRD_GRP_159', 'TRD_GRP_160', 'TRD_GRP_161', 'TRD_GRP_162', 'TRD_GRP_163', 'TRD_GRP_164', 'TRD_GRP_165', 'TRD_GRP_166', 'TRD_GRP_167', 'TRD_GRP_168', 'TRD_GRP_169', 'TRD_GRP_170', 'TRD_GRP_171', 'TRD_GRP_172', 'TRD_GRP_173', 'TRD_GRP_174', 'TRD_GRP_175', 'TRD_GRP_176', 'TRD_GRP_177', 'TRD_GRP_178', 'TRD_GRP_179', 'TRD_GRP_180', 'TRD_GRP_181', 'TRD_GRP_182', 'TRD_GRP_183', 'TRD_GRP_184', 'TRD_GRP_185', 'TRD_GRP_186', 'TRD_GRP_187', 'TRD_GRP_188', 'TRD_GRP_189', 'TRD_GRP_190', 'TRD_GRP_191', 'TRD_GRP_192', 'TRD_GRP_193', 'TRD_GRP_194', 'TRD_GRP_195', 'TRD_GRP_196', 'TRD_GRP_197', 'TRD_GRP_198', 'TRD_GRP_199', 'TRD_GRP_200', 'TRD_GRP_201', 'TRD_GRP_202', 'TRD_GRP_203', 'TRD_GRP_204', 'TRD_GRP_205', 'TRD_GRP_206', 'TRD_GRP_207', 'TRD_GRP_208', 'TRD_GRP_209', 'TRD_GRP_210', 'TRD_GRP_211', 'TRD_GRP_212', 'TRD_GRP_213', 'TRD_GRP_214', 'TRD_GRP_215', 'TRD_GRP_216', 'TRD_GRP_217', 'TRD_GRP_218', 'TRD_GRP_219', 'TRD_GRP_220', 'TRD_GRP_221', 'TRD_GRP_222', 'TRD_GRP_223', 'TRD_GRP_224', 'TRD_GRP_225', 'TRD_GRP_226', 'TRD_GRP_227', 'TRD_GRP_228', 'TRD_GRP_229', 'TRD_GRP_230', 'TRD_GRP_231', 'TRD_GRP_232', 'TRD_GRP_233', 'TRD_GRP_234', 'TRD_GRP_235']], 'defaultSelfTradePreventionMode': 'EXPIRE_MAKER', 'allowedSelfTradePreventionModes': ['EXPIRE_TAKER', 'EXPIRE_MAKER', 'EXPIRE_BOTH']}
2025-01-18 01:23:37,387 - WARNING - \u26a0\ufe0f Filtro MIN_NOTIONAL não encontrado para BTCUSDT.
2025-01-18 01:23:38,189 - WARNING - \u26a0\ufe0f Não foi possível determinar o valor mínimo de compra para BTCUSDT.
2025-01-18 01:23:38,984 - INFO - \U0001f50d Informações da Binance para ETHUSDT: {'symbol': 'ETHUSDT', 'status': 'TRADING', 'baseAsset': 'ETH', 'baseAssetPrecision': 8, 'quoteAsset': 'USDT', 'quotePrecision': 8, 'quoteAssetPrecision': 8, 'baseCommissionPrecision': 8, 'quoteCommissionPrecision': 8, 'orderTypes': ['LIMIT', 'LIMIT_MAKER', 'MARKET', 'STOP_LOSS', 'STOP_LOSS_LIMIT', 'TAKE_PROFIT', 'TAKE_PROFIT_LIMIT'], 'icebergAllowed': True, 'ocoAllowed': True, 'otoAllowed': True, 'quoteOrderQtyMarketAllowed': True, 'allowTrailingStop': True, 'cancelReplaceAllowed': True, 'isSpotTradingAllowed': True, 'isMarginTradingAllowed': True, 'filters': [{'filterType': 'PRICE_FILTER', 'minPrice': '0.01000000', 'maxPrice': '1000000.00000000', 'tickSize': '0.01000000'}, {'filterType': 'LOT_SIZE', 'minQty': '0.00010000', 'maxQty': '9000.00000000', 'stepSize': '0.00010000'}, {'filterType': 'ICEBERG_PARTS', 'limit': 10}, {'filterType': 'MARKET_LOT_SIZE', 'minQty': '0.00000000', 'maxQty': '2418.75700375', 'stepSize': '0.00000000'}, {'filterType': 'TRAILING_DELTA', 'minTrailingAboveDelta': 10, 'maxTrailingAboveDelta': 2000, 'minTrailingBelowDelta': 10, 'maxTrailingBelowDelta': 2000}, {'filterType': 'PERCENT_PRICE_BY_SIDE', 'bidMultiplierUp': '5', 'bidMultiplierDown': '0.2', 'askMultiplierUp': '5', 'askMultiplierDown': '0.2', 'avgPriceMins': 5}, {'filterType': 'NOTIONAL', 'minNotional': '5.00000000', 'applyMinToMarket': True, 'maxNotional': '9000000.00000000', 'applyMaxToMarket': False, 'avgPriceMins': 5}, {'filterType': 'MAX_NUM_ORDERS', 'maxNumOrders': 200}, {'filterType': 'MAX_NUM_ALGO_ORDERS', 'maxNumAlgoOrders': 5}], 'permissions': [], 'permissionSets': [['SPOT', 'MARGIN', 'TRD_GRP_004', 'TRD_GRP_005', 'TRD_GRP_006', 'TRD_GRP_009', 'TRD_GRP_010', 'TRD_GRP_011', 'TRD_GRP_012', 'TRD_GRP_013', 'TRD_GRP_014', 'TRD_GRP_015', 'TRD_GRP_016', 'TRD_GRP_017', 'TRD_GRP_018', 'TRD_GRP_019', 'TRD_GRP_020', 'TRD_GRP_021', 'TRD_GRP_022', 'TRD_GRP_023', 'TRD_GRP_024', 'TRD_GRP_025', 'TRD_GRP_026', 'TRD_GRP_027', 'TRD_GRP_028', 'TRD_GRP_029', 'TRD_GRP_030', 'TRD_GRP_031', 'TRD_GRP_032', 'TRD_GRP_033', 'TRD_GRP_034', 'TRD_GRP_035', 'TRD_GRP_036', 'TRD_GRP_037', 'TRD_GRP_038', 'TRD_GRP_039', 'TRD_GRP_040', 'TRD_GRP_041', 'TRD_GRP_042', 'TRD_GRP_043', 'TRD_GRP_044', 'TRD_GRP_045', 'TRD_GRP_046', 'TRD_GRP_047', 'TRD_GRP_048', 'TRD_GRP_049', 'TRD_GRP_050', 'TRD_GRP_051', 'TRD_GRP_052', 'TRD_GRP_053', 'TRD_GRP_054', 'TRD_GRP_055', 'TRD_GRP_056', 'TRD_GRP_057', 'TRD_GRP_058', 'TRD_GRP_059', 'TRD_GRP_060', 'TRD_GRP_061', 'TRD_GRP_062', 'TRD_GRP_063', 'TRD_GRP_064', 'TRD_GRP_065', 'TRD_GRP_066', 'TRD_GRP_067', 'TRD_GRP_068', 'TRD_GRP_069', 'TRD_GRP_070', 'TRD_GRP_071', 'TRD_GRP_072', 'TRD_GRP_073', 'TRD_GRP_074', 'TRD_GRP_075', 'TRD_GRP_076', 'TRD_GRP_077', 'TRD_GRP_078', 'TRD_GRP_079', 'TRD_GRP_080', 'TRD_GRP_081', 'TRD_GRP_082', 'TRD_GRP_083', 'TRD_GRP_084', 'TRD_GRP_085', 'TRD_GRP_086', 'TRD_GRP_087', 'TRD_GRP_088', 'TRD_GRP_089', 'TRD_GRP_090', 'TRD_GRP_091', 'TRD_GRP_092', 'TRD_GRP_093', 'TRD_GRP_094', 'TRD_GRP_095', 'TRD_GRP_096', 'TRD_GRP_097', 'TRD_GRP_098', 'TRD_GRP_099', 'TRD_GRP_100', 'TRD_GRP_101', 'TRD_GRP_102', 'TRD_GRP_103', 'TRD_GRP_104', 'TRD_GRP_105', 'TRD_GRP_106', 'TRD_GRP_107', 'TRD_GRP_108', 'TRD_GRP_109', 'TRD_GRP_110', 'TRD_GRP_111', 'TRD_GRP_112', 'TRD_GRP_113', 'TRD_GRP_114', 'TRD_GRP_115', 'TRD_GRP_116', 'TRD_GRP_117', 'TRD_GRP_118', 'TRD_GRP_119', 'TRD_GRP_120', 'TRD_GRP_121', 'TRD_GRP_122', 'TRD_GRP_123', 'TRD_GRP_124', 'TRD_GRP_125', 'TRD_GRP_126', 'TRD_GRP_127', 'TRD_GRP_128', 'TRD_GRP_129', 'TRD_GRP_130', 'TRD_GRP_131', 'TRD_GRP_132', 'TRD_GRP_133', 'TRD_GRP_134', 'TRD_GRP_135', 'TRD_GRP_136', 'TRD_GRP_137', 'TRD_GRP_138', 'TRD_GRP_139', 'TRD_GRP_140', 'TRD_GRP_141', 'TRD_GRP_142', 'TRD_GRP_143', 'TRD_GRP_144', 'TRD_GRP_145', 'TRD_GRP_146', 'TRD_GRP_147', 'TRD_GRP_148', 'TRD_GRP_149', 'TRD_GRP_150', 'TRD_GRP_151', 'TRD_GRP_152', 'TRD_GRP_153', 'TRD_GRP_154', 'TRD_GRP_155', 'TRD_GRP_156', 'TRD_GRP_157', 'TRD_GRP_158', 'TRD_GRP_159', 'TRD_GRP_160', 'TRD_GRP_161', 'TRD_GRP_162', 'TRD_GRP_163', 'TRD_GRP_164', 'TRD_GRP_165', 'TRD_GRP_166', 'TRD_GRP_167', 'TRD_GRP_168', 'TRD_GRP_169', 'TRD_GRP_170', 'TRD_GRP_171', 'TRD_GRP_172', 'TRD_GRP_173', 'TRD_GRP_174', 'TRD_GRP_175', 'TRD_GRP_176', 'TRD_GRP_177', 'TRD_GRP_178', 'TRD_GRP_179', 'TRD_GRP_180', 'TRD_GRP_181', 'TRD_GRP_182', 'TRD_GRP_183', 'TRD_GRP_184', 'TRD_GRP_185', 'TRD_GRP_186', 'TRD_GRP_187', 'TRD_GRP_188', 'TRD_GRP_189', 'TRD_GRP_190', 'TRD_GRP_191', 'TRD_GRP_192', 'TRD_GRP_193', 'TRD_GRP_194', 'TRD_GRP_195', 'TRD_GRP_196', 'TRD_GRP_197', 'TRD_GRP_198', 'TRD_GRP_199', 'TRD_GRP_200', 'TRD_GRP_201', 'TRD_GRP_202', 'TRD_GRP_203', 'TRD_GRP_204', 'TRD_GRP_205', 'TRD_GRP_206', 'TRD_GRP_207', 'TRD_GRP_208', 'TRD_GRP_209', 'TRD_GRP_210', 'TRD_GRP_211', 'TRD_GRP_212', 'TRD_GRP_213', 'TRD_GRP_214', 'TRD_GRP_215', 'TRD_GRP_216', 'TRD_GRP_217', 'TRD_GRP_218', 'TRD_GRP_219', 'TRD_GRP_220', 'TRD_GRP_221', 'TRD_GRP_222', 'TRD_GRP_223', 'TRD_GRP_224', 'TRD_GRP_225', 'TRD_GRP_226', 'TRD_GRP_227', 'TRD_GRP_228', 'TRD_GRP_229', 'TRD_GRP_230', 'TRD_GRP_231', 'TRD_GRP_232', 'TRD_GRP_233', 'TRD_GRP_234', 'TRD_GRP_235']], 'defaultSelfTradePreventionMode': 'EXPIRE_MAKER', 'allowedSelfTradePreventionModes': ['EXPIRE_TAKER', 'EXPIRE_MAKER', 'EXPIRE_BOTH']}
2025-01-18 01:23:38,984 - WARNING - \u26a0\ufe0f Filtro MIN_NOTIONAL não encontrado para ETHUSDT.
2025-01-18 01:23:39,760 - WARNING - \u26a0\ufe0f Não foi possível determinar o valor mínimo de compra para ETHUSDT.
2025-01-18 01:24:11,511 - INFO - \U0001f50d Informações da Binance para BTCUSDT: {'symbol': 'BTCUSDT', 'status': 'TRADING', 'baseAsset': 'BTC', 'baseAssetPrecision': 8, 'quoteAsset': 'USDT', 'quotePrecision': 8, 'quoteAssetPrecision': 8, 'baseCommissionPrecision': 8, 'quoteCommissionPrecision': 8, 'orderTypes': ['LIMIT', 'LIMIT_MAKER', 'MARKET', 'STOP_LOSS', 'STOP_LOSS_LIMIT', 'TAKE_PROFIT', 'TAKE_PROFIT_LIMIT'], 'icebergAllowed': True, 'ocoAllowed': True, 'otoAllowed': True, 'quoteOrderQtyMarketAllowed': True, 'allowTrailingStop': True, 'cancelReplaceAllowed': True, 'isSpotTradingAllowed': True, 'isMarginTradingAllowed': True, 'filters': [{'filterType': 'PRICE_FILTER', 'minPrice': '0.01000000', 'maxPrice': '1000000.00000000', 'tickSize': '0.01000000'}, {'filterType': 'LOT_SIZE', 'minQty': '0.00001000', 'maxQty': '9000.00000000', 'stepSize': '0.00001000'}, {'filterType': 'ICEBERG_PARTS', 'limit': 10}, {'filterType': 'MARKET_LOT_SIZE', 'minQty': '0.00000000', 'maxQty': '89.67500095', 'stepSize': '0.00000000'}, {'filterType': 'TRAILING_DELTA', 'minTrailingAboveDelta': 10, 'maxTrailingAboveDelta': 2000, 'minTrailingBelowDelta': 10, 'maxTrailingBelowDelta': 2000}, {'filterType': 'PERCENT_PRICE_BY_SIDE', 'bidMultiplierUp': '5', 'bidMultiplierDown': '0.2', 'askMultiplierUp': '5', 'askMultiplierDown': '0.2', 'avgPriceMins': 5}, {'filterType': 'NOTIONAL', 'minNotional': '5.00000000', 'applyMinToMarket': True, 'maxNotional': '9000000.00000000', 'applyMaxToMarket': False, 'avgPriceMins': 5}, {'filterType': 'MAX_NUM_ORDERS', 'maxNumOrders': 200}, {'filterType': 'MAX_NUM_ALGO_ORDERS', 'maxNumAlgoOrders': 5}], 'permissions': [], 'permissionSets': [['SPOT', 'MARGIN', 'TRD_GRP_004', 'TRD_GRP_005', 'TRD_GRP_006', 'TRD_GRP_009', 'TRD_GRP_010', 'TRD_GRP_011', 'TRD_GRP_012', 'TRD_GRP_013', 'TRD_GRP_014', 'TRD_GRP_015', 'TRD_GRP_016', 'TRD_GRP_017', 'TRD_GRP_018', 'TRD_GRP_019', 'TRD_GRP_020', 'TRD_GRP_021', 'TRD_GRP_022', 'TRD_GRP_023', 'TRD_GRP_024', 'TRD_GRP_025', 'TRD_GRP_026', 'TRD_GRP_027', 'TRD_GRP_028', 'TRD_GRP_029', 'TRD_GRP_030', 'TRD_GRP_031', 'TRD_GRP_032', 'TRD_GRP_033', 'TRD_GRP_034', 'TRD_GRP_035', 'TRD_GRP_036', 'TRD_GRP_037', 'TRD_GRP_038', 'TRD_GRP_039', 'TRD_GRP_040', 'TRD_GRP_041', 'TRD_GRP_042', 'TRD_GRP_043', 'TRD_GRP_044', 'TRD_GRP_045', 'TRD_GRP_046', 'TRD_GRP_047', 'TRD_GRP_048', 'TRD_GRP_049', 'TRD_GRP_050', 'TRD_GRP_051', 'TRD_GRP_052', 'TRD_GRP_053', 'TRD_GRP_054', 'TRD_GRP_055', 'TRD_GRP_056', 'TRD_GRP_057', 'TRD_GRP_058', 'TRD_GRP_059', 'TRD_GRP_060', 'TRD_GRP_061', 'TRD_GRP_062', 'TRD_GRP_063', 'TRD_GRP_064', 'TRD_GRP_065', 'TRD_GRP_066', 'TRD_GRP_067', 'TRD_GRP_068', 'TRD_GRP_069', 'TRD_GRP_070', 'TRD_GRP_071', 'TRD_GRP_072', 'TRD_GRP_073', 'TRD_GRP_074', 'TRD_GRP_075', 'TRD_GRP_076', 'TRD_GRP_077', 'TRD_GRP_078', 'TRD_GRP_079', 'TRD_GRP_080', 'TRD_GRP_081', 'TRD_GRP_082', 'TRD_GRP_083', 'TRD_GRP_084', 'TRD_GRP_085', 'TRD_GRP_086', 'TRD_GRP_087', 'TRD_GRP_088', 'TRD_GRP_089', 'TRD_GRP_090', 'TRD_GRP_091', 'TRD_GRP_092', 'TRD_GRP_093', 'TRD_GRP_094', 'TRD_GRP_095', 'TRD_GRP_096', 'TRD_GRP_097', 'TRD_GRP_098', 'TRD_GRP_099', 'TRD_GRP_100', 'TRD_GRP_101', 'TRD_GRP_102', 'TRD_GRP_103', 'TRD_GRP_104', 'TRD_GRP_105', 'TRD_GRP_106', 'TRD_GRP_107', 'TRD_GRP_108', 'TRD_GRP_109', 'TRD_GRP_110', 'TRD_GRP_111', 'TRD_GRP_112', 'TRD_GRP_113', 'TRD_GRP_114', 'TRD_GRP_115', 'TRD_GRP_116', 'TRD_GRP_117', 'TRD_GRP_118', 'TRD_GRP_119', 'TRD_GRP_120', 'TRD_GRP_121', 'TRD_GRP_122', 'TRD_GRP_123', 'TRD_GRP_124', 'TRD_GRP_125', 'TRD_GRP_126', 'TRD_GRP_127', 'TRD_GRP_128', 'TRD_GRP_129', 'TRD_GRP_130', 'TRD_GRP_131', 'TRD_GRP_132', 'TRD_GRP_133', 'TRD_GRP_134', 'TRD_GRP_135', 'TRD_GRP_136', 'TRD_GRP_137', 'TRD_GRP_138', 'TRD_GRP_139', 'TRD_GRP_140', 'TRD_GRP_141', 'TRD_GRP_142', 'TRD_GRP_143', 'TRD_GRP_144', 'TRD_GRP_145', 'TRD_GRP_146', 'TRD_GRP_147', 'TRD_GRP_148', 'TRD_GRP_149', 'TRD_GRP_150', 'TRD_GRP_151', 'TRD_GRP_152', 'TRD_GRP_153', 'TRD_GRP_154', 'TRD_GRP_155', 'TRD_GRP_156', 'TRD_GRP_157', 'TRD_GRP_158', 'TRD_GRP_159', 'TRD_GRP_160', 'TRD_GRP_161', 'TRD_GRP_162', 'TRD_GRP_163', 'TRD_GRP_164', 'TRD_GRP_165', 'TRD_GRP_166', 'TRD_GRP_167', 'TRD_GRP_168', 'TRD_GRP_169', 'TRD_GRP_170', 'TRD_GRP_171', 'TRD_GRP_172', 'TRD_GRP_173', 'TRD_GRP_174', 'TRD_GRP_175', 'TRD_GRP_176', 'TRD_GRP_177', 'TRD_GRP_178', 'TRD_GRP_179', 'TRD_GRP_180', 'TRD_GRP_181', 'TRD_GRP_182', 'TRD_GRP_183', 'TRD_GRP_184', 'TRD_GRP_185', 'TRD_GRP_186', 'TRD_GRP_187', 'TRD_GRP_188', 'TRD_GRP_189', 'TRD_GRP_190', 'TRD_GRP_191', 'TRD_GRP_192', 'TRD_GRP_193', 'TRD_GRP_194', 'TRD_GRP_195', 'TRD_GRP_196', 'TRD_GRP_197', 'TRD_GRP_198', 'TRD_GRP_199', 'TRD_GRP_200', 'TRD_GRP_201', 'TRD_GRP_202', 'TRD_GRP_203', 'TRD_GRP_204', 'TRD_GRP_205', 'TRD_GRP_206', 'TRD_GRP_207', 'TRD_GRP_208', 'TRD_GRP_209', 'TRD_GRP_210', 'TRD_GRP_211', 'TRD_GRP_212', 'TRD_GRP_213', 'TRD_GRP_214', 'TRD_GRP_215', 'TRD_GRP_216', 'TRD_GRP_217', 'TRD_GRP_218', 'TRD_GRP_219', 'TRD_GRP_220', 'TRD_GRP_221', 'TRD_GRP_222', 'TRD_GRP_223', 'TRD_GRP_224', 'TRD_GRP_225', 'TRD_GRP_226', 'TRD_GRP_227', 'TRD_GRP_228', 'TRD_GRP_229', 'TRD_GRP_230', 'TRD_GRP_231', 'TRD_GRP_232', 'TRD_GRP_233', 'TRD_GRP_234', 'TRD_GRP_235']], 'defaultSelfTradePreventionMode': 'EXPIRE_MAKER', 'allowedSelfTradePreventionModes': ['EXPIRE_TAKER', 'EXPIRE_MAKER', 'EXPIRE_BOTH']}
2025-01-18 01:24:11,511 - WARNING - \u26a0\ufe0f Filtro MIN_NOTIONAL não encontrado para BTCUSDT.
2025-01-18 01:24:12,278 - WARNING - \u26a0\ufe0f Não foi possível determinar o valor mínimo de compra para BTCUSDT.
2025-01-18 01:24:13,074 - INFO - \U0001f50d Informações da Binance para ETHUSDT: {'symbol': 'ETHUSDT', 'status': 'TRADING', 'baseAsset': 'ETH', 'baseAssetPrecision': 8, 'quoteAsset': 'USDT', 'quotePrecision': 8, 'quoteAssetPrecision': 8, 'baseCommissionPrecision': 8, 'quoteCommissionPrecision': 8, 'orderTypes': ['LIMIT', 'LIMIT_MAKER', 'MARKET', 'STOP_LOSS', 'STOP_LOSS_LIMIT', 'TAKE_PROFIT', 'TAKE_PROFIT_LIMIT'], 'icebergAllowed': True, 'ocoAllowed': True, 'otoAllowed': True, 'quoteOrderQtyMarketAllowed': True, 'allowTrailingStop': True, 'cancelReplaceAllowed': True, 'isSpotTradingAllowed': True, 'isMarginTradingAllowed': True, 'filters': [{'filterType': 'PRICE_FILTER', 'minPrice': '0.01000000', 'maxPrice': '1000000.00000000', 'tickSize': '0.01000000'}, {'filterType': 'LOT_SIZE', 'minQty': '0.00010000', 'maxQty': '9000.00000000', 'stepSize': '0.00010000'}, {'filterType': 'ICEBERG_PARTS', 'limit': 10}, {'filterType': 'MARKET_LOT_SIZE', 'minQty': '0.00000000', 'maxQty': '2418.75700375', 'stepSize': '0.00000000'}, {'filterType': 'TRAILING_DELTA', 'minTrailingAboveDelta': 10, 'maxTrailingAboveDelta': 2000, 'minTrailingBelowDelta': 10, 'maxTrailingBelowDelta': 2000}, {'filterType': 'PERCENT_PRICE_BY_SIDE', 'bidMultiplierUp': '5', 'bidMultiplierDown': '0.2', 'askMultiplierUp': '5', 'askMultiplierDown': '0.2', 'avgPriceMins': 5}, {'filterType': 'NOTIONAL', 'minNotional': '5.00000000', 'applyMinToMarket': True, 'maxNotional': '9000000.00000000', 'applyMaxToMarket': False, 'avgPriceMins': 5}, {'filterType': 'MAX_NUM_ORDERS', 'maxNumOrders': 200}, {'filterType': 'MAX_NUM_ALGO_ORDERS', 'maxNumAlgoOrders': 5}], 'permissions': [], 'permissionSets': [['SPOT', 'MARGIN', 'TRD_GRP_004', 'TRD_GRP_005', 'TRD_GRP_006', 'TRD_GRP_009', 'TRD_GRP_010', 'TRD_GRP_011', 'TRD_GRP_012', 'TRD_GRP_013', 'TRD_GRP_014', 'TRD_GRP_015', 'TRD_GRP_016', 'TRD_GRP_017', 'TRD_GRP_018', 'TRD_GRP_019', 'TRD_GRP_020', 'TRD_GRP_021', 'TRD_GRP_022', 'TRD_GRP_023', 'TRD_GRP_024', 'TRD_GRP_025', 'TRD_GRP_026', 'TRD_GRP_027', 'TRD_GRP_028', 'TRD_GRP_029', 'TRD_GRP_030', 'TRD_GRP_031', 'TRD_GRP_032', 'TRD_GRP_033', 'TRD_GRP_034', 'TRD_GRP_035', 'TRD_GRP_036', 'TRD_GRP_037', 'TRD_GRP_038', 'TRD_GRP_039', 'TRD_GRP_040', 'TRD_GRP_041', 'TRD_GRP_042', 'TRD_GRP_043', 'TRD_GRP_044', 'TRD_GRP_045', 'TRD_GRP_046', 'TRD_GRP_047', 'TRD_GRP_048', 'TRD_GRP_049', 'TRD_GRP_050', 'TRD_GRP_051', 'TRD_GRP_052', 'TRD_GRP_053', 'TRD_GRP_054', 'TRD_GRP_055', 'TRD_GRP_056', 'TRD_GRP_057', 'TRD_GRP_058', 'TRD_GRP_059', 'TRD_GRP_060', 'TRD_GRP_061', 'TRD_GRP_062', 'TRD_GRP_063', 'TRD_GRP_064', 'TRD_GRP_065', 'TRD_GRP_066', 'TRD_GRP_067', 'TRD_GRP_068', 'TRD_GRP_069', 'TRD_GRP_070', 'TRD_GRP_071', 'TRD_GRP_072', 'TRD_GRP_073', 'TRD_GRP_074', 'TRD_GRP_075', 'TRD_GRP_076', 'TRD_GRP_077', 'TRD_GRP_078', 'TRD_GRP_079', 'TRD_GRP_080', 'TRD_GRP_081', 'TRD_GRP_082', 'TRD_GRP_083', 'TRD_GRP_084', 'TRD_GRP_085', 'TRD_GRP_086', 'TRD_GRP_087', 'TRD_GRP_088', 'TRD_GRP_089', 'TRD_GRP_090', 'TRD_GRP_091', 'TRD_GRP_092', 'TRD_GRP_093', 'TRD_GRP_094', 'TRD_GRP_095', 'TRD_GRP_096', 'TRD_GRP_097', 'TRD_GRP_098', 'TRD_GRP_099', 'TRD_GRP_100', 'TRD_GRP_101', 'TRD_GRP_102', 'TRD_GRP_103', 'TRD_GRP_104', 'TRD_GRP_105', 'TRD_GRP_106', 'TRD_GRP_107', 'TRD_GRP_108', 'TRD_GRP_109', 'TRD_GRP_110', 'TRD_GRP_111', 'TRD_GRP_112', 'TRD_GRP_113', 'TRD_GRP_114', 'TRD_GRP_115', 'TRD_GRP_116', 'TRD_GRP_117', 'TRD_GRP_118', 'TRD_GRP_119', 'TRD_GRP_120', 'TRD_GRP_121', 'TRD_GRP_122', 'TRD_GRP_123', 'TRD_GRP_124', 'TRD_GRP_125', 'TRD_GRP_126', 'TRD_GRP_127', 'TRD_GRP_128', 'TRD_GRP_129', 'TRD_GRP_130', 'TRD_GRP_131', 'TRD_GRP_132', 'TRD_GRP_133', 'TRD_GRP_134', 'TRD_GRP_135', 'TRD_GRP_136', 'TRD_GRP_137', 'TRD_GRP_138', 'TRD_GRP_139', 'TRD_GRP_140', 'TRD_GRP_141', 'TRD_GRP_142', 'TRD_GRP_143', 'TRD_GRP_144', 'TRD_GRP_145', 'TRD_GRP_146', 'TRD_GRP_147', 'TRD_GRP_148', 'TRD_GRP_149', 'TRD_GRP_150', 'TRD_GRP_151', 'TRD_GRP_152', 'TRD_GRP_153', 'TRD_GRP_154', 'TRD_GRP_155', 'TRD_GRP_156', 'TRD_GRP_157', 'TRD_GRP_158', 'TRD_GRP_159', 'TRD_GRP_160', 'TRD_GRP_161', 'TRD_GRP_162', 'TRD_GRP_163', 'TRD_GRP_164', 'TRD_GRP_165', 'TRD_GRP_166', 'TRD_GRP_167', 'TRD_GRP_168', 'TRD_GRP_169', 'TRD_GRP_170', 'TRD_GRP_171', 'TRD_GRP_172', 'TRD_GRP_173', 'TRD_GRP_174', 'TRD_GRP_175', 'TRD_GRP_176', 'TRD_GRP_177', 'TRD_GRP_178', 'TRD_GRP_179', 'TRD_GRP_180', 'TRD_GRP_181', 'TRD_GRP_182', 'TRD_GRP_183', 'TRD_GRP_184', 'TRD_GRP_185', 'TRD_GRP_186', 'TRD_GRP_187', 'TRD_GRP_188', 'TRD_GRP_189', 'TRD_GRP_190', 'TRD_GRP_191', 'TRD_GRP_192', 'TRD_GRP_193', 'TRD_GRP_194', 'TRD_GRP_195', 'TRD_GRP_196', 'TRD_GRP_197', 'TRD_GRP_198', 'TRD_GRP_199', 'TRD_GRP_200', 'TRD_GRP_201', 'TRD_GRP_202', 'TRD_GRP_203', 'TRD_GRP_204', 'TRD_GRP_205', 'TRD_GRP_206', 'TRD_GRP_207', 'TRD_GRP_208', 'TRD_GRP_209', 'TRD_GRP_210', 'TRD_GRP_211', 'TRD_GRP_212', 'TRD_GRP_213', 'TRD_GRP_214', 'TRD_GRP_215', 'TRD_GRP_216', 'TRD_GRP_217', 'TRD_GRP_218', 'TRD_GRP_219', 'TRD_GRP_220', 'TRD_GRP_221', 'TRD_GRP_222', 'TRD_GRP_223', 'TRD_GRP_224', 'TRD_GRP_225', 'TRD_GRP_226', 'TRD_GRP_227', 'TRD_GRP_228', 'TRD_GRP_229', 'TRD_GRP_230', 'TRD_GRP_231', 'TRD_GRP_232', 'TRD_GRP_233', 'TRD_GRP_234', 'TRD_GRP_235']], 'defaultSelfTradePreventionMode': 'EXPIRE_MAKER', 'allowedSelfTradePreventionModes': ['EXPIRE_TAKER', 'EXPIRE_MAKER', 'EXPIRE_BOTH']}
2025-01-18 01:24:13,075 - WARNING - \u26a0\ufe0f Filtro MIN_NOTIONAL não encontrado para ETHUSDT.
2025-01-18 01:24:13,816 - WARNING - \u26a0\ufe0f Não foi possível determinar o valor mínimo de compra para ETHUSDT.
2025-01-18 01:24:45,631 - INFO - \U0001f50d Informações da Binance para BTCUSDT: {'symbol': 'BTCUSDT', 'status': 'TRADING', 'baseAsset': 'BTC', 'baseAssetPrecision': 8, 'quoteAsset': 'USDT', 'quotePrecision': 8, 'quoteAssetPrecision': 8, 'baseCommissionPrecision': 8, 'quoteCommissionPrecision': 8, 'orderTypes': ['LIMIT', 'LIMIT_MAKER', 'MARKET', 'STOP_LOSS', 'STOP_LOSS_LIMIT', 'TAKE_PROFIT', 'TAKE_PROFIT_LIMIT'], 'icebergAllowed': True, 'ocoAllowed': True, 'otoAllowed': True, 'quoteOrderQtyMarketAllowed': True, 'allowTrailingStop': True, 'cancelReplaceAllowed': True, 'isSpotTradingAllowed': True, 'isMarginTradingAllowed': True, 'filters': [{'filterType': 'PRICE_FILTER', 'minPrice': '0.01000000', 'maxPrice': '1000000.00000000', 'tickSize': '0.01000000'}, {'filterType': 'LOT_SIZE', 'minQty': '0.00001000', 'maxQty': '9000.00000000', 'stepSize': '0.00001000'}, {'filterType': 'ICEBERG_PARTS', 'limit': 10}, {'filterType': 'MARKET_LOT_SIZE', 'minQty': '0.00000000', 'maxQty': '89.67500095', 'stepSize': '0.00000000'}, {'filterType': 'TRAILING_DELTA', 'minTrailingAboveDelta': 10, 'maxTrailingAboveDelta': 2000, 'minTrailingBelowDelta': 10, 'maxTrailingBelowDelta': 2000}, {'filterType': 'PERCENT_PRICE_BY_SIDE', 'bidMultiplierUp': '5', 'bidMultiplierDown': '0.2', 'askMultiplierUp': '5', 'askMultiplierDown': '0.2', 'avgPriceMins': 5}, {'filterType': 'NOTIONAL', 'minNotional': '5.00000000', 'applyMinToMarket': True, 'maxNotional': '9000000.00000000', 'applyMaxToMarket': False, 'avgPriceMins': 5}, {'filterType': 'MAX_NUM_ORDERS', 'maxNumOrders': 200}, {'filterType': 'MAX_NUM_ALGO_ORDERS', 'maxNumAlgoOrders': 5}], 'permissions': [], 'permissionSets': [['SPOT', 'MARGIN', 'TRD_GRP_004', 'TRD_GRP_005', 'TRD_GRP_006', 'TRD_GRP_009', 'TRD_GRP_010', 'TRD_GRP_011', 'TRD_GRP_012', 'TRD_GRP_013', 'TRD_GRP_014', 'TRD_GRP_015', 'TRD_GRP_016', 'TRD_GRP_017', 'TRD_GRP_018', 'TRD_GRP_019', 'TRD_GRP_020', 'TRD_GRP_021', 'TRD_GRP_022', 'TRD_GRP_023', 'TRD_GRP_024', 'TRD_GRP_025', 'TRD_GRP_026', 'TRD_GRP_027', 'TRD_GRP_028', 'TRD_GRP_029', 'TRD_GRP_030', 'TRD_GRP_031', 'TRD_GRP_032', 'TRD_GRP_033', 'TRD_GRP_034', 'TRD_GRP_035', 'TRD_GRP_036', 'TRD_GRP_037', 'TRD_GRP_038', 'TRD_GRP_039', 'TRD_GRP_040', 'TRD_GRP_041', 'TRD_GRP_042', 'TRD_GRP_043', 'TRD_GRP_044', 'TRD_GRP_045', 'TRD_GRP_046', 'TRD_GRP_047', 'TRD_GRP_048', 'TRD_GRP_049', 'TRD_GRP_050', 'TRD_GRP_051', 'TRD_GRP_052', 'TRD_GRP_053', 'TRD_GRP_054', 'TRD_GRP_055', 'TRD_GRP_056', 'TRD_GRP_057', 'TRD_GRP_058', 'TRD_GRP_059', 'TRD_GRP_060', 'TRD_GRP_061', 'TRD_GRP_062', 'TRD_GRP_063', 'TRD_GRP_064', 'TRD_GRP_065', 'TRD_GRP_066', 'TRD_GRP_067', 'TRD_GRP_068', 'TRD_GRP_069', 'TRD_GRP_070', 'TRD_GRP_071', 'TRD_GRP_072', 'TRD_GRP_073', 'TRD_GRP_074', 'TRD_GRP_075', 'TRD_GRP_076', 'TRD_GRP_077', 'TRD_GRP_078', 'TRD_GRP_079', 'TRD_GRP_080', 'TRD_GRP_081', 'TRD_GRP_082', 'TRD_GRP_083', 'TRD_GRP_084', 'TRD_GRP_085', 'TRD_GRP_086', 'TRD_GRP_087', 'TRD_GRP_088', 'TRD_GRP_089', 'TRD_GRP_090', 'TRD_GRP_091', 'TRD_GRP_092', 'TRD_GRP_093', 'TRD_GRP_094', 'TRD_GRP_095', 'TRD_GRP_096', 'TRD_GRP_097', 'TRD_GRP_098', 'TRD_GRP_099', 'TRD_GRP_100', 'TRD_GRP_101', 'TRD_GRP_102', 'TRD_GRP_103', 'TRD_GRP_104', 'TRD_GRP_105', 'TRD_GRP_106', 'TRD_GRP_107', 'TRD_GRP_108', 'TRD_GRP_109', 'TRD_GRP_110', 'TRD_GRP_111', 'TRD_GRP_112', 'TRD_GRP_113', 'TRD_GRP_114', 'TRD_GRP_115', 'TRD_GRP_116', 'TRD_GRP_117', 'TRD_GRP_118', 'TRD_GRP_119', 'TRD_GRP_120', 'TRD_GRP_121', 'TRD_GRP_122', 'TRD_GRP_123', 'TRD_GRP_124', 'TRD_GRP_125', 'TRD_GRP_126', 'TRD_GRP_127', 'TRD_GRP_128', 'TRD_GRP_129', 'TRD_GRP_130', 'TRD_GRP_131', 'TRD_GRP_132', 'TRD_GRP_133', 'TRD_GRP_134', 'TRD_GRP_135', 'TRD_GRP_136', 'TRD_GRP_137', 'TRD_GRP_138', 'TRD_GRP_139', 'TRD_GRP_140', 'TRD_GRP_141', 'TRD_GRP_142', 'TRD_GRP_143', 'TRD_GRP_144', 'TRD_GRP_145', 'TRD_GRP_146', 'TRD_GRP_147', 'TRD_GRP_148', 'TRD_GRP_149', 'TRD_GRP_150', 'TRD_GRP_151', 'TRD_GRP_152', 'TRD_GRP_153', 'TRD_GRP_154', 'TRD_GRP_155', 'TRD_GRP_156', 'TRD_GRP_157', 'TRD_GRP_158', 'TRD_GRP_159', 'TRD_GRP_160', 'TRD_GRP_161', 'TRD_GRP_162', 'TRD_GRP_163', 'TRD_GRP_164', 'TRD_GRP_165', 'TRD_GRP_166', 'TRD_GRP_167', 'TRD_GRP_168', 'TRD_GRP_169', 'TRD_GRP_170', 'TRD_GRP_171', 'TRD_GRP_172', 'TRD_GRP_173', 'TRD_GRP_174', 'TRD_GRP_175', 'TRD_GRP_176', 'TRD_GRP_177', 'TRD_GRP_178', 'TRD_GRP_179', 'TRD_GRP_180', 'TRD_GRP_181', 'TRD_GRP_182', 'TRD_GRP_183', 'TRD_GRP_184', 'TRD_GRP_185', 'TRD_GRP_186', 'TRD_GRP_187', 'TRD_GRP_188', 'TRD_GRP_189', 'TRD_GRP_190', 'TRD_GRP_191', 'TRD_GRP_192', 'TRD_GRP_193', 'TRD_GRP_194', 'TRD_GRP_195', 'TRD_GRP_196', 'TRD_GRP_197', 'TRD_GRP_198', 'TRD_GRP_199', 'TRD_GRP_200', 'TRD_GRP_201', 'TRD_GRP_202', 'TRD_GRP_203', 'TRD_GRP_204', 'TRD_GRP_205', 'TRD_GRP_206', 'TRD_GRP_207', 'TRD_GRP_208', 'TRD_GRP_209', 'TRD_GRP_210', 'TRD_GRP_211', 'TRD_GRP_212', 'TRD_GRP_213', 'TRD_GRP_214', 'TRD_GRP_215', 'TRD_GRP_216', 'TRD_GRP_217', 'TRD_GRP_218', 'TRD_GRP_219', 'TRD_GRP_220', 'TRD_GRP_221', 'TRD_GRP_222', 'TRD_GRP_223', 'TRD_GRP_224', 'TRD_GRP_225', 'TRD_GRP_226', 'TRD_GRP_227', 'TRD_GRP_228', 'TRD_GRP_229', 'TRD_GRP_230', 'TRD_GRP_231', 'TRD_GRP_232', 'TRD_GRP_233', 'TRD_GRP_234', 'TRD_GRP_235']], 'defaultSelfTradePreventionMode': 'EXPIRE_MAKER', 'allowedSelfTradePreventionModes': ['EXPIRE_TAKER', 'EXPIRE_MAKER', 'EXPIRE_BOTH']}
2025-01-18 01:24:45,631 - WARNING - \u26a0\ufe0f Filtro MIN_NOTIONAL não encontrado para BTCUSDT.
2025-01-18 01:24:46,447 - WARNING - \u26a0\ufe0f Não foi possível determinar o valor mínimo de compra para BTCUSDT.
2025-01-18 01:24:47,206 - INFO - \U0001f50d Informações da Binance para ETHUSDT: {'symbol': 'ETHUSDT', 'status': 'TRADING', 'baseAsset': 'ETH', 'baseAssetPrecision': 8, 'quoteAsset': 'USDT', 'quotePrecision': 8, 'quoteAssetPrecision': 8, 'baseCommissionPrecision': 8, 'quoteCommissionPrecision': 8, 'orderTypes': ['LIMIT', 'LIMIT_MAKER', 'MARKET', 'STOP_LOSS', 'STOP_LOSS_LIMIT', 'TAKE_PROFIT', 'TAKE_PROFIT_LIMIT'], 'icebergAllowed': True, 'ocoAllowed': True, 'otoAllowed': True, 'quoteOrderQtyMarketAllowed': True, 'allowTrailingStop': True, 'cancelReplaceAllowed': True, 'isSpotTradingAllowed': True, 'isMarginTradingAllowed': True, 'filters': [{'filterType': 'PRICE_FILTER', 'minPrice': '0.01000000', 'maxPrice': '1000000.00000000', 'tickSize': '0.01000000'}, {'filterType': 'LOT_SIZE', 'minQty': '0.00010000', 'maxQty': '9000.00000000', 'stepSize': '0.00010000'}, {'filterType': 'ICEBERG_PARTS', 'limit': 10}, {'filterType': 'MARKET_LOT_SIZE', 'minQty': '0.00000000', 'maxQty': '2418.75700375', 'stepSize': '0.00000000'}, {'filterType': 'TRAILING_DELTA', 'minTrailingAboveDelta': 10, 'maxTrailingAboveDelta': 2000, 'minTrailingBelowDelta': 10, 'maxTrailingBelowDelta': 2000}, {'filterType': 'PERCENT_PRICE_BY_SIDE', 'bidMultiplierUp': '5', 'bidMultiplierDown': '0.2', 'askMultiplierUp': '5', 'askMultiplierDown': '0.2', 'avgPriceMins': 5}, {'filterType': 'NOTIONAL', 'minNotional': '5.00000000', 'applyMinToMarket': True, 'maxNotional': '9000000.00000000', 'applyMaxToMarket': False, 'avgPriceMins': 5}, {'filterType': 'MAX_NUM_ORDERS', 'maxNumOrders': 200}, {'filterType': 'MAX_NUM_ALGO_ORDERS', 'maxNumAlgoOrders': 5}], 'permissions': [], 'permissionSets': [['SPOT', 'MARGIN', 'TRD_GRP_004', 'TRD_GRP_005', 'TRD_GRP_006', 'TRD_GRP_009', 'TRD_GRP_010', 'TRD_GRP_011', 'TRD_GRP_012', 'TRD_GRP_013', 'TRD_GRP_014', 'TRD_GRP_015', 'TRD_GRP_016', 'TRD_GRP_017', 'TRD_GRP_018', 'TRD_GRP_019', 'TRD_GRP_020', 'TRD_GRP_021', 'TRD_GRP_022', 'TRD_GRP_023', 'TRD_GRP_024', 'TRD_GRP_025', 'TRD_GRP_026', 'TRD_GRP_027', 'TRD_GRP_028', 'TRD_GRP_029', 'TRD_GRP_030', 'TRD_GRP_031', 'TRD_GRP_032', 'TRD_GRP_033', 'TRD_GRP_034', 'TRD_GRP_035', 'TRD_GRP_036', 'TRD_GRP_037', 'TRD_GRP_038', 'TRD_GRP_039', 'TRD_GRP_040', 'TRD_GRP_041', 'TRD_GRP_042', 'TRD_GRP_043', 'TRD_GRP_044', 'TRD_GRP_045', 'TRD_GRP_046', 'TRD_GRP_047', 'TRD_GRP_048', 'TRD_GRP_049', 'TRD_GRP_050', 'TRD_GRP_051', 'TRD_GRP_052', 'TRD_GRP_053', 'TRD_GRP_054', 'TRD_GRP_055', 'TRD_GRP_056', 'TRD_GRP_057', 'TRD_GRP_058', 'TRD_GRP_059', 'TRD_GRP_060', 'TRD_GRP_061', 'TRD_GRP_062', 'TRD_GRP_063', 'TRD_GRP_064', 'TRD_GRP_065', 'TRD_GRP_066', 'TRD_GRP_067', 'TRD_GRP_068', 'TRD_GRP_069', 'TRD_GRP_070', 'TRD_GRP_071', 'TRD_GRP_072', 'TRD_GRP_073', 'TRD_GRP_074', 'TRD_GRP_075', 'TRD_GRP_076', 'TRD_GRP_077', 'TRD_GRP_078', 'TRD_GRP_079', 'TRD_GRP_080', 'TRD_GRP_081', 'TRD_GRP_082', 'TRD_GRP_083', 'TRD_GRP_084', 'TRD_GRP_085', 'TRD_GRP_086', 'TRD_GRP_087', 'TRD_GRP_088', 'TRD_GRP_089', 'TRD_GRP_090', 'TRD_GRP_091', 'TRD_GRP_092', 'TRD_GRP_093', 'TRD_GRP_094', 'TRD_GRP_095', 'TRD_GRP_096', 'TRD_GRP_097', 'TRD_GRP_098', 'TRD_GRP_099', 'TRD_GRP_100', 'TRD_GRP_101', 'TRD_GRP_102', 'TRD_GRP_103', 'TRD_GRP_104', 'TRD_GRP_105', 'TRD_GRP_106', 'TRD_GRP_107', 'TRD_GRP_108', 'TRD_GRP_109', 'TRD_GRP_110', 'TRD_GRP_111', 'TRD_GRP_112', 'TRD_GRP_113', 'TRD_GRP_114', 'TRD_GRP_115', 'TRD_GRP_116', 'TRD_GRP_117', 'TRD_GRP_118', 'TRD_GRP_119', 'TRD_GRP_120', 'TRD_GRP_121', 'TRD_GRP_122', 'TRD_GRP_123', 'TRD_GRP_124', 'TRD_GRP_125', 'TRD_GRP_126', 'TRD_GRP_127', 'TRD_GRP_128', 'TRD_GRP_129', 'TRD_GRP_130', 'TRD_GRP_131', 'TRD_GRP_132', 'TRD_GRP_133', 'TRD_GRP_134', 'TRD_GRP_135', 'TRD_GRP_136', 'TRD_GRP_137', 'TRD_GRP_138', 'TRD_GRP_139', 'TRD_GRP_140', 'TRD_GRP_141', 'TRD_GRP_142', 'TRD_GRP_143', 'TRD_GRP_144', 'TRD_GRP_145', 'TRD_GRP_146', 'TRD_GRP_147', 'TRD_GRP_148', 'TRD_GRP_149', 'TRD_GRP_150', 'TRD_GRP_151', 'TRD_GRP_152', 'TRD_GRP_153', 'TRD_GRP_154', 'TRD_GRP_155', 'TRD_GRP_156', 'TRD_GRP_157', 'TRD_GRP_158', 'TRD_GRP_159', 'TRD_GRP_160', 'TRD_GRP_161', 'TRD_GRP_162', 'TRD_GRP_163', 'TRD_GRP_164', 'TRD_GRP_165', 'TRD_GRP_166', 'TRD_GRP_167', 'TRD_GRP_168', 'TRD_GRP_169', 'TRD_GRP_170', 'TRD_GRP_171', 'TRD_GRP_172', 'TRD_GRP_173', 'TRD_GRP_174', 'TRD_GRP_175', 'TRD_GRP_176', 'TRD_GRP_177', 'TRD_GRP_178', 'TRD_GRP_179', 'TRD_GRP_180', 'TRD_GRP_181', 'TRD_GRP_182', 'TRD_GRP_183', 'TRD_GRP_184', 'TRD_GRP_185', 'TRD_GRP_186', 'TRD_GRP_187', 'TRD_GRP_188', 'TRD_GRP_189', 'TRD_GRP_190', 'TRD_GRP_191', 'TRD_GRP_192', 'TRD_GRP_193', 'TRD_GRP_194', 'TRD_GRP_195', 'TRD_GRP_196', 'TRD_GRP_197', 'TRD_GRP_198', 'TRD_GRP_199', 'TRD_GRP_200', 'TRD_GRP_201', 'TRD_GRP_202', 'TRD_GRP_203', 'TRD_GRP_204', 'TRD_GRP_205', 'TRD_GRP_206', 'TRD_GRP_207', 'TRD_GRP_208', 'TRD_GRP_209', 'TRD_GRP_210', 'TRD_GRP_211', 'TRD_GRP_212', 'TRD_GRP_213', 'TRD_GRP_214', 'TRD_GRP_215', 'TRD_GRP_216', 'TRD_GRP_217', 'TRD_GRP_218', 'TRD_GRP_219', 'TRD_GRP_220', 'TRD_GRP_221', 'TRD_GRP_222', 'TRD_GRP_223', 'TRD_GRP_224', 'TRD_GRP_225', 'TRD_GRP_226', 'TRD_GRP_227', 'TRD_GRP_228', 'TRD_GRP_229', 'TRD_GRP_230', 'TRD_GRP_231', 'TRD_GRP_232', 'TRD_GRP_233', 'TRD_GRP_234', 'TRD_GRP_235']], 'defaultSelfTradePreventionMode': 'EXPIRE_MAKER', 'allowedSelfTradePreventionModes': ['EXPIRE_TAKER', 'EXPIRE_MAKER', 'EXPIRE_BOTH']}
2025-01-18 01:24:47,206 - WARNING - \u26a0\ufe0f Filtro MIN_NOTIONAL não encontrado para ETHUSDT.
2025-01-18 01:24:47,990 - WARNING - \u26a0\ufe0f Não foi possível determinar o valor mínimo de compra para ETHUSDT.
2025-01-18 01:25:19,257 - INFO - \U0001f50d Informações da Binance para BTCUSDT: {'symbol': 'BTCUSDT', 'status': 'TRADING', 'baseAsset': 'BTC', 'baseAssetPrecision': 8, 'quoteAsset': 'USDT', 'quotePrecision': 8, 'quoteAssetPrecision': 8, 'baseCommissionPrecision': 8, 'quoteCommissionPrecision': 8, 'orderTypes': ['LIMIT', 'LIMIT_MAKER', 'MARKET', 'STOP_LOSS', 'STOP_LOSS_LIMIT', 'TAKE_PROFIT', 'TAKE_PROFIT_LIMIT'], 'icebergAllowed': True, 'ocoAllowed': True, 'otoAllowed': True, 'quoteOrderQtyMarketAllowed': True, 'allowTrailingStop': True, 'cancelReplaceAllowed': True, 'isSpotTradingAllowed': True, 'isMarginTradingAllowed': True, 'filters': [{'filterType': 'PRICE_FILTER', 'minPrice': '0.01000000', 'maxPrice': '1000000.00000000', 'tickSize': '0.01000000'}, {'filterType': 'LOT_SIZE', 'minQty': '0.00001000', 'maxQty': '9000.00000000', 'stepSize': '0.00001000'}, {'filterType': 'ICEBERG_PARTS', 'limit': 10}, {'filterType': 'MARKET_LOT_SIZE', 'minQty': '0.00000000', 'maxQty': '89.67500095', 'stepSize': '0.00000000'}, {'filterType': 'TRAILING_DELTA', 'minTrailingAboveDelta': 10, 'maxTrailingAboveDelta': 2000, 'minTrailingBelowDelta': 10, 'maxTrailingBelowDelta': 2000}, {'filterType': 'PERCENT_PRICE_BY_SIDE', 'bidMultiplierUp': '5', 'bidMultiplierDown': '0.2', 'askMultiplierUp': '5', 'askMultiplierDown': '0.2', 'avgPriceMins': 5}, {'filterType': 'NOTIONAL', 'minNotional': '5.00000000', 'applyMinToMarket': True, 'maxNotional': '9000000.00000000', 'applyMaxToMarket': False, 'avgPriceMins': 5}, {'filterType': 'MAX_NUM_ORDERS', 'maxNumOrders': 200}, {'filterType': 'MAX_NUM_ALGO_ORDERS', 'maxNumAlgoOrders': 5}], 'permissions': [], 'permissionSets': [['SPOT', 'MARGIN', 'TRD_GRP_004', 'TRD_GRP_005', 'TRD_GRP_006', 'TRD_GRP_009', 'TRD_GRP_010', 'TRD_GRP_011', 'TRD_GRP_012', 'TRD_GRP_013', 'TRD_GRP_014', 'TRD_GRP_015', 'TRD_GRP_016', 'TRD_GRP_017', 'TRD_GRP_018', 'TRD_GRP_019', 'TRD_GRP_020', 'TRD_GRP_021', 'TRD_GRP_022', 'TRD_GRP_023', 'TRD_GRP_024', 'TRD_GRP_025', 'TRD_GRP_026', 'TRD_GRP_027', 'TRD_GRP_028', 'TRD_GRP_029', 'TRD_GRP_030', 'TRD_GRP_031', 'TRD_GRP_032', 'TRD_GRP_033', 'TRD_GRP_034', 'TRD_GRP_035', 'TRD_GRP_036', 'TRD_GRP_037', 'TRD_GRP_038', 'TRD_GRP_039', 'TRD_GRP_040', 'TRD_GRP_041', 'TRD_GRP_042', 'TRD_GRP_043', 'TRD_GRP_044', 'TRD_GRP_045', 'TRD_GRP_046', 'TRD_GRP_047', 'TRD_GRP_048', 'TRD_GRP_049', 'TRD_GRP_050', 'TRD_GRP_051', 'TRD_GRP_052', 'TRD_GRP_053', 'TRD_GRP_054', 'TRD_GRP_055', 'TRD_GRP_056', 'TRD_GRP_057', 'TRD_GRP_058', 'TRD_GRP_059', 'TRD_GRP_060', 'TRD_GRP_061', 'TRD_GRP_062', 'TRD_GRP_063', 'TRD_GRP_064', 'TRD_GRP_065', 'TRD_GRP_066', 'TRD_GRP_067', 'TRD_GRP_068', 'TRD_GRP_069', 'TRD_GRP_070', 'TRD_GRP_071', 'TRD_GRP_072', 'TRD_GRP_073', 'TRD_GRP_074', 'TRD_GRP_075', 'TRD_GRP_076', 'TRD_GRP_077', 'TRD_GRP_078', 'TRD_GRP_079', 'TRD_GRP_080', 'TRD_GRP_081', 'TRD_GRP_082', 'TRD_GRP_083', 'TRD_GRP_084', 'TRD_GRP_085', 'TRD_GRP_086', 'TRD_GRP_087', 'TRD_GRP_088', 'TRD_GRP_089', 'TRD_GRP_090', 'TRD_GRP_091', 'TRD_GRP_092', 'TRD_GRP_093', 'TRD_GRP_094', 'TRD_GRP_095', 'TRD_GRP_096', 'TRD_GRP_097', 'TRD_GRP_098', 'TRD_GRP_099', 'TRD_GRP_100', 'TRD_GRP_101', 'TRD_GRP_102', 'TRD_GRP_103', 'TRD_GRP_104', 'TRD_GRP_105', 'TRD_GRP_106', 'TRD_GRP_107', 'TRD_GRP_108', 'TRD_GRP_109', 'TRD_GRP_110', 'TRD_GRP_111', 'TRD_GRP_112', 'TRD_GRP_113', 'TRD_GRP_114', 'TRD_GRP_115', 'TRD_GRP_116', 'TRD_GRP_117', 'TRD_GRP_118', 'TRD_GRP_119', 'TRD_GRP_120', 'TRD_GRP_121', 'TRD_GRP_122', 'TRD_GRP_123', 'TRD_GRP_124', 'TRD_GRP_125', 'TRD_GRP_126', 'TRD_GRP_127', 'TRD_GRP_128', 'TRD_GRP_129', 'TRD_GRP_130', 'TRD_GRP_131', 'TRD_GRP_132', 'TRD_GRP_133', 'TRD_GRP_134', 'TRD_GRP_135', 'TRD_GRP_136', 'TRD_GRP_137', 'TRD_GRP_138', 'TRD_GRP_139', 'TRD_GRP_140', 'TRD_GRP_141', 'TRD_GRP_142', 'TRD_GRP_143', 'TRD_GRP_144', 'TRD_GRP_145', 'TRD_GRP_146', 'TRD_GRP_147', 'TRD_GRP_148', 'TRD_GRP_149', 'TRD_GRP_150', 'TRD_GRP_151', 'TRD_GRP_152', 'TRD_GRP_153', 'TRD_GRP_154', 'TRD_GRP_155', 'TRD_GRP_156', 'TRD_GRP_157', 'TRD_GRP_158', 'TRD_GRP_159', 'TRD_GRP_160', 'TRD_GRP_161', 'TRD_GRP_162', 'TRD_GRP_163', 'TRD_GRP_164', 'TRD_GRP_165', 'TRD_GRP_166', 'TRD_GRP_167', 'TRD_GRP_168', 'TRD_GRP_169', 'TRD_GRP_170', 'TRD_GRP_171', 'TRD_GRP_172', 'TRD_GRP_173', 'TRD_GRP_174', 'TRD_GRP_175', 'TRD_GRP_176', 'TRD_GRP_177', 'TRD_GRP_178', 'TRD_GRP_179', 'TRD_GRP_180', 'TRD_GRP_181', 'TRD_GRP_182', 'TRD_GRP_183', 'TRD_GRP_184', 'TRD_GRP_185', 'TRD_GRP_186', 'TRD_GRP_187', 'TRD_GRP_188', 'TRD_GRP_189', 'TRD_GRP_190', 'TRD_GRP_191', 'TRD_GRP_192', 'TRD_GRP_193', 'TRD_GRP_194', 'TRD_GRP_195', 'TRD_GRP_196', 'TRD_GRP_197', 'TRD_GRP_198', 'TRD_GRP_199', 'TRD_GRP_200', 'TRD_GRP_201', 'TRD_GRP_202', 'TRD_GRP_203', 'TRD_GRP_204', 'TRD_GRP_205', 'TRD_GRP_206', 'TRD_GRP_207', 'TRD_GRP_208', 'TRD_GRP_209', 'TRD_GRP_210', 'TRD_GRP_211', 'TRD_GRP_212', 'TRD_GRP_213', 'TRD_GRP_214', 'TRD_GRP_215', 'TRD_GRP_216', 'TRD_GRP_217', 'TRD_GRP_218', 'TRD_GRP_219', 'TRD_GRP_220', 'TRD_GRP_221', 'TRD_GRP_222', 'TRD_GRP_223', 'TRD_GRP_224', 'TRD_GRP_225', 'TRD_GRP_226', 'TRD_GRP_227', 'TRD_GRP_228', 'TRD_GRP_229', 'TRD_GRP_230', 'TRD_GRP_231', 'TRD_GRP_232', 'TRD_GRP_233', 'TRD_GRP_234', 'TRD_GRP_235']], 'defaultSelfTradePreventionMode': 'EXPIRE_MAKER', 'allowedSelfTradePreventionModes': ['EXPIRE_TAKER', 'EXPIRE_MAKER', 'EXPIRE_BOTH']}
2025-01-18 01:25:19,257 - WARNING - \u26a0\ufe0f Filtro MIN_NOTIONAL não encontrado para BTCUSDT.
2025-01-18 01:25:20,010 - WARNING - \u26a0\ufe0f Não foi possível determinar o valor mínimo de compra para BTCUSDT.
2025-01-18 01:25:24,762 - INFO - \U0001f50d Informações da Binance para ETHUSDT: {'symbol': 'ETHUSDT', 'status': 'TRADING', 'baseAsset': 'ETH', 'baseAssetPrecision': 8, 'quoteAsset': 'USDT', 'quotePrecision': 8, 'quoteAssetPrecision': 8, 'baseCommissionPrecision': 8, 'quoteCommissionPrecision': 8, 'orderTypes': ['LIMIT', 'LIMIT_MAKER', 'MARKET', 'STOP_LOSS', 'STOP_LOSS_LIMIT', 'TAKE_PROFIT', 'TAKE_PROFIT_LIMIT'], 'icebergAllowed': True, 'ocoAllowed': True, 'otoAllowed': True, 'quoteOrderQtyMarketAllowed': True, 'allowTrailingStop': True, 'cancelReplaceAllowed': True, 'isSpotTradingAllowed': True, 'isMarginTradingAllowed': True, 'filters': [{'filterType': 'PRICE_FILTER', 'minPrice': '0.01000000', 'maxPrice': '1000000.00000000', 'tickSize': '0.01000000'}, {'filterType': 'LOT_SIZE', 'minQty': '0.00010000', 'maxQty': '9000.00000000', 'stepSize': '0.00010000'}, {'filterType': 'ICEBERG_PARTS', 'limit': 10}, {'filterType': 'MARKET_LOT_SIZE', 'minQty': '0.00000000', 'maxQty': '2418.75700375', 'stepSize': '0.00000000'}, {'filterType': 'TRAILING_DELTA', 'minTrailingAboveDelta': 10, 'maxTrailingAboveDelta': 2000, 'minTrailingBelowDelta': 10, 'maxTrailingBelowDelta': 2000}, {'filterType': 'PERCENT_PRICE_BY_SIDE', 'bidMultiplierUp': '5', 'bidMultiplierDown': '0.2', 'askMultiplierUp': '5', 'askMultiplierDown': '0.2', 'avgPriceMins': 5}, {'filterType': 'NOTIONAL', 'minNotional': '5.00000000', 'applyMinToMarket': True, 'maxNotional': '9000000.00000000', 'applyMaxToMarket': False, 'avgPriceMins': 5}, {'filterType': 'MAX_NUM_ORDERS', 'maxNumOrders': 200}, {'filterType': 'MAX_NUM_ALGO_ORDERS', 'maxNumAlgoOrders': 5}], 'permissions': [], 'permissionSets': [['SPOT', 'MARGIN', 'TRD_GRP_004', 'TRD_GRP_005', 'TRD_GRP_006', 'TRD_GRP_009', 'TRD_GRP_010', 'TRD_GRP_011', 'TRD_GRP_012', 'TRD_GRP_013', 'TRD_GRP_014', 'TRD_GRP_015', 'TRD_GRP_016', 'TRD_GRP_017', 'TRD_GRP_018', 'TRD_GRP_019', 'TRD_GRP_020', 'TRD_GRP_021', 'TRD_GRP_022', 'TRD_GRP_023', 'TRD_GRP_024', 'TRD_GRP_025', 'TRD_GRP_026', 'TRD_GRP_027', 'TRD_GRP_028', 'TRD_GRP_029', 'TRD_GRP_030', 'TRD_GRP_031', 'TRD_GRP_032', 'TRD_GRP_033', 'TRD_GRP_034', 'TRD_GRP_035', 'TRD_GRP_036', 'TRD_GRP_037', 'TRD_GRP_038', 'TRD_GRP_039', 'TRD_GRP_040', 'TRD_GRP_041', 'TRD_GRP_042', 'TRD_GRP_043', 'TRD_GRP_044', 'TRD_GRP_045', 'TRD_GRP_046', 'TRD_GRP_047', 'TRD_GRP_048', 'TRD_GRP_049', 'TRD_GRP_050', 'TRD_GRP_051', 'TRD_GRP_052', 'TRD_GRP_053', 'TRD_GRP_054', 'TRD_GRP_055', 'TRD_GRP_056', 'TRD_GRP_057', 'TRD_GRP_058', 'TRD_GRP_059', 'TRD_GRP_060', 'TRD_GRP_061', 'TRD_GRP_062', 'TRD_GRP_063', 'TRD_GRP_064', 'TRD_GRP_065', 'TRD_GRP_066', 'TRD_GRP_067', 'TRD_GRP_068', 'TRD_GRP_069', 'TRD_GRP_070', 'TRD_GRP_071', 'TRD_GRP_072', 'TRD_GRP_073', 'TRD_GRP_074', 'TRD_GRP_075', 'TRD_GRP_076', 'TRD_GRP_077', 'TRD_GRP_078', 'TRD_GRP_079', 'TRD_GRP_080', 'TRD_GRP_081', 'TRD_GRP_082', 'TRD_GRP_083', 'TRD_GRP_084', 'TRD_GRP_085', 'TRD_GRP_086', 'TRD_GRP_087', 'TRD_GRP_088', 'TRD_GRP_089', 'TRD_GRP_090', 'TRD_GRP_091', 'TRD_GRP_092', 'TRD_GRP_093', 'TRD_GRP_094', 'TRD_GRP_095', 'TRD_GRP_096', 'TRD_GRP_097', 'TRD_GRP_098', 'TRD_GRP_099', 'TRD_GRP_100', 'TRD_GRP_101', 'TRD_GRP_102', 'TRD_GRP_103', 'TRD_GRP_104', 'TRD_GRP_105', 'TRD_GRP_106', 'TRD_GRP_107', 'TRD_GRP_108', 'TRD_GRP_109', 'TRD_GRP_110', 'TRD_GRP_111', 'TRD_GRP_112', 'TRD_GRP_113', 'TRD_GRP_114', 'TRD_GRP_115', 'TRD_GRP_116', 'TRD_GRP_117', 'TRD_GRP_118', 'TRD_GRP_119', 'TRD_GRP_120', 'TRD_GRP_121', 'TRD_GRP_122', 'TRD_GRP_123', 'TRD_GRP_124', 'TRD_GRP_125', 'TRD_GRP_126', 'TRD_GRP_127', 'TRD_GRP_128', 'TRD_GRP_129', 'TRD_GRP_130', 'TRD_GRP_131', 'TRD_GRP_132', 'TRD_GRP_133', 'TRD_GRP_134', 'TRD_GRP_135', 'TRD_GRP_136', 'TRD_GRP_137', 'TRD_GRP_138', 'TRD_GRP_139', 'TRD_GRP_140', 'TRD_GRP_141', 'TRD_GRP_142', 'TRD_GRP_143', 'TRD_GRP_144', 'TRD_GRP_145', 'TRD_GRP_146', 'TRD_GRP_147', 'TRD_GRP_148', 'TRD_GRP_149', 'TRD_GRP_150', 'TRD_GRP_151', 'TRD_GRP_152', 'TRD_GRP_153', 'TRD_GRP_154', 'TRD_GRP_155', 'TRD_GRP_156', 'TRD_GRP_157', 'TRD_GRP_158', 'TRD_GRP_159', 'TRD_GRP_160', 'TRD_GRP_161', 'TRD_GRP_162', 'TRD_GRP_163', 'TRD_GRP_164', 'TRD_GRP_165', 'TRD_GRP_166', 'TRD_GRP_167', 'TRD_GRP_168', 'TRD_GRP_169', 'TRD_GRP_170', 'TRD_GRP_171', 'TRD_GRP_172', 'TRD_GRP_173', 'TRD_GRP_174', 'TRD_GRP_175', 'TRD_GRP_176', 'TRD_GRP_177', 'TRD_GRP_178', 'TRD_GRP_179', 'TRD_GRP_180', 'TRD_GRP_181', 'TRD_GRP_182', 'TRD_GRP_183', 'TRD_GRP_184', 'TRD_GRP_185', 'TRD_GRP_186', 'TRD_GRP_187', 'TRD_GRP_188', 'TRD_GRP_189', 'TRD_GRP_190', 'TRD_GRP_191', 'TRD_GRP_192', 'TRD_GRP_193', 'TRD_GRP_194', 'TRD_GRP_195', 'TRD_GRP_196', 'TRD_GRP_197', 'TRD_GRP_198', 'TRD_GRP_199', 'TRD_GRP_200', 'TRD_GRP_201', 'TRD_GRP_202', 'TRD_GRP_203', 'TRD_GRP_204', 'TRD_GRP_205', 'TRD_GRP_206', 'TRD_GRP_207', 'TRD_GRP_208', 'TRD_GRP_209', 'TRD_GRP_210', 'TRD_GRP_211', 'TRD_GRP_212', 'TRD_GRP_213', 'TRD_GRP_214', 'TRD_GRP_215', 'TRD_GRP_216', 'TRD_GRP_217', 'TRD_GRP_218', 'TRD_GRP_219', 'TRD_GRP_220', 'TRD_GRP_221', 'TRD_GRP_222', 'TRD_GRP_223', 'TRD_GRP_224', 'TRD_GRP_225', 'TRD_GRP_226', 'TRD_GRP_227', 'TRD_GRP_228', 'TRD_GRP_229', 'TRD_GRP_230', 'TRD_GRP_231', 'TRD_GRP_232', 'TRD_GRP_233', 'TRD_GRP_234', 'TRD_GRP_235']], 'defaultSelfTradePreventionMode': 'EXPIRE_MAKER', 'allowedSelfTradePreventionModes': ['EXPIRE_TAKER', 'EXPIRE_MAKER', 'EXPIRE_BOTH']}
2025-01-18 01:25:24,762 - WARNING - \u26a0\ufe0f Filtro MIN_NOTIONAL não encontrado para ETHUSDT.
2025-01-18 01:25:25,551 - WARNING - \u26a0\ufe0f Não foi possível determinar o valor mínimo de compra para ETHUSDT.
2025-01-18 01:25:57,294 - INFO - \U0001f50d Informações da Binance para BTCUSDT: {'symbol': 'BTCUSDT', 'status': 'TRADING', 'baseAsset': 'BTC', 'baseAssetPrecision': 8, 'quoteAsset': 'USDT', 'quotePrecision': 8, 'quoteAssetPrecision': 8, 'baseCommissionPrecision': 8, 'quoteCommissionPrecision': 8, 'orderTypes': ['LIMIT', 'LIMIT_MAKER', 'MARKET', 'STOP_LOSS', 'STOP_LOSS_LIMIT', 'TAKE_PROFIT', 'TAKE_PROFIT_LIMIT'], 'icebergAllowed': True, 'ocoAllowed': True, 'otoAllowed': True, 'quoteOrderQtyMarketAllowed': True, 'allowTrailingStop': True, 'cancelReplaceAllowed': True, 'isSpotTradingAllowed': True, 'isMarginTradingAllowed': True, 'filters': [{'filterType': 'PRICE_FILTER', 'minPrice': '0.01000000', 'maxPrice': '1000000.00000000', 'tickSize': '0.01000000'}, {'filterType': 'LOT_SIZE', 'minQty': '0.00001000', 'maxQty': '9000.00000000', 'stepSize': '0.00001000'}, {'filterType': 'ICEBERG_PARTS', 'limit': 10}, {'filterType': 'MARKET_LOT_SIZE', 'minQty': '0.00000000', 'maxQty': '89.67500095', 'stepSize': '0.00000000'}, {'filterType': 'TRAILING_DELTA', 'minTrailingAboveDelta': 10, 'maxTrailingAboveDelta': 2000, 'minTrailingBelowDelta': 10, 'maxTrailingBelowDelta': 2000}, {'filterType': 'PERCENT_PRICE_BY_SIDE', 'bidMultiplierUp': '5', 'bidMultiplierDown': '0.2', 'askMultiplierUp': '5', 'askMultiplierDown': '0.2', 'avgPriceMins': 5}, {'filterType': 'NOTIONAL', 'minNotional': '5.00000000', 'applyMinToMarket': True, 'maxNotional': '9000000.00000000', 'applyMaxToMarket': False, 'avgPriceMins': 5}, {'filterType': 'MAX_NUM_ORDERS', 'maxNumOrders': 200}, {'filterType': 'MAX_NUM_ALGO_ORDERS', 'maxNumAlgoOrders': 5}], 'permissions': [], 'permissionSets': [['SPOT', 'MARGIN', 'TRD_GRP_004', 'TRD_GRP_005', 'TRD_GRP_006', 'TRD_GRP_009', 'TRD_GRP_010', 'TRD_GRP_011', 'TRD_GRP_012', 'TRD_GRP_013', 'TRD_GRP_014', 'TRD_GRP_015', 'TRD_GRP_016', 'TRD_GRP_017', 'TRD_GRP_018', 'TRD_GRP_019', 'TRD_GRP_020', 'TRD_GRP_021', 'TRD_GRP_022', 'TRD_GRP_023', 'TRD_GRP_024', 'TRD_GRP_025', 'TRD_GRP_026', 'TRD_GRP_027', 'TRD_GRP_028', 'TRD_GRP_029', 'TRD_GRP_030', 'TRD_GRP_031', 'TRD_GRP_032', 'TRD_GRP_033', 'TRD_GRP_034', 'TRD_GRP_035', 'TRD_GRP_036', 'TRD_GRP_037', 'TRD_GRP_038', 'TRD_GRP_039', 'TRD_GRP_040', 'TRD_GRP_041', 'TRD_GRP_042', 'TRD_GRP_043', 'TRD_GRP_044', 'TRD_GRP_045', 'TRD_GRP_046', 'TRD_GRP_047', 'TRD_GRP_048', 'TRD_GRP_049', 'TRD_GRP_050', 'TRD_GRP_051', 'TRD_GRP_052', 'TRD_GRP_053', 'TRD_GRP_054', 'TRD_GRP_055', 'TRD_GRP_056', 'TRD_GRP_057', 'TRD_GRP_058', 'TRD_GRP_059', 'TRD_GRP_060', 'TRD_GRP_061', 'TRD_GRP_062', 'TRD_GRP_063', 'TRD_GRP_064', 'TRD_GRP_065', 'TRD_GRP_066', 'TRD_GRP_067', 'TRD_GRP_068', 'TRD_GRP_069', 'TRD_GRP_070', 'TRD_GRP_071', 'TRD_GRP_072', 'TRD_GRP_073', 'TRD_GRP_074', 'TRD_GRP_075', 'TRD_GRP_076', 'TRD_GRP_077', 'TRD_GRP_078', 'TRD_GRP_079', 'TRD_GRP_080', 'TRD_GRP_081', 'TRD_GRP_082', 'TRD_GRP_083', 'TRD_GRP_084', 'TRD_GRP_085', 'TRD_GRP_086', 'TRD_GRP_087', 'TRD_GRP_088', 'TRD_GRP_089', 'TRD_GRP_090', 'TRD_GRP_091', 'TRD_GRP_092', 'TRD_GRP_093', 'TRD_GRP_094', 'TRD_GRP_095', 'TRD_GRP_096', 'TRD_GRP_097', 'TRD_GRP_098', 'TRD_GRP_099', 'TRD_GRP_100', 'TRD_GRP_101', 'TRD_GRP_102', 'TRD_GRP_103', 'TRD_GRP_104', 'TRD_GRP_105', 'TRD_GRP_106', 'TRD_GRP_107', 'TRD_GRP_108', 'TRD_GRP_109', 'TRD_GRP_110', 'TRD_GRP_111', 'TRD_GRP_112', 'TRD_GRP_113', 'TRD_GRP_114', 'TRD_GRP_115', 'TRD_GRP_116', 'TRD_GRP_117', 'TRD_GRP_118', 'TRD_GRP_119', 'TRD_GRP_120', 'TRD_GRP_121', 'TRD_GRP_122', 'TRD_GRP_123', 'TRD_GRP_124', 'TRD_GRP_125', 'TRD_GRP_126', 'TRD_GRP_127', 'TRD_GRP_128', 'TRD_GRP_129', 'TRD_GRP_130', 'TRD_GRP_131', 'TRD_GRP_132', 'TRD_GRP_133', 'TRD_GRP_134', 'TRD_GRP_135', 'TRD_GRP_136', 'TRD_GRP_137', 'TRD_GRP_138', 'TRD_GRP_139', 'TRD_GRP_140', 'TRD_GRP_141', 'TRD_GRP_142', 'TRD_GRP_143', 'TRD_GRP_144', 'TRD_GRP_145', 'TRD_GRP_146', 'TRD_GRP_147', 'TRD_GRP_148', 'TRD_GRP_149', 'TRD_GRP_150', 'TRD_GRP_151', 'TRD_GRP_152', 'TRD_GRP_153', 'TRD_GRP_154', 'TRD_GRP_155', 'TRD_GRP_156', 'TRD_GRP_157', 'TRD_GRP_158', 'TRD_GRP_159', 'TRD_GRP_160', 'TRD_GRP_161', 'TRD_GRP_162', 'TRD_GRP_163', 'TRD_GRP_164', 'TRD_GRP_165', 'TRD_GRP_166', 'TRD_GRP_167', 'TRD_GRP_168', 'TRD_GRP_169', 'TRD_GRP_170', 'TRD_GRP_171', 'TRD_GRP_172', 'TRD_GRP_173', 'TRD_GRP_174', 'TRD_GRP_175', 'TRD_GRP_176', 'TRD_GRP_177', 'TRD_GRP_178', 'TRD_GRP_179', 'TRD_GRP_180', 'TRD_GRP_181', 'TRD_GRP_182', 'TRD_GRP_183', 'TRD_GRP_184', 'TRD_GRP_185', 'TRD_GRP_186', 'TRD_GRP_187', 'TRD_GRP_188', 'TRD_GRP_189', 'TRD_GRP_190', 'TRD_GRP_191', 'TRD_GRP_192', 'TRD_GRP_193', 'TRD_GRP_194', 'TRD_GRP_195', 'TRD_GRP_196', 'TRD_GRP_197', 'TRD_GRP_198', 'TRD_GRP_199', 'TRD_GRP_200', 'TRD_GRP_201', 'TRD_GRP_202', 'TRD_GRP_203', 'TRD_GRP_204', 'TRD_GRP_205', 'TRD_GRP_206', 'TRD_GRP_207', 'TRD_GRP_208', 'TRD_GRP_209', 'TRD_GRP_210', 'TRD_GRP_211', 'TRD_GRP_212', 'TRD_GRP_213', 'TRD_GRP_214', 'TRD_GRP_215', 'TRD_GRP_216', 'TRD_GRP_217', 'TRD_GRP_218', 'TRD_GRP_219', 'TRD_GRP_220', 'TRD_GRP_221', 'TRD_GRP_222', 'TRD_GRP_223', 'TRD_GRP_224', 'TRD_GRP_225', 'TRD_GRP_226', 'TRD_GRP_227', 'TRD_GRP_228', 'TRD_GRP_229', 'TRD_GRP_230', 'TRD_GRP_231', 'TRD_GRP_232', 'TRD_GRP_233', 'TRD_GRP_234', 'TRD_GRP_235']], 'defaultSelfTradePreventionMode': 'EXPIRE_MAKER', 'allowedSelfTradePreventionModes': ['EXPIRE_TAKER', 'EXPIRE_MAKER', 'EXPIRE_BOTH']}
2025-01-18 01:25:57,295 - WARNING - \u26a0\ufe0f Filtro MIN_NOTIONAL não encontrado para BTCUSDT.
2025-01-18 01:25:58,102 - WARNING - \u26a0\ufe0f Não foi possível determinar o valor mínimo de compra para BTCUSDT.
2025-01-18 01:25:59,058 - INFO - \U0001f50d Informações da Binance para ETHUSDT: {'symbol': 'ETHUSDT', 'status': 'TRADING', 'baseAsset': 'ETH', 'baseAssetPrecision': 8, 'quoteAsset': 'USDT', 'quotePrecision': 8, 'quoteAssetPrecision': 8, 'baseCommissionPrecision': 8, 'quoteCommissionPrecision': 8, 'orderTypes': ['LIMIT', 'LIMIT_MAKER', 'MARKET', 'STOP_LOSS', 'STOP_LOSS_LIMIT', 'TAKE_PROFIT', 'TAKE_PROFIT_LIMIT'], 'icebergAllowed': True, 'ocoAllowed': True, 'otoAllowed': True, 'quoteOrderQtyMarketAllowed': True, 'allowTrailingStop': True, 'cancelReplaceAllowed': True, 'isSpotTradingAllowed': True, 'isMarginTradingAllowed': True, 'filters': [{'filterType': 'PRICE_FILTER', 'minPrice': '0.01000000', 'maxPrice': '1000000.00000000', 'tickSize': '0.01000000'}, {'filterType': 'LOT_SIZE', 'minQty': '0.00010000', 'maxQty': '9000.00000000', 'stepSize': '0.00010000'}, {'filterType': 'ICEBERG_PARTS', 'limit': 10}, {'filterType': 'MARKET_LOT_SIZE', 'minQty': '0.00000000', 'maxQty': '2418.75700375', 'stepSize': '0.00000000'}, {'filterType': 'TRAILING_DELTA', 'minTrailingAboveDelta': 10, 'maxTrailingAboveDelta': 2000, 'minTrailingBelowDelta': 10, 'maxTrailingBelowDelta': 2000}, {'filterType': 'PERCENT_PRICE_BY_SIDE', 'bidMultiplierUp': '5', 'bidMultiplierDown': '0.2', 'askMultiplierUp': '5', 'askMultiplierDown': '0.2', 'avgPriceMins': 5}, {'filterType': 'NOTIONAL', 'minNotional': '5.00000000', 'applyMinToMarket': True, 'maxNotional': '9000000.00000000', 'applyMaxToMarket': False, 'avgPriceMins': 5}, {'filterType': 'MAX_NUM_ORDERS', 'maxNumOrders': 200}, {'filterType': 'MAX_NUM_ALGO_ORDERS', 'maxNumAlgoOrders': 5}], 'permissions': [], 'permissionSets': [['SPOT', 'MARGIN', 'TRD_GRP_004', 'TRD_GRP_005', 'TRD_GRP_006', 'TRD_GRP_009', 'TRD_GRP_010', 'TRD_GRP_011', 'TRD_GRP_012', 'TRD_GRP_013', 'TRD_GRP_014', 'TRD_GRP_015', 'TRD_GRP_016', 'TRD_GRP_017', 'TRD_GRP_018', 'TRD_GRP_019', 'TRD_GRP_020', 'TRD_GRP_021', 'TRD_GRP_022', 'TRD_GRP_023', 'TRD_GRP_024', 'TRD_GRP_025', 'TRD_GRP_026', 'TRD_GRP_027', 'TRD_GRP_028', 'TRD_GRP_029', 'TRD_GRP_030', 'TRD_GRP_031', 'TRD_GRP_032', 'TRD_GRP_033', 'TRD_GRP_034', 'TRD_GRP_035', 'TRD_GRP_036', 'TRD_GRP_037', 'TRD_GRP_038', 'TRD_GRP_039', 'TRD_GRP_040', 'TRD_GRP_041', 'TRD_GRP_042', 'TRD_GRP_043', 'TRD_GRP_044', 'TRD_GRP_045', 'TRD_GRP_046', 'TRD_GRP_047', 'TRD_GRP_048', 'TRD_GRP_049', 'TRD_GRP_050', 'TRD_GRP_051', 'TRD_GRP_052', 'TRD_GRP_053', 'TRD_GRP_054', 'TRD_GRP_055', 'TRD_GRP_056', 'TRD_GRP_057', 'TRD_GRP_058', 'TRD_GRP_059', 'TRD_GRP_060', 'TRD_GRP_061', 'TRD_GRP_062', 'TRD_GRP_063', 'TRD_GRP_064', 'TRD_GRP_065', 'TRD_GRP_066', 'TRD_GRP_067', 'TRD_GRP_068', 'TRD_GRP_069', 'TRD_GRP_070', 'TRD_GRP_071', 'TRD_GRP_072', 'TRD_GRP_073', 'TRD_GRP_074', 'TRD_GRP_075', 'TRD_GRP_076', 'TRD_GRP_077', 'TRD_GRP_078', 'TRD_GRP_079', 'TRD_GRP_080', 'TRD_GRP_081', 'TRD_GRP_082', 'TRD_GRP_083', 'TRD_GRP_084', 'TRD_GRP_085', 'TRD_GRP_086', 'TRD_GRP_087', 'TRD_GRP_088', 'TRD_GRP_089', 'TRD_GRP_090', 'TRD_GRP_091', 'TRD_GRP_092', 'TRD_GRP_093', 'TRD_GRP_094', 'TRD_GRP_095', 'TRD_GRP_096', 'TRD_GRP_097', 'TRD_GRP_098', 'TRD_GRP_099', 'TRD_GRP_100', 'TRD_GRP_101', 'TRD_GRP_102', 'TRD_GRP_103', 'TRD_GRP_104', 'TRD_GRP_105', 'TRD_GRP_106', 'TRD_GRP_107', 'TRD_GRP_108', 'TRD_GRP_109', 'TRD_GRP_110', 'TRD_GRP_111', 'TRD_GRP_112', 'TRD_GRP_113', 'TRD_GRP_114', 'TRD_GRP_115', 'TRD_GRP_116', 'TRD_GRP_117', 'TRD_GRP_118', 'TRD_GRP_119', 'TRD_GRP_120', 'TRD_GRP_121', 'TRD_GRP_122', 'TRD_GRP_123', 'TRD_GRP_124', 'TRD_GRP_125', 'TRD_GRP_126', 'TRD_GRP_127', 'TRD_GRP_128', 'TRD_GRP_129', 'TRD_GRP_130', 'TRD_GRP_131', 'TRD_GRP_132', 'TRD_GRP_133', 'TRD_GRP_134', 'TRD_GRP_135', 'TRD_GRP_136', 'TRD_GRP_137', 'TRD_GRP_138', 'TRD_GRP_139', 'TRD_GRP_140', 'TRD_GRP_141', 'TRD_GRP_142', 'TRD_GRP_143', 'TRD_GRP_144', 'TRD_GRP_145', 'TRD_GRP_146', 'TRD_GRP_147', 'TRD_GRP_148', 'TRD_GRP_149', 'TRD_GRP_150', 'TRD_GRP_151', 'TRD_GRP_152', 'TRD_GRP_153', 'TRD_GRP_154', 'TRD_GRP_155', 'TRD_GRP_156', 'TRD_GRP_157', 'TRD_GRP_158', 'TRD_GRP_159', 'TRD_GRP_160', 'TRD_GRP_161', 'TRD_GRP_162', 'TRD_GRP_163', 'TRD_GRP_164', 'TRD_GRP_165', 'TRD_GRP_166', 'TRD_GRP_167', 'TRD_GRP_168', 'TRD_GRP_169', 'TRD_GRP_170', 'TRD_GRP_171', 'TRD_GRP_172', 'TRD_GRP_173', 'TRD_GRP_174', 'TRD_GRP_175', 'TRD_GRP_176', 'TRD_GRP_177', 'TRD_GRP_178', 'TRD_GRP_179', 'TRD_GRP_180', 'TRD_GRP_181', 'TRD_GRP_182', 'TRD_GRP_183', 'TRD_GRP_184', 'TRD_GRP_185', 'TRD_GRP_186', 'TRD_GRP_187', 'TRD_GRP_188', 'TRD_GRP_189', 'TRD_GRP_190', 'TRD_GRP_191', 'TRD_GRP_192', 'TRD_GRP_193', 'TRD_GRP_194', 'TRD_GRP_195', 'TRD_GRP_196', 'TRD_GRP_197', 'TRD_GRP_198', 'TRD_GRP_199', 'TRD_GRP_200', 'TRD_GRP_201', 'TRD_GRP_202', 'TRD_GRP_203', 'TRD_GRP_204', 'TRD_GRP_205', 'TRD_GRP_206', 'TRD_GRP_207', 'TRD_GRP_208', 'TRD_GRP_209', 'TRD_GRP_210', 'TRD_GRP_211', 'TRD_GRP_212', 'TRD_GRP_213', 'TRD_GRP_214', 'TRD_GRP_215', 'TRD_GRP_216', 'TRD_GRP_217', 'TRD_GRP_218', 'TRD_GRP_219', 'TRD_GRP_220', 'TRD_GRP_221', 'TRD_GRP_222', 'TRD_GRP_223', 'TRD_GRP_224', 'TRD_GRP_225', 'TRD_GRP_226', 'TRD_GRP_227', 'TRD_GRP_228', 'TRD_GRP_229', 'TRD_GRP_230', 'TRD_GRP_231', 'TRD_GRP_232', 'TRD_GRP_233', 'TRD_GRP_234', 'TRD_GRP_235']], 'defaultSelfTradePreventionMode': 'EXPIRE_MAKER', 'allowedSelfTradePreventionModes': ['EXPIRE_TAKER', 'EXPIRE_MAKER', 'EXPIRE_BOTH']}
2025-01-18 01:25:59,058 - WARNING - \u26a0\ufe0f Filtro MIN_NOTIONAL não encontrado para ETHUSDT.
2025-01-18 01:26:00,082 - WARNING - \u26a0\ufe0f Não foi possível determinar o valor mínimo de compra para ETHUSDT.
2025-01-18 01:26:32,157 - INFO - \U0001f50d Informações da Binance para BTCUSDT: {'symbol': 'BTCUSDT', 'status': 'TRADING', 'baseAsset': 'BTC', 'baseAssetPrecision': 8, 'quoteAsset': 'USDT', 'quotePrecision': 8, 'quoteAssetPrecision': 8, 'baseCommissionPrecision': 8, 'quoteCommissionPrecision': 8, 'orderTypes': ['LIMIT', 'LIMIT_MAKER', 'MARKET', 'STOP_LOSS', 'STOP_LOSS_LIMIT', 'TAKE_PROFIT', 'TAKE_PROFIT_LIMIT'], 'icebergAllowed': True, 'ocoAllowed': True, 'otoAllowed': True, 'quoteOrderQtyMarketAllowed': True, 'allowTrailingStop': True, 'cancelReplaceAllowed': True, 'isSpotTradingAllowed': True, 'isMarginTradingAllowed': True, 'filters': [{'filterType': 'PRICE_FILTER', 'minPrice': '0.01000000', 'maxPrice': '1000000.00000000', 'tickSize': '0.01000000'}, {'filterType': 'LOT_SIZE', 'minQty': '0.00001000', 'maxQty': '9000.00000000', 'stepSize': '0.00001000'}, {'filterType': 'ICEBERG_PARTS', 'limit': 10}, {'filterType': 'MARKET_LOT_SIZE', 'minQty': '0.00000000', 'maxQty': '89.67500095', 'stepSize': '0.00000000'}, {'filterType': 'TRAILING_DELTA', 'minTrailingAboveDelta': 10, 'maxTrailingAboveDelta': 2000, 'minTrailingBelowDelta': 10, 'maxTrailingBelowDelta': 2000}, {'filterType': 'PERCENT_PRICE_BY_SIDE', 'bidMultiplierUp': '5', 'bidMultiplierDown': '0.2', 'askMultiplierUp': '5', 'askMultiplierDown': '0.2', 'avgPriceMins': 5}, {'filterType': 'NOTIONAL', 'minNotional': '5.00000000', 'applyMinToMarket': True, 'maxNotional': '9000000.00000000', 'applyMaxToMarket': False, 'avgPriceMins': 5}, {'filterType': 'MAX_NUM_ORDERS', 'maxNumOrders': 200}, {'filterType': 'MAX_NUM_ALGO_ORDERS', 'maxNumAlgoOrders': 5}], 'permissions': [], 'permissionSets': [['SPOT', 'MARGIN', 'TRD_GRP_004', 'TRD_GRP_005', 'TRD_GRP_006', 'TRD_GRP_009', 'TRD_GRP_010', 'TRD_GRP_011', 'TRD_GRP_012', 'TRD_GRP_013', 'TRD_GRP_014', 'TRD_GRP_015', 'TRD_GRP_016', 'TRD_GRP_017', 'TRD_GRP_018', 'TRD_GRP_019', 'TRD_GRP_020', 'TRD_GRP_021', 'TRD_GRP_022', 'TRD_GRP_023', 'TRD_GRP_024', 'TRD_GRP_025', 'TRD_GRP_026', 'TRD_GRP_027', 'TRD_GRP_028', 'TRD_GRP_029', 'TRD_GRP_030', 'TRD_GRP_031', 'TRD_GRP_032', 'TRD_GRP_033', 'TRD_GRP_034', 'TRD_GRP_035', 'TRD_GRP_036', 'TRD_GRP_037', 'TRD_GRP_038', 'TRD_GRP_039', 'TRD_GRP_040', 'TRD_GRP_041', 'TRD_GRP_042', 'TRD_GRP_043', 'TRD_GRP_044', 'TRD_GRP_045', 'TRD_GRP_046', 'TRD_GRP_047', 'TRD_GRP_048', 'TRD_GRP_049', 'TRD_GRP_050', 'TRD_GRP_051', 'TRD_GRP_052', 'TRD_GRP_053', 'TRD_GRP_054', 'TRD_GRP_055', 'TRD_GRP_056', 'TRD_GRP_057', 'TRD_GRP_058', 'TRD_GRP_059', 'TRD_GRP_060', 'TRD_GRP_061', 'TRD_GRP_062', 'TRD_GRP_063', 'TRD_GRP_064', 'TRD_GRP_065', 'TRD_GRP_066', 'TRD_GRP_067', 'TRD_GRP_068', 'TRD_GRP_069', 'TRD_GRP_070', 'TRD_GRP_071', 'TRD_GRP_072', 'TRD_GRP_073', 'TRD_GRP_074', 'TRD_GRP_075', 'TRD_GRP_076', 'TRD_GRP_077', 'TRD_GRP_078', 'TRD_GRP_079', 'TRD_GRP_080', 'TRD_GRP_081', 'TRD_GRP_082', 'TRD_GRP_083', 'TRD_GRP_084', 'TRD_GRP_085', 'TRD_GRP_086', 'TRD_GRP_087', 'TRD_GRP_088', 'TRD_GRP_089', 'TRD_GRP_090', 'TRD_GRP_091', 'TRD_GRP_092', 'TRD_GRP_093', 'TRD_GRP_094', 'TRD_GRP_095', 'TRD_GRP_096', 'TRD_GRP_097', 'TRD_GRP_098', 'TRD_GRP_099', 'TRD_GRP_100', 'TRD_GRP_101', 'TRD_GRP_102', 'TRD_GRP_103', 'TRD_GRP_104', 'TRD_GRP_105', 'TRD_GRP_106', 'TRD_GRP_107', 'TRD_GRP_108', 'TRD_GRP_109', 'TRD_GRP_110', 'TRD_GRP_111', 'TRD_GRP_112', 'TRD_GRP_113', 'TRD_GRP_114', 'TRD_GRP_115', 'TRD_GRP_116', 'TRD_GRP_117', 'TRD_GRP_118', 'TRD_GRP_119', 'TRD_GRP_120', 'TRD_GRP_121', 'TRD_GRP_122', 'TRD_GRP_123', 'TRD_GRP_124', 'TRD_GRP_125', 'TRD_GRP_126', 'TRD_GRP_127', 'TRD_GRP_128', 'TRD_GRP_129', 'TRD_GRP_130', 'TRD_GRP_131', 'TRD_GRP_132', 'TRD_GRP_133', 'TRD_GRP_134', 'TRD_GRP_135', 'TRD_GRP_136', 'TRD_GRP_137', 'TRD_GRP_138', 'TRD_GRP_139', 'TRD_GRP_140', 'TRD_GRP_141', 'TRD_GRP_142', 'TRD_GRP_143', 'TRD_GRP_144', 'TRD_GRP_145', 'TRD_GRP_146', 'TRD_GRP_147', 'TRD_GRP_148', 'TRD_GRP_149', 'TRD_GRP_150', 'TRD_GRP_151', 'TRD_GRP_152', 'TRD_GRP_153', 'TRD_GRP_154', 'TRD_GRP_155', 'TRD_GRP_156', 'TRD_GRP_157', 'TRD_GRP_158', 'TRD_GRP_159', 'TRD_GRP_160', 'TRD_GRP_161', 'TRD_GRP_162', 'TRD_GRP_163', 'TRD_GRP_164', 'TRD_GRP_165', 'TRD_GRP_166', 'TRD_GRP_167', 'TRD_GRP_168', 'TRD_GRP_169', 'TRD_GRP_170', 'TRD_GRP_171', 'TRD_GRP_172', 'TRD_GRP_173', 'TRD_GRP_174', 'TRD_GRP_175', 'TRD_GRP_176', 'TRD_GRP_177', 'TRD_GRP_178', 'TRD_GRP_179', 'TRD_GRP_180', 'TRD_GRP_181', 'TRD_GRP_182', 'TRD_GRP_183', 'TRD_GRP_184', 'TRD_GRP_185', 'TRD_GRP_186', 'TRD_GRP_187', 'TRD_GRP_188', 'TRD_GRP_189', 'TRD_GRP_190', 'TRD_GRP_191', 'TRD_GRP_192', 'TRD_GRP_193', 'TRD_GRP_194', 'TRD_GRP_195', 'TRD_GRP_196', 'TRD_GRP_197', 'TRD_GRP_198', 'TRD_GRP_199', 'TRD_GRP_200', 'TRD_GRP_201', 'TRD_GRP_202', 'TRD_GRP_203', 'TRD_GRP_204', 'TRD_GRP_205', 'TRD_GRP_206', 'TRD_GRP_207', 'TRD_GRP_208', 'TRD_GRP_209', 'TRD_GRP_210', 'TRD_GRP_211', 'TRD_GRP_212', 'TRD_GRP_213', 'TRD_GRP_214', 'TRD_GRP_215', 'TRD_GRP_216', 'TRD_GRP_217', 'TRD_GRP_218', 'TRD_GRP_219', 'TRD_GRP_220', 'TRD_GRP_221', 'TRD_GRP_222', 'TRD_GRP_223', 'TRD_GRP_224', 'TRD_GRP_225', 'TRD_GRP_226', 'TRD_GRP_227', 'TRD_GRP_228', 'TRD_GRP_229', 'TRD_GRP_230', 'TRD_GRP_231', 'TRD_GRP_232', 'TRD_GRP_233', 'TRD_GRP_234', 'TRD_GRP_235']], 'defaultSelfTradePreventionMode': 'EXPIRE_MAKER', 'allowedSelfTradePreventionModes': ['EXPIRE_TAKER', 'EXPIRE_MAKER', 'EXPIRE_BOTH']}
2025-01-18 01:26:32,157 - WARNING - \u26a0\ufe0f Filtro MIN_NOTIONAL não encontrado para BTCUSDT.
2025-01-18 01:26:32,926 - WARNING - \u26a0\ufe0f Não foi possível determinar o valor mínimo de compra para BTCUSDT.
2025-01-18 01:26:33,695 - INFO - \U0001f50d Informações da Binance para ETHUSDT: {'symbol': 'ETHUSDT', 'status': 'TRADING', 'baseAsset': 'ETH', 'baseAssetPrecision': 8, 'quoteAsset': 'USDT', 'quotePrecision': 8, 'quoteAssetPrecision': 8, 'baseCommissionPrecision': 8, 'quoteCommissionPrecision': 8, 'orderTypes': ['LIMIT', 'LIMIT_MAKER', 'MARKET', 'STOP_LOSS', 'STOP_LOSS_LIMIT', 'TAKE_PROFIT', 'TAKE_PROFIT_LIMIT'], 'icebergAllowed': True, 'ocoAllowed': True, 'otoAllowed': True, 'quoteOrderQtyMarketAllowed': True, 'allowTrailingStop': True, 'cancelReplaceAllowed': True, 'isSpotTradingAllowed': True, 'isMarginTradingAllowed': True, 'filters': [{'filterType': 'PRICE_FILTER', 'minPrice': '0.01000000', 'maxPrice': '1000000.00000000', 'tickSize': '0.01000000'}, {'filterType': 'LOT_SIZE', 'minQty': '0.00010000', 'maxQty': '9000.00000000', 'stepSize': '0.00010000'}, {'filterType': 'ICEBERG_PARTS', 'limit': 10}, {'filterType': 'MARKET_LOT_SIZE', 'minQty': '0.00000000', 'maxQty': '2418.75700375', 'stepSize': '0.00000000'}, {'filterType': 'TRAILING_DELTA', 'minTrailingAboveDelta': 10, 'maxTrailingAboveDelta': 2000, 'minTrailingBelowDelta': 10, 'maxTrailingBelowDelta': 2000}, {'filterType': 'PERCENT_PRICE_BY_SIDE', 'bidMultiplierUp': '5', 'bidMultiplierDown': '0.2', 'askMultiplierUp': '5', 'askMultiplierDown': '0.2', 'avgPriceMins': 5}, {'filterType': 'NOTIONAL', 'minNotional': '5.00000000', 'applyMinToMarket': True, 'maxNotional': '9000000.00000000', 'applyMaxToMarket': False, 'avgPriceMins': 5}, {'filterType': 'MAX_NUM_ORDERS', 'maxNumOrders': 200}, {'filterType': 'MAX_NUM_ALGO_ORDERS', 'maxNumAlgoOrders': 5}], 'permissions': [], 'permissionSets': [['SPOT', 'MARGIN', 'TRD_GRP_004', 'TRD_GRP_005', 'TRD_GRP_006', 'TRD_GRP_009', 'TRD_GRP_010', 'TRD_GRP_011', 'TRD_GRP_012', 'TRD_GRP_013', 'TRD_GRP_014', 'TRD_GRP_015', 'TRD_GRP_016', 'TRD_GRP_017', 'TRD_GRP_018', 'TRD_GRP_019', 'TRD_GRP_020', 'TRD_GRP_021', 'TRD_GRP_022', 'TRD_GRP_023', 'TRD_GRP_024', 'TRD_GRP_025', 'TRD_GRP_026', 'TRD_GRP_027', 'TRD_GRP_028', 'TRD_GRP_029', 'TRD_GRP_030', 'TRD_GRP_031', 'TRD_GRP_032', 'TRD_GRP_033', 'TRD_GRP_034', 'TRD_GRP_035', 'TRD_GRP_036', 'TRD_GRP_037', 'TRD_GRP_038', 'TRD_GRP_039', 'TRD_GRP_040', 'TRD_GRP_041', 'TRD_GRP_042', 'TRD_GRP_043', 'TRD_GRP_044', 'TRD_GRP_045', 'TRD_GRP_046', 'TRD_GRP_047', 'TRD_GRP_048', 'TRD_GRP_049', 'TRD_GRP_050', 'TRD_GRP_051', 'TRD_GRP_052', 'TRD_GRP_053', 'TRD_GRP_054', 'TRD_GRP_055', 'TRD_GRP_056', 'TRD_GRP_057', 'TRD_GRP_058', 'TRD_GRP_059', 'TRD_GRP_060', 'TRD_GRP_061', 'TRD_GRP_062', 'TRD_GRP_063', 'TRD_GRP_064', 'TRD_GRP_065', 'TRD_GRP_066', 'TRD_GRP_067', 'TRD_GRP_068', 'TRD_GRP_069', 'TRD_GRP_070', 'TRD_GRP_071', 'TRD_GRP_072', 'TRD_GRP_073', 'TRD_GRP_074', 'TRD_GRP_075', 'TRD_GRP_076', 'TRD_GRP_077', 'TRD_GRP_078', 'TRD_GRP_079', 'TRD_GRP_080', 'TRD_GRP_081', 'TRD_GRP_082', 'TRD_GRP_083', 'TRD_GRP_084', 'TRD_GRP_085', 'TRD_GRP_086', 'TRD_GRP_087', 'TRD_GRP_088', 'TRD_GRP_089', 'TRD_GRP_090', 'TRD_GRP_091', 'TRD_GRP_092', 'TRD_GRP_093', 'TRD_GRP_094', 'TRD_GRP_095', 'TRD_GRP_096', 'TRD_GRP_097', 'TRD_GRP_098', 'TRD_GRP_099', 'TRD_GRP_100', 'TRD_GRP_101', 'TRD_GRP_102', 'TRD_GRP_103', 'TRD_GRP_104', 'TRD_GRP_105', 'TRD_GRP_106', 'TRD_GRP_107', 'TRD_GRP_108', 'TRD_GRP_109', 'TRD_GRP_110', 'TRD_GRP_111', 'TRD_GRP_112', 'TRD_GRP_113', 'TRD_GRP_114', 'TRD_GRP_115', 'TRD_GRP_116', 'TRD_GRP_117', 'TRD_GRP_118', 'TRD_GRP_119', 'TRD_GRP_120', 'TRD_GRP_121', 'TRD_GRP_122', 'TRD_GRP_123', 'TRD_GRP_124', 'TRD_GRP_125', 'TRD_GRP_126', 'TRD_GRP_127', 'TRD_GRP_128', 'TRD_GRP_129', 'TRD_GRP_130', 'TRD_GRP_131', 'TRD_GRP_132', 'TRD_GRP_133', 'TRD_GRP_134', 'TRD_GRP_135', 'TRD_GRP_136', 'TRD_GRP_137', 'TRD_GRP_138', 'TRD_GRP_139', 'TRD_GRP_140', 'TRD_GRP_141', 'TRD_GRP_142', 'TRD_GRP_143', 'TRD_GRP_144', 'TRD_GRP_145', 'TRD_GRP_146', 'TRD_GRP_147', 'TRD_GRP_148', 'TRD_GRP_149', 'TRD_GRP_150', 'TRD_GRP_151', 'TRD_GRP_152', 'TRD_GRP_153', 'TRD_GRP_154', 'TRD_GRP_155', 'TRD_GRP_156', 'TRD_GRP_157', 'TRD_GRP_158', 'TRD_GRP_159', 'TRD_GRP_160', 'TRD_GRP_161', 'TRD_GRP_162', 'TRD_GRP_163', 'TRD_GRP_164', 'TRD_GRP_165', 'TRD_GRP_166', 'TRD_GRP_167', 'TRD_GRP_168', 'TRD_GRP_169', 'TRD_GRP_170', 'TRD_GRP_171', 'TRD_GRP_172', 'TRD_GRP_173', 'TRD_GRP_174', 'TRD_GRP_175', 'TRD_GRP_176', 'TRD_GRP_177', 'TRD_GRP_178', 'TRD_GRP_179', 'TRD_GRP_180', 'TRD_GRP_181', 'TRD_GRP_182', 'TRD_GRP_183', 'TRD_GRP_184', 'TRD_GRP_185', 'TRD_GRP_186', 'TRD_GRP_187', 'TRD_GRP_188', 'TRD_GRP_189', 'TRD_GRP_190', 'TRD_GRP_191', 'TRD_GRP_192', 'TRD_GRP_193', 'TRD_GRP_194', 'TRD_GRP_195', 'TRD_GRP_196', 'TRD_GRP_197', 'TRD_GRP_198', 'TRD_GRP_199', 'TRD_GRP_200', 'TRD_GRP_201', 'TRD_GRP_202', 'TRD_GRP_203', 'TRD_GRP_204', 'TRD_GRP_205', 'TRD_GRP_206', 'TRD_GRP_207', 'TRD_GRP_208', 'TRD_GRP_209', 'TRD_GRP_210', 'TRD_GRP_211', 'TRD_GRP_212', 'TRD_GRP_213', 'TRD_GRP_214', 'TRD_GRP_215', 'TRD_GRP_216', 'TRD_GRP_217', 'TRD_GRP_218', 'TRD_GRP_219', 'TRD_GRP_220', 'TRD_GRP_221', 'TRD_GRP_222', 'TRD_GRP_223', 'TRD_GRP_224', 'TRD_GRP_225', 'TRD_GRP_226', 'TRD_GRP_227', 'TRD_GRP_228', 'TRD_GRP_229', 'TRD_GRP_230', 'TRD_GRP_231', 'TRD_GRP_232', 'TRD_GRP_233', 'TRD_GRP_234', 'TRD_GRP_235']], 'defaultSelfTradePreventionMode': 'EXPIRE_MAKER', 'allowedSelfTradePreventionModes': ['EXPIRE_TAKER', 'EXPIRE_MAKER', 'EXPIRE_BOTH']}
2025-01-18 01:26:33,695 - WARNING - \u26a0\ufe0f Filtro MIN_NOTIONAL não encontrado para ETHUSDT.
2025-01-18 01:26:34,484 - WARNING - \u26a0\ufe0f Não foi possível determinar o valor mínimo de compra para ETHUSDT.
2025-01-18 01:27:05,809 - INFO - \U0001f50d Informações da Binance para BTCUSDT: {'symbol': 'BTCUSDT', 'status': 'TRADING', 'baseAsset': 'BTC', 'baseAssetPrecision': 8, 'quoteAsset': 'USDT', 'quotePrecision': 8, 'quoteAssetPrecision': 8, 'baseCommissionPrecision': 8, 'quoteCommissionPrecision': 8, 'orderTypes': ['LIMIT', 'LIMIT_MAKER', 'MARKET', 'STOP_LOSS', 'STOP_LOSS_LIMIT', 'TAKE_PROFIT', 'TAKE_PROFIT_LIMIT'], 'icebergAllowed': True, 'ocoAllowed': True, 'otoAllowed': True, 'quoteOrderQtyMarketAllowed': True, 'allowTrailingStop': True, 'cancelReplaceAllowed': True, 'isSpotTradingAllowed': True, 'isMarginTradingAllowed': True, 'filters': [{'filterType': 'PRICE_FILTER', 'minPrice': '0.01000000', 'maxPrice': '1000000.00000000', 'tickSize': '0.01000000'}, {'filterType': 'LOT_SIZE', 'minQty': '0.00001000', 'maxQty': '9000.00000000', 'stepSize': '0.00001000'}, {'filterType': 'ICEBERG_PARTS', 'limit': 10}, {'filterType': 'MARKET_LOT_SIZE', 'minQty': '0.00000000', 'maxQty': '89.67500095', 'stepSize': '0.00000000'}, {'filterType': 'TRAILING_DELTA', 'minTrailingAboveDelta': 10, 'maxTrailingAboveDelta': 2000, 'minTrailingBelowDelta': 10, 'maxTrailingBelowDelta': 2000}, {'filterType': 'PERCENT_PRICE_BY_SIDE', 'bidMultiplierUp': '5', 'bidMultiplierDown': '0.2', 'askMultiplierUp': '5', 'askMultiplierDown': '0.2', 'avgPriceMins': 5}, {'filterType': 'NOTIONAL', 'minNotional': '5.00000000', 'applyMinToMarket': True, 'maxNotional': '9000000.00000000', 'applyMaxToMarket': False, 'avgPriceMins': 5}, {'filterType': 'MAX_NUM_ORDERS', 'maxNumOrders': 200}, {'filterType': 'MAX_NUM_ALGO_ORDERS', 'maxNumAlgoOrders': 5}], 'permissions': [], 'permissionSets': [['SPOT', 'MARGIN', 'TRD_GRP_004', 'TRD_GRP_005', 'TRD_GRP_006', 'TRD_GRP_009', 'TRD_GRP_010', 'TRD_GRP_011', 'TRD_GRP_012', 'TRD_GRP_013', 'TRD_GRP_014', 'TRD_GRP_015', 'TRD_GRP_016', 'TRD_GRP_017', 'TRD_GRP_018', 'TRD_GRP_019', 'TRD_GRP_020', 'TRD_GRP_021', 'TRD_GRP_022', 'TRD_GRP_023', 'TRD_GRP_024', 'TRD_GRP_025', 'TRD_GRP_026', 'TRD_GRP_027', 'TRD_GRP_028', 'TRD_GRP_029', 'TRD_GRP_030', 'TRD_GRP_031', 'TRD_GRP_032', 'TRD_GRP_033', 'TRD_GRP_034', 'TRD_GRP_035', 'TRD_GRP_036', 'TRD_GRP_037', 'TRD_GRP_038', 'TRD_GRP_039', 'TRD_GRP_040', 'TRD_GRP_041', 'TRD_GRP_042', 'TRD_GRP_043', 'TRD_GRP_044', 'TRD_GRP_045', 'TRD_GRP_046', 'TRD_GRP_047', 'TRD_GRP_048', 'TRD_GRP_049', 'TRD_GRP_050', 'TRD_GRP_051', 'TRD_GRP_052', 'TRD_GRP_053', 'TRD_GRP_054', 'TRD_GRP_055', 'TRD_GRP_056', 'TRD_GRP_057', 'TRD_GRP_058', 'TRD_GRP_059', 'TRD_GRP_060', 'TRD_GRP_061', 'TRD_GRP_062', 'TRD_GRP_063', 'TRD_GRP_064', 'TRD_GRP_065', 'TRD_GRP_066', 'TRD_GRP_067', 'TRD_GRP_068', 'TRD_GRP_069', 'TRD_GRP_070', 'TRD_GRP_071', 'TRD_GRP_072', 'TRD_GRP_073', 'TRD_GRP_074', 'TRD_GRP_075', 'TRD_GRP_076', 'TRD_GRP_077', 'TRD_GRP_078', 'TRD_GRP_079', 'TRD_GRP_080', 'TRD_GRP_081', 'TRD_GRP_082', 'TRD_GRP_083', 'TRD_GRP_084', 'TRD_GRP_085', 'TRD_GRP_086', 'TRD_GRP_087', 'TRD_GRP_088', 'TRD_GRP_089', 'TRD_GRP_090', 'TRD_GRP_091', 'TRD_GRP_092', 'TRD_GRP_093', 'TRD_GRP_094', 'TRD_GRP_095', 'TRD_GRP_096', 'TRD_GRP_097', 'TRD_GRP_098', 'TRD_GRP_099', 'TRD_GRP_100', 'TRD_GRP_101', 'TRD_GRP_102', 'TRD_GRP_103', 'TRD_GRP_104', 'TRD_GRP_105', 'TRD_GRP_106', 'TRD_GRP_107', 'TRD_GRP_108', 'TRD_GRP_109', 'TRD_GRP_110', 'TRD_GRP_111', 'TRD_GRP_112', 'TRD_GRP_113', 'TRD_GRP_114', 'TRD_GRP_115', 'TRD_GRP_116', 'TRD_GRP_117', 'TRD_GRP_118', 'TRD_GRP_119', 'TRD_GRP_120', 'TRD_GRP_121', 'TRD_GRP_122', 'TRD_GRP_123', 'TRD_GRP_124', 'TRD_GRP_125', 'TRD_GRP_126', 'TRD_GRP_127', 'TRD_GRP_128', 'TRD_GRP_129', 'TRD_GRP_130', 'TRD_GRP_131', 'TRD_GRP_132', 'TRD_GRP_133', 'TRD_GRP_134', 'TRD_GRP_135', 'TRD_GRP_136', 'TRD_GRP_137', 'TRD_GRP_138', 'TRD_GRP_139', 'TRD_GRP_140', 'TRD_GRP_141', 'TRD_GRP_142', 'TRD_GRP_143', 'TRD_GRP_144', 'TRD_GRP_145', 'TRD_GRP_146', 'TRD_GRP_147', 'TRD_GRP_148', 'TRD_GRP_149', 'TRD_GRP_150', 'TRD_GRP_151', 'TRD_GRP_152', 'TRD_GRP_153', 'TRD_GRP_154', 'TRD_GRP_155', 'TRD_GRP_156', 'TRD_GRP_157', 'TRD_GRP_158', 'TRD_GRP_159', 'TRD_GRP_160', 'TRD_GRP_161', 'TRD_GRP_162', 'TRD_GRP_163', 'TRD_GRP_164', 'TRD_GRP_165', 'TRD_GRP_166', 'TRD_GRP_167', 'TRD_GRP_168', 'TRD_GRP_169', 'TRD_GRP_170', 'TRD_GRP_171', 'TRD_GRP_172', 'TRD_GRP_173', 'TRD_GRP_174', 'TRD_GRP_175', 'TRD_GRP_176', 'TRD_GRP_177', 'TRD_GRP_178', 'TRD_GRP_179', 'TRD_GRP_180', 'TRD_GRP_181', 'TRD_GRP_182', 'TRD_GRP_183', 'TRD_GRP_184', 'TRD_GRP_185', 'TRD_GRP_186', 'TRD_GRP_187', 'TRD_GRP_188', 'TRD_GRP_189', 'TRD_GRP_190', 'TRD_GRP_191', 'TRD_GRP_192', 'TRD_GRP_193', 'TRD_GRP_194', 'TRD_GRP_195', 'TRD_GRP_196', 'TRD_GRP_197', 'TRD_GRP_198', 'TRD_GRP_199', 'TRD_GRP_200', 'TRD_GRP_201', 'TRD_GRP_202', 'TRD_GRP_203', 'TRD_GRP_204', 'TRD_GRP_205', 'TRD_GRP_206', 'TRD_GRP_207', 'TRD_GRP_208', 'TRD_GRP_209', 'TRD_GRP_210', 'TRD_GRP_211', 'TRD_GRP_212', 'TRD_GRP_213', 'TRD_GRP_214', 'TRD_GRP_215', 'TRD_GRP_216', 'TRD_GRP_217', 'TRD_GRP_218', 'TRD_GRP_219', 'TRD_GRP_220', 'TRD_GRP_221', 'TRD_GRP_222', 'TRD_GRP_223', 'TRD_GRP_224', 'TRD_GRP_225', 'TRD_GRP_226', 'TRD_GRP_227', 'TRD_GRP_228', 'TRD_GRP_229', 'TRD_GRP_230', 'TRD_GRP_231', 'TRD_GRP_232', 'TRD_GRP_233', 'TRD_GRP_234', 'TRD_GRP_235']], 'defaultSelfTradePreventionMode': 'EXPIRE_MAKER', 'allowedSelfTradePreventionModes': ['EXPIRE_TAKER', 'EXPIRE_MAKER', 'EXPIRE_BOTH']}
2025-01-18 01:27:05,809 - WARNING - \u26a0\ufe0f Filtro MIN_NOTIONAL não encontrado para BTCUSDT.
2025-01-18 01:27:06,627 - WARNING - \u26a0\ufe0f Não foi possível determinar o valor mínimo de compra para BTCUSDT.
2025-01-18 01:27:07,612 - INFO - \U0001f50d Informações da Binance para ETHUSDT: {'symbol': 'ETHUSDT', 'status': 'TRADING', 'baseAsset': 'ETH', 'baseAssetPrecision': 8, 'quoteAsset': 'USDT', 'quotePrecision': 8, 'quoteAssetPrecision': 8, 'baseCommissionPrecision': 8, 'quoteCommissionPrecision': 8, 'orderTypes': ['LIMIT', 'LIMIT_MAKER', 'MARKET', 'STOP_LOSS', 'STOP_LOSS_LIMIT', 'TAKE_PROFIT', 'TAKE_PROFIT_LIMIT'], 'icebergAllowed': True, 'ocoAllowed': True, 'otoAllowed': True, 'quoteOrderQtyMarketAllowed': True, 'allowTrailingStop': True, 'cancelReplaceAllowed': True, 'isSpotTradingAllowed': True, 'isMarginTradingAllowed': True, 'filters': [{'filterType': 'PRICE_FILTER', 'minPrice': '0.01000000', 'maxPrice': '1000000.00000000', 'tickSize': '0.01000000'}, {'filterType': 'LOT_SIZE', 'minQty': '0.00010000', 'maxQty': '9000.00000000', 'stepSize': '0.00010000'}, {'filterType': 'ICEBERG_PARTS', 'limit': 10}, {'filterType': 'MARKET_LOT_SIZE', 'minQty': '0.00000000', 'maxQty': '2418.75700375', 'stepSize': '0.00000000'}, {'filterType': 'TRAILING_DELTA', 'minTrailingAboveDelta': 10, 'maxTrailingAboveDelta': 2000, 'minTrailingBelowDelta': 10, 'maxTrailingBelowDelta': 2000}, {'filterType': 'PERCENT_PRICE_BY_SIDE', 'bidMultiplierUp': '5', 'bidMultiplierDown': '0.2', 'askMultiplierUp': '5', 'askMultiplierDown': '0.2', 'avgPriceMins': 5}, {'filterType': 'NOTIONAL', 'minNotional': '5.00000000', 'applyMinToMarket': True, 'maxNotional': '9000000.00000000', 'applyMaxToMarket': False, 'avgPriceMins': 5}, {'filterType': 'MAX_NUM_ORDERS', 'maxNumOrders': 200}, {'filterType': 'MAX_NUM_ALGO_ORDERS', 'maxNumAlgoOrders': 5}], 'permissions': [], 'permissionSets': [['SPOT', 'MARGIN', 'TRD_GRP_004', 'TRD_GRP_005', 'TRD_GRP_006', 'TRD_GRP_009', 'TRD_GRP_010', 'TRD_GRP_011', 'TRD_GRP_012', 'TRD_GRP_013', 'TRD_GRP_014', 'TRD_GRP_015', 'TRD_GRP_016', 'TRD_GRP_017', 'TRD_GRP_018', 'TRD_GRP_019', 'TRD_GRP_020', 'TRD_GRP_021', 'TRD_GRP_022', 'TRD_GRP_023', 'TRD_GRP_024', 'TRD_GRP_025', 'TRD_GRP_026', 'TRD_GRP_027', 'TRD_GRP_028', 'TRD_GRP_029', 'TRD_GRP_030', 'TRD_GRP_031', 'TRD_GRP_032', 'TRD_GRP_033', 'TRD_GRP_034', 'TRD_GRP_035', 'TRD_GRP_036', 'TRD_GRP_037', 'TRD_GRP_038', 'TRD_GRP_039', 'TRD_GRP_040', 'TRD_GRP_041', 'TRD_GRP_042', 'TRD_GRP_043', 'TRD_GRP_044', 'TRD_GRP_045', 'TRD_GRP_046', 'TRD_GRP_047', 'TRD_GRP_048', 'TRD_GRP_049', 'TRD_GRP_050', 'TRD_GRP_051', 'TRD_GRP_052', 'TRD_GRP_053', 'TRD_GRP_054', 'TRD_GRP_055', 'TRD_GRP_056', 'TRD_GRP_057', 'TRD_GRP_058', 'TRD_GRP_059', 'TRD_GRP_060', 'TRD_GRP_061', 'TRD_GRP_062', 'TRD_GRP_063', 'TRD_GRP_064', 'TRD_GRP_065', 'TRD_GRP_066', 'TRD_GRP_067', 'TRD_GRP_068', 'TRD_GRP_069', 'TRD_GRP_070', 'TRD_GRP_071', 'TRD_GRP_072', 'TRD_GRP_073', 'TRD_GRP_074', 'TRD_GRP_075', 'TRD_GRP_076', 'TRD_GRP_077', 'TRD_GRP_078', 'TRD_GRP_079', 'TRD_GRP_080', 'TRD_GRP_081', 'TRD_GRP_082', 'TRD_GRP_083', 'TRD_GRP_084', 'TRD_GRP_085', 'TRD_GRP_086', 'TRD_GRP_087', 'TRD_GRP_088', 'TRD_GRP_089', 'TRD_GRP_090', 'TRD_GRP_091', 'TRD_GRP_092', 'TRD_GRP_093', 'TRD_GRP_094', 'TRD_GRP_095', 'TRD_GRP_096', 'TRD_GRP_097', 'TRD_GRP_098', 'TRD_GRP_099', 'TRD_GRP_100', 'TRD_GRP_101', 'TRD_GRP_102', 'TRD_GRP_103', 'TRD_GRP_104', 'TRD_GRP_105', 'TRD_GRP_106', 'TRD_GRP_107', 'TRD_GRP_108', 'TRD_GRP_109', 'TRD_GRP_110', 'TRD_GRP_111', 'TRD_GRP_112', 'TRD_GRP_113', 'TRD_GRP_114', 'TRD_GRP_115', 'TRD_GRP_116', 'TRD_GRP_117', 'TRD_GRP_118', 'TRD_GRP_119', 'TRD_GRP_120', 'TRD_GRP_121', 'TRD_GRP_122', 'TRD_GRP_123', 'TRD_GRP_124', 'TRD_GRP_125', 'TRD_GRP_126', 'TRD_GRP_127', 'TRD_GRP_128', 'TRD_GRP_129', 'TRD_GRP_130', 'TRD_GRP_131', 'TRD_GRP_132', 'TRD_GRP_133', 'TRD_GRP_134', 'TRD_GRP_135', 'TRD_GRP_136', 'TRD_GRP_137', 'TRD_GRP_138', 'TRD_GRP_139', 'TRD_GRP_140', 'TRD_GRP_141', 'TRD_GRP_142', 'TRD_GRP_143', 'TRD_GRP_144', 'TRD_GRP_145', 'TRD_GRP_146', 'TRD_GRP_147', 'TRD_GRP_148', 'TRD_GRP_149', 'TRD_GRP_150', 'TRD_GRP_151', 'TRD_GRP_152', 'TRD_GRP_153', 'TRD_GRP_154', 'TRD_GRP_155', 'TRD_GRP_156', 'TRD_GRP_157', 'TRD_GRP_158', 'TRD_GRP_159', 'TRD_GRP_160', 'TRD_GRP_161', 'TRD_GRP_162', 'TRD_GRP_163', 'TRD_GRP_164', 'TRD_GRP_165', 'TRD_GRP_166', 'TRD_GRP_167', 'TRD_GRP_168', 'TRD_GRP_169', 'TRD_GRP_170', 'TRD_GRP_171', 'TRD_GRP_172', 'TRD_GRP_173', 'TRD_GRP_174', 'TRD_GRP_175', 'TRD_GRP_176', 'TRD_GRP_177', 'TRD_GRP_178', 'TRD_GRP_179', 'TRD_GRP_180', 'TRD_GRP_181', 'TRD_GRP_182', 'TRD_GRP_183', 'TRD_GRP_184', 'TRD_GRP_185', 'TRD_GRP_186', 'TRD_GRP_187', 'TRD_GRP_188', 'TRD_GRP_189', 'TRD_GRP_190', 'TRD_GRP_191', 'TRD_GRP_192', 'TRD_GRP_193', 'TRD_GRP_194', 'TRD_GRP_195', 'TRD_GRP_196', 'TRD_GRP_197', 'TRD_GRP_198', 'TRD_GRP_199', 'TRD_GRP_200', 'TRD_GRP_201', 'TRD_GRP_202', 'TRD_GRP_203', 'TRD_GRP_204', 'TRD_GRP_205', 'TRD_GRP_206', 'TRD_GRP_207', 'TRD_GRP_208', 'TRD_GRP_209', 'TRD_GRP_210', 'TRD_GRP_211', 'TRD_GRP_212', 'TRD_GRP_213', 'TRD_GRP_214', 'TRD_GRP_215', 'TRD_GRP_216', 'TRD_GRP_217', 'TRD_GRP_218', 'TRD_GRP_219', 'TRD_GRP_220', 'TRD_GRP_221', 'TRD_GRP_222', 'TRD_GRP_223', 'TRD_GRP_224', 'TRD_GRP_225', 'TRD_GRP_226', 'TRD_GRP_227', 'TRD_GRP_228', 'TRD_GRP_229', 'TRD_GRP_230', 'TRD_GRP_231', 'TRD_GRP_232', 'TRD_GRP_233', 'TRD_GRP_234', 'TRD_GRP_235']], 'defaultSelfTradePreventionMode': 'EXPIRE_MAKER', 'allowedSelfTradePreventionModes': ['EXPIRE_TAKER', 'EXPIRE_MAKER', 'EXPIRE_BOTH']}
2025-01-18 01:27:07,612 - WARNING - \u26a0\ufe0f Filtro MIN_NOTIONAL não encontrado para ETHUSDT.
2025-01-18 01:27:08,471 - WARNING - \u26a0\ufe0f Não foi possível determinar o valor mínimo de compra para ETHUSDT.
2025-01-18 01:27:40,465 - INFO - \U0001f50d Informações da Binance para BTCUSDT: {'symbol': 'BTCUSDT', 'status': 'TRADING', 'baseAsset': 'BTC', 'baseAssetPrecision': 8, 'quoteAsset': 'USDT', 'quotePrecision': 8, 'quoteAssetPrecision': 8, 'baseCommissionPrecision': 8, 'quoteCommissionPrecision': 8, 'orderTypes': ['LIMIT', 'LIMIT_MAKER', 'MARKET', 'STOP_LOSS', 'STOP_LOSS_LIMIT', 'TAKE_PROFIT', 'TAKE_PROFIT_LIMIT'], 'icebergAllowed': True, 'ocoAllowed': True, 'otoAllowed': True, 'quoteOrderQtyMarketAllowed': True, 'allowTrailingStop': True, 'cancelReplaceAllowed': True, 'isSpotTradingAllowed': True, 'isMarginTradingAllowed': True, 'filters': [{'filterType': 'PRICE_FILTER', 'minPrice': '0.01000000', 'maxPrice': '1000000.00000000', 'tickSize': '0.01000000'}, {'filterType': 'LOT_SIZE', 'minQty': '0.00001000', 'maxQty': '9000.00000000', 'stepSize': '0.00001000'}, {'filterType': 'ICEBERG_PARTS', 'limit': 10}, {'filterType': 'MARKET_LOT_SIZE', 'minQty': '0.00000000', 'maxQty': '89.67500095', 'stepSize': '0.00000000'}, {'filterType': 'TRAILING_DELTA', 'minTrailingAboveDelta': 10, 'maxTrailingAboveDelta': 2000, 'minTrailingBelowDelta': 10, 'maxTrailingBelowDelta': 2000}, {'filterType': 'PERCENT_PRICE_BY_SIDE', 'bidMultiplierUp': '5', 'bidMultiplierDown': '0.2', 'askMultiplierUp': '5', 'askMultiplierDown': '0.2', 'avgPriceMins': 5}, {'filterType': 'NOTIONAL', 'minNotional': '5.00000000', 'applyMinToMarket': True, 'maxNotional': '9000000.00000000', 'applyMaxToMarket': False, 'avgPriceMins': 5}, {'filterType': 'MAX_NUM_ORDERS', 'maxNumOrders': 200}, {'filterType': 'MAX_NUM_ALGO_ORDERS', 'maxNumAlgoOrders': 5}], 'permissions': [], 'permissionSets': [['SPOT', 'MARGIN', 'TRD_GRP_004', 'TRD_GRP_005', 'TRD_GRP_006', 'TRD_GRP_009', 'TRD_GRP_010', 'TRD_GRP_011', 'TRD_GRP_012', 'TRD_GRP_013', 'TRD_GRP_014', 'TRD_GRP_015', 'TRD_GRP_016', 'TRD_GRP_017', 'TRD_GRP_018', 'TRD_GRP_019', 'TRD_GRP_020', 'TRD_GRP_021', 'TRD_GRP_022', 'TRD_GRP_023', 'TRD_GRP_024', 'TRD_GRP_025', 'TRD_GRP_026', 'TRD_GRP_027', 'TRD_GRP_028', 'TRD_GRP_029', 'TRD_GRP_030', 'TRD_GRP_031', 'TRD_GRP_032', 'TRD_GRP_033', 'TRD_GRP_034', 'TRD_GRP_035', 'TRD_GRP_036', 'TRD_GRP_037', 'TRD_GRP_038', 'TRD_GRP_039', 'TRD_GRP_040', 'TRD_GRP_041', 'TRD_GRP_042', 'TRD_GRP_043', 'TRD_GRP_044', 'TRD_GRP_045', 'TRD_GRP_046', 'TRD_GRP_047', 'TRD_GRP_048', 'TRD_GRP_049', 'TRD_GRP_050', 'TRD_GRP_051', 'TRD_GRP_052', 'TRD_GRP_053', 'TRD_GRP_054', 'TRD_GRP_055', 'TRD_GRP_056', 'TRD_GRP_057', 'TRD_GRP_058', 'TRD_GRP_059', 'TRD_GRP_060', 'TRD_GRP_061', 'TRD_GRP_062', 'TRD_GRP_063', 'TRD_GRP_064', 'TRD_GRP_065', 'TRD_GRP_066', 'TRD_GRP_067', 'TRD_GRP_068', 'TRD_GRP_069', 'TRD_GRP_070', 'TRD_GRP_071', 'TRD_GRP_072', 'TRD_GRP_073', 'TRD_GRP_074', 'TRD_GRP_075', 'TRD_GRP_076', 'TRD_GRP_077', 'TRD_GRP_078', 'TRD_GRP_079', 'TRD_GRP_080', 'TRD_GRP_081', 'TRD_GRP_082', 'TRD_GRP_083', 'TRD_GRP_084', 'TRD_GRP_085', 'TRD_GRP_086', 'TRD_GRP_087', 'TRD_GRP_088', 'TRD_GRP_089', 'TRD_GRP_090', 'TRD_GRP_091', 'TRD_GRP_092', 'TRD_GRP_093', 'TRD_GRP_094', 'TRD_GRP_095', 'TRD_GRP_096', 'TRD_GRP_097', 'TRD_GRP_098', 'TRD_GRP_099', 'TRD_GRP_100', 'TRD_GRP_101', 'TRD_GRP_102', 'TRD_GRP_103', 'TRD_GRP_104', 'TRD_GRP_105', 'TRD_GRP_106', 'TRD_GRP_107', 'TRD_GRP_108', 'TRD_GRP_109', 'TRD_GRP_110', 'TRD_GRP_111', 'TRD_GRP_112', 'TRD_GRP_113', 'TRD_GRP_114', 'TRD_GRP_115', 'TRD_GRP_116', 'TRD_GRP_117', 'TRD_GRP_118', 'TRD_GRP_119', 'TRD_GRP_120', 'TRD_GRP_121', 'TRD_GRP_122', 'TRD_GRP_123', 'TRD_GRP_124', 'TRD_GRP_125', 'TRD_GRP_126', 'TRD_GRP_127', 'TRD_GRP_128', 'TRD_GRP_129', 'TRD_GRP_130', 'TRD_GRP_131', 'TRD_GRP_132', 'TRD_GRP_133', 'TRD_GRP_134', 'TRD_GRP_135', 'TRD_GRP_136', 'TRD_GRP_137', 'TRD_GRP_138', 'TRD_GRP_139', 'TRD_GRP_140', 'TRD_GRP_141', 'TRD_GRP_142', 'TRD_GRP_143', 'TRD_GRP_144', 'TRD_GRP_145', 'TRD_GRP_146', 'TRD_GRP_147', 'TRD_GRP_148', 'TRD_GRP_149', 'TRD_GRP_150', 'TRD_GRP_151', 'TRD_GRP_152', 'TRD_GRP_153', 'TRD_GRP_154', 'TRD_GRP_155', 'TRD_GRP_156', 'TRD_GRP_157', 'TRD_GRP_158', 'TRD_GRP_159', 'TRD_GRP_160', 'TRD_GRP_161', 'TRD_GRP_162', 'TRD_GRP_163', 'TRD_GRP_164', 'TRD_GRP_165', 'TRD_GRP_166', 'TRD_GRP_167', 'TRD_GRP_168', 'TRD_GRP_169', 'TRD_GRP_170', 'TRD_GRP_171', 'TRD_GRP_172', 'TRD_GRP_173', 'TRD_GRP_174', 'TRD_GRP_175', 'TRD_GRP_176', 'TRD_GRP_177', 'TRD_GRP_178', 'TRD_GRP_179', 'TRD_GRP_180', 'TRD_GRP_181', 'TRD_GRP_182', 'TRD_GRP_183', 'TRD_GRP_184', 'TRD_GRP_185', 'TRD_GRP_186', 'TRD_GRP_187', 'TRD_GRP_188', 'TRD_GRP_189', 'TRD_GRP_190', 'TRD_GRP_191', 'TRD_GRP_192', 'TRD_GRP_193', 'TRD_GRP_194', 'TRD_GRP_195', 'TRD_GRP_196', 'TRD_GRP_197', 'TRD_GRP_198', 'TRD_GRP_199', 'TRD_GRP_200', 'TRD_GRP_201', 'TRD_GRP_202', 'TRD_GRP_203', 'TRD_GRP_204', 'TRD_GRP_205', 'TRD_GRP_206', 'TRD_GRP_207', 'TRD_GRP_208', 'TRD_GRP_209', 'TRD_GRP_210', 'TRD_GRP_211', 'TRD_GRP_212', 'TRD_GRP_213', 'TRD_GRP_214', 'TRD_GRP_215', 'TRD_GRP_216', 'TRD_GRP_217', 'TRD_GRP_218', 'TRD_GRP_219', 'TRD_GRP_220', 'TRD_GRP_221', 'TRD_GRP_222', 'TRD_GRP_223', 'TRD_GRP_224', 'TRD_GRP_225', 'TRD_GRP_226', 'TRD_GRP_227', 'TRD_GRP_228', 'TRD_GRP_229', 'TRD_GRP_230', 'TRD_GRP_231', 'TRD_GRP_232', 'TRD_GRP_233', 'TRD_GRP_234', 'TRD_GRP_235']], 'defaultSelfTradePreventionMode': 'EXPIRE_MAKER', 'allowedSelfTradePreventionModes': ['EXPIRE_TAKER', 'EXPIRE_MAKER', 'EXPIRE_BOTH']}
2025-01-18 01:27:40,465 - WARNING - \u26a0\ufe0f Filtro MIN_NOTIONAL não encontrado para BTCUSDT.
2025-01-18 01:27:41,240 - WARNING - \u26a0\ufe0f Não foi possível determinar o valor mínimo de compra para BTCUSDT.
2025-01-18 01:27:41,997 - INFO - \U0001f50d Informações da Binance para ETHUSDT: {'symbol': 'ETHUSDT', 'status': 'TRADING', 'baseAsset': 'ETH', 'baseAssetPrecision': 8, 'quoteAsset': 'USDT', 'quotePrecision': 8, 'quoteAssetPrecision': 8, 'baseCommissionPrecision': 8, 'quoteCommissionPrecision': 8, 'orderTypes': ['LIMIT', 'LIMIT_MAKER', 'MARKET', 'STOP_LOSS', 'STOP_LOSS_LIMIT', 'TAKE_PROFIT', 'TAKE_PROFIT_LIMIT'], 'icebergAllowed': True, 'ocoAllowed': True, 'otoAllowed': True, 'quoteOrderQtyMarketAllowed': True, 'allowTrailingStop': True, 'cancelReplaceAllowed': True, 'isSpotTradingAllowed': True, 'isMarginTradingAllowed': True, 'filters': [{'filterType': 'PRICE_FILTER', 'minPrice': '0.01000000', 'maxPrice': '1000000.00000000', 'tickSize': '0.01000000'}, {'filterType': 'LOT_SIZE', 'minQty': '0.00010000', 'maxQty': '9000.00000000', 'stepSize': '0.00010000'}, {'filterType': 'ICEBERG_PARTS', 'limit': 10}, {'filterType': 'MARKET_LOT_SIZE', 'minQty': '0.00000000', 'maxQty': '2418.75700375', 'stepSize': '0.00000000'}, {'filterType': 'TRAILING_DELTA', 'minTrailingAboveDelta': 10, 'maxTrailingAboveDelta': 2000, 'minTrailingBelowDelta': 10, 'maxTrailingBelowDelta': 2000}, {'filterType': 'PERCENT_PRICE_BY_SIDE', 'bidMultiplierUp': '5', 'bidMultiplierDown': '0.2', 'askMultiplierUp': '5', 'askMultiplierDown': '0.2', 'avgPriceMins': 5}, {'filterType': 'NOTIONAL', 'minNotional': '5.00000000', 'applyMinToMarket': True, 'maxNotional': '9000000.00000000', 'applyMaxToMarket': False, 'avgPriceMins': 5}, {'filterType': 'MAX_NUM_ORDERS', 'maxNumOrders': 200}, {'filterType': 'MAX_NUM_ALGO_ORDERS', 'maxNumAlgoOrders': 5}], 'permissions': [], 'permissionSets': [['SPOT', 'MARGIN', 'TRD_GRP_004', 'TRD_GRP_005', 'TRD_GRP_006', 'TRD_GRP_009', 'TRD_GRP_010', 'TRD_GRP_011', 'TRD_GRP_012', 'TRD_GRP_013', 'TRD_GRP_014', 'TRD_GRP_015', 'TRD_GRP_016', 'TRD_GRP_017', 'TRD_GRP_018', 'TRD_GRP_019', 'TRD_GRP_020', 'TRD_GRP_021', 'TRD_GRP_022', 'TRD_GRP_023', 'TRD_GRP_024', 'TRD_GRP_025', 'TRD_GRP_026', 'TRD_GRP_027', 'TRD_GRP_028', 'TRD_GRP_029', 'TRD_GRP_030', 'TRD_GRP_031', 'TRD_GRP_032', 'TRD_GRP_033', 'TRD_GRP_034', 'TRD_GRP_035', 'TRD_GRP_036', 'TRD_GRP_037', 'TRD_GRP_038', 'TRD_GRP_039', 'TRD_GRP_040', 'TRD_GRP_041', 'TRD_GRP_042', 'TRD_GRP_043', 'TRD_GRP_044', 'TRD_GRP_045', 'TRD_GRP_046', 'TRD_GRP_047', 'TRD_GRP_048', 'TRD_GRP_049', 'TRD_GRP_050', 'TRD_GRP_051', 'TRD_GRP_052', 'TRD_GRP_053', 'TRD_GRP_054', 'TRD_GRP_055', 'TRD_GRP_056', 'TRD_GRP_057', 'TRD_GRP_058', 'TRD_GRP_059', 'TRD_GRP_060', 'TRD_GRP_061', 'TRD_GRP_062', 'TRD_GRP_063', 'TRD_GRP_064', 'TRD_GRP_065', 'TRD_GRP_066', 'TRD_GRP_067', 'TRD_GRP_068', 'TRD_GRP_069', 'TRD_GRP_070', 'TRD_GRP_071', 'TRD_GRP_072', 'TRD_GRP_073', 'TRD_GRP_074', 'TRD_GRP_075', 'TRD_GRP_076', 'TRD_GRP_077', 'TRD_GRP_078', 'TRD_GRP_079', 'TRD_GRP_080', 'TRD_GRP_081', 'TRD_GRP_082', 'TRD_GRP_083', 'TRD_GRP_084', 'TRD_GRP_085', 'TRD_GRP_086', 'TRD_GRP_087', 'TRD_GRP_088', 'TRD_GRP_089', 'TRD_GRP_090', 'TRD_GRP_091', 'TRD_GRP_092', 'TRD_GRP_093', 'TRD_GRP_094', 'TRD_GRP_095', 'TRD_GRP_096', 'TRD_GRP_097', 'TRD_GRP_098', 'TRD_GRP_099', 'TRD_GRP_100', 'TRD_GRP_101', 'TRD_GRP_102', 'TRD_GRP_103', 'TRD_GRP_104', 'TRD_GRP_105', 'TRD_GRP_106', 'TRD_GRP_107', 'TRD_GRP_108', 'TRD_GRP_109', 'TRD_GRP_110', 'TRD_GRP_111', 'TRD_GRP_112', 'TRD_GRP_113', 'TRD_GRP_114', 'TRD_GRP_115', 'TRD_GRP_116', 'TRD_GRP_117', 'TRD_GRP_118', 'TRD_GRP_119', 'TRD_GRP_120', 'TRD_GRP_121', 'TRD_GRP_122', 'TRD_GRP_123', 'TRD_GRP_124', 'TRD_GRP_125', 'TRD_GRP_126', 'TRD_GRP_127', 'TRD_GRP_128', 'TRD_GRP_129', 'TRD_GRP_130', 'TRD_GRP_131', 'TRD_GRP_132', 'TRD_GRP_133', 'TRD_GRP_134', 'TRD_GRP_135', 'TRD_GRP_136', 'TRD_GRP_137', 'TRD_GRP_138', 'TRD_GRP_139', 'TRD_GRP_140', 'TRD_GRP_141', 'TRD_GRP_142', 'TRD_GRP_143', 'TRD_GRP_144', 'TRD_GRP_145', 'TRD_GRP_146', 'TRD_GRP_147', 'TRD_GRP_148', 'TRD_GRP_149', 'TRD_GRP_150', 'TRD_GRP_151', 'TRD_GRP_152', 'TRD_GRP_153', 'TRD_GRP_154', 'TRD_GRP_155', 'TRD_GRP_156', 'TRD_GRP_157', 'TRD_GRP_158', 'TRD_GRP_159', 'TRD_GRP_160', 'TRD_GRP_161', 'TRD_GRP_162', 'TRD_GRP_163', 'TRD_GRP_164', 'TRD_GRP_165', 'TRD_GRP_166', 'TRD_GRP_167', 'TRD_GRP_168', 'TRD_GRP_169', 'TRD_GRP_170', 'TRD_GRP_171', 'TRD_GRP_172', 'TRD_GRP_173', 'TRD_GRP_174', 'TRD_GRP_175', 'TRD_GRP_176', 'TRD_GRP_177', 'TRD_GRP_178', 'TRD_GRP_179', 'TRD_GRP_180', 'TRD_GRP_181', 'TRD_GRP_182', 'TRD_GRP_183', 'TRD_GRP_184', 'TRD_GRP_185', 'TRD_GRP_186', 'TRD_GRP_187', 'TRD_GRP_188', 'TRD_GRP_189', 'TRD_GRP_190', 'TRD_GRP_191', 'TRD_GRP_192', 'TRD_GRP_193', 'TRD_GRP_194', 'TRD_GRP_195', 'TRD_GRP_196', 'TRD_GRP_197', 'TRD_GRP_198', 'TRD_GRP_199', 'TRD_GRP_200', 'TRD_GRP_201', 'TRD_GRP_202', 'TRD_GRP_203', 'TRD_GRP_204', 'TRD_GRP_205', 'TRD_GRP_206', 'TRD_GRP_207', 'TRD_GRP_208', 'TRD_GRP_209', 'TRD_GRP_210', 'TRD_GRP_211', 'TRD_GRP_212', 'TRD_GRP_213', 'TRD_GRP_214', 'TRD_GRP_215', 'TRD_GRP_216', 'TRD_GRP_217', 'TRD_GRP_218', 'TRD_GRP_219', 'TRD_GRP_220', 'TRD_GRP_221', 'TRD_GRP_222', 'TRD_GRP_223', 'TRD_GRP_224', 'TRD_GRP_225', 'TRD_GRP_226', 'TRD_GRP_227', 'TRD_GRP_228', 'TRD_GRP_229', 'TRD_GRP_230', 'TRD_GRP_231', 'TRD_GRP_232', 'TRD_GRP_233', 'TRD_GRP_234', 'TRD_GRP_235']], 'defaultSelfTradePreventionMode': 'EXPIRE_MAKER', 'allowedSelfTradePreventionModes': ['EXPIRE_TAKER', 'EXPIRE_MAKER', 'EXPIRE_BOTH']}
2025-01-18 01:27:41,997 - WARNING - \u26a0\ufe0f Filtro MIN_NOTIONAL não encontrado para ETHUSDT.
2025-01-18 01:27:42,759 - WARNING - \u26a0\ufe0f Não foi possível determinar o valor mínimo de compra para ETHUSDT.
2025-01-18 01:28:14,228 - INFO - \U0001f50d Informações da Binance para BTCUSDT: {'symbol': 'BTCUSDT', 'status': 'TRADING', 'baseAsset': 'BTC', 'baseAssetPrecision': 8, 'quoteAsset': 'USDT', 'quotePrecision': 8, 'quoteAssetPrecision': 8, 'baseCommissionPrecision': 8, 'quoteCommissionPrecision': 8, 'orderTypes': ['LIMIT', 'LIMIT_MAKER', 'MARKET', 'STOP_LOSS', 'STOP_LOSS_LIMIT', 'TAKE_PROFIT', 'TAKE_PROFIT_LIMIT'], 'icebergAllowed': True, 'ocoAllowed': True, 'otoAllowed': True, 'quoteOrderQtyMarketAllowed': True, 'allowTrailingStop': True, 'cancelReplaceAllowed': True, 'isSpotTradingAllowed': True, 'isMarginTradingAllowed': True, 'filters': [{'filterType': 'PRICE_FILTER', 'minPrice': '0.01000000', 'maxPrice': '1000000.00000000', 'tickSize': '0.01000000'}, {'filterType': 'LOT_SIZE', 'minQty': '0.00001000', 'maxQty': '9000.00000000', 'stepSize': '0.00001000'}, {'filterType': 'ICEBERG_PARTS', 'limit': 10}, {'filterType': 'MARKET_LOT_SIZE', 'minQty': '0.00000000', 'maxQty': '89.67500095', 'stepSize': '0.00000000'}, {'filterType': 'TRAILING_DELTA', 'minTrailingAboveDelta': 10, 'maxTrailingAboveDelta': 2000, 'minTrailingBelowDelta': 10, 'maxTrailingBelowDelta': 2000}, {'filterType': 'PERCENT_PRICE_BY_SIDE', 'bidMultiplierUp': '5', 'bidMultiplierDown': '0.2', 'askMultiplierUp': '5', 'askMultiplierDown': '0.2', 'avgPriceMins': 5}, {'filterType': 'NOTIONAL', 'minNotional': '5.00000000', 'applyMinToMarket': True, 'maxNotional': '9000000.00000000', 'applyMaxToMarket': False, 'avgPriceMins': 5}, {'filterType': 'MAX_NUM_ORDERS', 'maxNumOrders': 200}, {'filterType': 'MAX_NUM_ALGO_ORDERS', 'maxNumAlgoOrders': 5}], 'permissions': [], 'permissionSets': [['SPOT', 'MARGIN', 'TRD_GRP_004', 'TRD_GRP_005', 'TRD_GRP_006', 'TRD_GRP_009', 'TRD_GRP_010', 'TRD_GRP_011', 'TRD_GRP_012', 'TRD_GRP_013', 'TRD_GRP_014', 'TRD_GRP_015', 'TRD_GRP_016', 'TRD_GRP_017', 'TRD_GRP_018', 'TRD_GRP_019', 'TRD_GRP_020', 'TRD_GRP_021', 'TRD_GRP_022', 'TRD_GRP_023', 'TRD_GRP_024', 'TRD_GRP_025', 'TRD_GRP_026', 'TRD_GRP_027', 'TRD_GRP_028', 'TRD_GRP_029', 'TRD_GRP_030', 'TRD_GRP_031', 'TRD_GRP_032', 'TRD_GRP_033', 'TRD_GRP_034', 'TRD_GRP_035', 'TRD_GRP_036', 'TRD_GRP_037', 'TRD_GRP_038', 'TRD_GRP_039', 'TRD_GRP_040', 'TRD_GRP_041', 'TRD_GRP_042', 'TRD_GRP_043', 'TRD_GRP_044', 'TRD_GRP_045', 'TRD_GRP_046', 'TRD_GRP_047', 'TRD_GRP_048', 'TRD_GRP_049', 'TRD_GRP_050', 'TRD_GRP_051', 'TRD_GRP_052', 'TRD_GRP_053', 'TRD_GRP_054', 'TRD_GRP_055', 'TRD_GRP_056', 'TRD_GRP_057', 'TRD_GRP_058', 'TRD_GRP_059', 'TRD_GRP_060', 'TRD_GRP_061', 'TRD_GRP_062', 'TRD_GRP_063', 'TRD_GRP_064', 'TRD_GRP_065', 'TRD_GRP_066', 'TRD_GRP_067', 'TRD_GRP_068', 'TRD_GRP_069', 'TRD_GRP_070', 'TRD_GRP_071', 'TRD_GRP_072', 'TRD_GRP_073', 'TRD_GRP_074', 'TRD_GRP_075', 'TRD_GRP_076', 'TRD_GRP_077', 'TRD_GRP_078', 'TRD_GRP_079', 'TRD_GRP_080', 'TRD_GRP_081', 'TRD_GRP_082', 'TRD_GRP_083', 'TRD_GRP_084', 'TRD_GRP_085', 'TRD_GRP_086', 'TRD_GRP_087', 'TRD_GRP_088', 'TRD_GRP_089', 'TRD_GRP_090', 'TRD_GRP_091', 'TRD_GRP_092', 'TRD_GRP_093', 'TRD_GRP_094', 'TRD_GRP_095', 'TRD_GRP_096', 'TRD_GRP_097', 'TRD_GRP_098', 'TRD_GRP_099', 'TRD_GRP_100', 'TRD_GRP_101', 'TRD_GRP_102', 'TRD_GRP_103', 'TRD_GRP_104', 'TRD_GRP_105', 'TRD_GRP_106', 'TRD_GRP_107', 'TRD_GRP_108', 'TRD_GRP_109', 'TRD_GRP_110', 'TRD_GRP_111', 'TRD_GRP_112', 'TRD_GRP_113', 'TRD_GRP_114', 'TRD_GRP_115', 'TRD_GRP_116', 'TRD_GRP_117', 'TRD_GRP_118', 'TRD_GRP_119', 'TRD_GRP_120', 'TRD_GRP_121', 'TRD_GRP_122', 'TRD_GRP_123', 'TRD_GRP_124', 'TRD_GRP_125', 'TRD_GRP_126', 'TRD_GRP_127', 'TRD_GRP_128', 'TRD_GRP_129', 'TRD_GRP_130', 'TRD_GRP_131', 'TRD_GRP_132', 'TRD_GRP_133', 'TRD_GRP_134', 'TRD_GRP_135', 'TRD_GRP_136', 'TRD_GRP_137', 'TRD_GRP_138', 'TRD_GRP_139', 'TRD_GRP_140', 'TRD_GRP_141', 'TRD_GRP_142', 'TRD_GRP_143', 'TRD_GRP_144', 'TRD_GRP_145', 'TRD_GRP_146', 'TRD_GRP_147', 'TRD_GRP_148', 'TRD_GRP_149', 'TRD_GRP_150', 'TRD_GRP_151', 'TRD_GRP_152', 'TRD_GRP_153', 'TRD_GRP_154', 'TRD_GRP_155', 'TRD_GRP_156', 'TRD_GRP_157', 'TRD_GRP_158', 'TRD_GRP_159', 'TRD_GRP_160', 'TRD_GRP_161', 'TRD_GRP_162', 'TRD_GRP_163', 'TRD_GRP_164', 'TRD_GRP_165', 'TRD_GRP_166', 'TRD_GRP_167', 'TRD_GRP_168', 'TRD_GRP_169', 'TRD_GRP_170', 'TRD_GRP_171', 'TRD_GRP_172', 'TRD_GRP_173', 'TRD_GRP_174', 'TRD_GRP_175', 'TRD_GRP_176', 'TRD_GRP_177', 'TRD_GRP_178', 'TRD_GRP_179', 'TRD_GRP_180', 'TRD_GRP_181', 'TRD_GRP_182', 'TRD_GRP_183', 'TRD_GRP_184', 'TRD_GRP_185', 'TRD_GRP_186', 'TRD_GRP_187', 'TRD_GRP_188', 'TRD_GRP_189', 'TRD_GRP_190', 'TRD_GRP_191', 'TRD_GRP_192', 'TRD_GRP_193', 'TRD_GRP_194', 'TRD_GRP_195', 'TRD_GRP_196', 'TRD_GRP_197', 'TRD_GRP_198', 'TRD_GRP_199', 'TRD_GRP_200', 'TRD_GRP_201', 'TRD_GRP_202', 'TRD_GRP_203', 'TRD_GRP_204', 'TRD_GRP_205', 'TRD_GRP_206', 'TRD_GRP_207', 'TRD_GRP_208', 'TRD_GRP_209', 'TRD_GRP_210', 'TRD_GRP_211', 'TRD_GRP_212', 'TRD_GRP_213', 'TRD_GRP_214', 'TRD_GRP_215', 'TRD_GRP_216', 'TRD_GRP_217', 'TRD_GRP_218', 'TRD_GRP_219', 'TRD_GRP_220', 'TRD_GRP_221', 'TRD_GRP_222', 'TRD_GRP_223', 'TRD_GRP_224', 'TRD_GRP_225', 'TRD_GRP_226', 'TRD_GRP_227', 'TRD_GRP_228', 'TRD_GRP_229', 'TRD_GRP_230', 'TRD_GRP_231', 'TRD_GRP_232', 'TRD_GRP_233', 'TRD_GRP_234', 'TRD_GRP_235']], 'defaultSelfTradePreventionMode': 'EXPIRE_MAKER', 'allowedSelfTradePreventionModes': ['EXPIRE_TAKER', 'EXPIRE_MAKER', 'EXPIRE_BOTH']}
2025-01-18 01:28:14,228 - WARNING - \u26a0\ufe0f Filtro MIN_NOTIONAL não encontrado para BTCUSDT.
2025-01-18 01:28:14,958 - WARNING - \u26a0\ufe0f Não foi possível determinar o valor mínimo de compra para BTCUSDT.
2025-01-18 01:28:15,711 - INFO - \U0001f50d Informações da Binance para ETHUSDT: {'symbol': 'ETHUSDT', 'status': 'TRADING', 'baseAsset': 'ETH', 'baseAssetPrecision': 8, 'quoteAsset': 'USDT', 'quotePrecision': 8, 'quoteAssetPrecision': 8, 'baseCommissionPrecision': 8, 'quoteCommissionPrecision': 8, 'orderTypes': ['LIMIT', 'LIMIT_MAKER', 'MARKET', 'STOP_LOSS', 'STOP_LOSS_LIMIT', 'TAKE_PROFIT', 'TAKE_PROFIT_LIMIT'], 'icebergAllowed': True, 'ocoAllowed': True, 'otoAllowed': True, 'quoteOrderQtyMarketAllowed': True, 'allowTrailingStop': True, 'cancelReplaceAllowed': True, 'isSpotTradingAllowed': True, 'isMarginTradingAllowed': True, 'filters': [{'filterType': 'PRICE_FILTER', 'minPrice': '0.01000000', 'maxPrice': '1000000.00000000', 'tickSize': '0.01000000'}, {'filterType': 'LOT_SIZE', 'minQty': '0.00010000', 'maxQty': '9000.00000000', 'stepSize': '0.00010000'}, {'filterType': 'ICEBERG_PARTS', 'limit': 10}, {'filterType': 'MARKET_LOT_SIZE', 'minQty': '0.00000000', 'maxQty': '2418.75700375', 'stepSize': '0.00000000'}, {'filterType': 'TRAILING_DELTA', 'minTrailingAboveDelta': 10, 'maxTrailingAboveDelta': 2000, 'minTrailingBelowDelta': 10, 'maxTrailingBelowDelta': 2000}, {'filterType': 'PERCENT_PRICE_BY_SIDE', 'bidMultiplierUp': '5', 'bidMultiplierDown': '0.2', 'askMultiplierUp': '5', 'askMultiplierDown': '0.2', 'avgPriceMins': 5}, {'filterType': 'NOTIONAL', 'minNotional': '5.00000000', 'applyMinToMarket': True, 'maxNotional': '9000000.00000000', 'applyMaxToMarket': False, 'avgPriceMins': 5}, {'filterType': 'MAX_NUM_ORDERS', 'maxNumOrders': 200}, {'filterType': 'MAX_NUM_ALGO_ORDERS', 'maxNumAlgoOrders': 5}], 'permissions': [], 'permissionSets': [['SPOT', 'MARGIN', 'TRD_GRP_004', 'TRD_GRP_005', 'TRD_GRP_006', 'TRD_GRP_009', 'TRD_GRP_010', 'TRD_GRP_011', 'TRD_GRP_012', 'TRD_GRP_013', 'TRD_GRP_014', 'TRD_GRP_015', 'TRD_GRP_016', 'TRD_GRP_017', 'TRD_GRP_018', 'TRD_GRP_019', 'TRD_GRP_020', 'TRD_GRP_021', 'TRD_GRP_022', 'TRD_GRP_023', 'TRD_GRP_024', 'TRD_GRP_025', 'TRD_GRP_026', 'TRD_GRP_027', 'TRD_GRP_028', 'TRD_GRP_029', 'TRD_GRP_030', 'TRD_GRP_031', 'TRD_GRP_032', 'TRD_GRP_033', 'TRD_GRP_034', 'TRD_GRP_035', 'TRD_GRP_036', 'TRD_GRP_037', 'TRD_GRP_038', 'TRD_GRP_039', 'TRD_GRP_040', 'TRD_GRP_041', 'TRD_GRP_042', 'TRD_GRP_043', 'TRD_GRP_044', 'TRD_GRP_045', 'TRD_GRP_046', 'TRD_GRP_047', 'TRD_GRP_048', 'TRD_GRP_049', 'TRD_GRP_050', 'TRD_GRP_051', 'TRD_GRP_052', 'TRD_GRP_053', 'TRD_GRP_054', 'TRD_GRP_055', 'TRD_GRP_056', 'TRD_GRP_057', 'TRD_GRP_058', 'TRD_GRP_059', 'TRD_GRP_060', 'TRD_GRP_061', 'TRD_GRP_062', 'TRD_GRP_063', 'TRD_GRP_064', 'TRD_GRP_065', 'TRD_GRP_066', 'TRD_GRP_067', 'TRD_GRP_068', 'TRD_GRP_069', 'TRD_GRP_070', 'TRD_GRP_071', 'TRD_GRP_072', 'TRD_GRP_073', 'TRD_GRP_074', 'TRD_GRP_075', 'TRD_GRP_076', 'TRD_GRP_077', 'TRD_GRP_078', 'TRD_GRP_079', 'TRD_GRP_080', 'TRD_GRP_081', 'TRD_GRP_082', 'TRD_GRP_083', 'TRD_GRP_084', 'TRD_GRP_085', 'TRD_GRP_086', 'TRD_GRP_087', 'TRD_GRP_088', 'TRD_GRP_089', 'TRD_GRP_090', 'TRD_GRP_091', 'TRD_GRP_092', 'TRD_GRP_093', 'TRD_GRP_094', 'TRD_GRP_095', 'TRD_GRP_096', 'TRD_GRP_097', 'TRD_GRP_098', 'TRD_GRP_099', 'TRD_GRP_100', 'TRD_GRP_101', 'TRD_GRP_102', 'TRD_GRP_103', 'TRD_GRP_104', 'TRD_GRP_105', 'TRD_GRP_106', 'TRD_GRP_107', 'TRD_GRP_108', 'TRD_GRP_109', 'TRD_GRP_110', 'TRD_GRP_111', 'TRD_GRP_112', 'TRD_GRP_113', 'TRD_GRP_114', 'TRD_GRP_115', 'TRD_GRP_116', 'TRD_GRP_117', 'TRD_GRP_118', 'TRD_GRP_119', 'TRD_GRP_120', 'TRD_GRP_121', 'TRD_GRP_122', 'TRD_GRP_123', 'TRD_GRP_124', 'TRD_GRP_125', 'TRD_GRP_126', 'TRD_GRP_127', 'TRD_GRP_128', 'TRD_GRP_129', 'TRD_GRP_130', 'TRD_GRP_131', 'TRD_GRP_132', 'TRD_GRP_133', 'TRD_GRP_134', 'TRD_GRP_135', 'TRD_GRP_136', 'TRD_GRP_137', 'TRD_GRP_138', 'TRD_GRP_139', 'TRD_GRP_140', 'TRD_GRP_141', 'TRD_GRP_142', 'TRD_GRP_143', 'TRD_GRP_144', 'TRD_GRP_145', 'TRD_GRP_146', 'TRD_GRP_147', 'TRD_GRP_148', 'TRD_GRP_149', 'TRD_GRP_150', 'TRD_GRP_151', 'TRD_GRP_152', 'TRD_GRP_153', 'TRD_GRP_154', 'TRD_GRP_155', 'TRD_GRP_156', 'TRD_GRP_157', 'TRD_GRP_158', 'TRD_GRP_159', 'TRD_GRP_160', 'TRD_GRP_161', 'TRD_GRP_162', 'TRD_GRP_163', 'TRD_GRP_164', 'TRD_GRP_165', 'TRD_GRP_166', 'TRD_GRP_167', 'TRD_GRP_168', 'TRD_GRP_169', 'TRD_GRP_170', 'TRD_GRP_171', 'TRD_GRP_172', 'TRD_GRP_173', 'TRD_GRP_174', 'TRD_GRP_175', 'TRD_GRP_176', 'TRD_GRP_177', 'TRD_GRP_178', 'TRD_GRP_179', 'TRD_GRP_180', 'TRD_GRP_181', 'TRD_GRP_182', 'TRD_GRP_183', 'TRD_GRP_184', 'TRD_GRP_185', 'TRD_GRP_186', 'TRD_GRP_187', 'TRD_GRP_188', 'TRD_GRP_189', 'TRD_GRP_190', 'TRD_GRP_191', 'TRD_GRP_192', 'TRD_GRP_193', 'TRD_GRP_194', 'TRD_GRP_195', 'TRD_GRP_196', 'TRD_GRP_197', 'TRD_GRP_198', 'TRD_GRP_199', 'TRD_GRP_200', 'TRD_GRP_201', 'TRD_GRP_202', 'TRD_GRP_203', 'TRD_GRP_204', 'TRD_GRP_205', 'TRD_GRP_206', 'TRD_GRP_207', 'TRD_GRP_208', 'TRD_GRP_209', 'TRD_GRP_210', 'TRD_GRP_211', 'TRD_GRP_212', 'TRD_GRP_213', 'TRD_GRP_214', 'TRD_GRP_215', 'TRD_GRP_216', 'TRD_GRP_217', 'TRD_GRP_218', 'TRD_GRP_219', 'TRD_GRP_220', 'TRD_GRP_221', 'TRD_GRP_222', 'TRD_GRP_223', 'TRD_GRP_224', 'TRD_GRP_225', 'TRD_GRP_226', 'TRD_GRP_227', 'TRD_GRP_228', 'TRD_GRP_229', 'TRD_GRP_230', 'TRD_GRP_231', 'TRD_GRP_232', 'TRD_GRP_233', 'TRD_GRP_234', 'TRD_GRP_235']], 'defaultSelfTradePreventionMode': 'EXPIRE_MAKER', 'allowedSelfTradePreventionModes': ['EXPIRE_TAKER', 'EXPIRE_MAKER', 'EXPIRE_BOTH']}
2025-01-18 01:28:15,711 - WARNING - \u26a0\ufe0f Filtro MIN_NOTIONAL não encontrado para ETHUSDT.
2025-01-18 01:28:16,448 - WARNING - \u26a0\ufe0f Não foi possível determinar o valor mínimo de compra para ETHUSDT.
2025-01-18 01:28:48,271 - INFO - \U0001f50d Informações da Binance para BTCUSDT: {'symbol': 'BTCUSDT', 'status': 'TRADING', 'baseAsset': 'BTC', 'baseAssetPrecision': 8, 'quoteAsset': 'USDT', 'quotePrecision': 8, 'quoteAssetPrecision': 8, 'baseCommissionPrecision': 8, 'quoteCommissionPrecision': 8, 'orderTypes': ['LIMIT', 'LIMIT_MAKER', 'MARKET', 'STOP_LOSS', 'STOP_LOSS_LIMIT', 'TAKE_PROFIT', 'TAKE_PROFIT_LIMIT'], 'icebergAllowed': True, 'ocoAllowed': True, 'otoAllowed': True, 'quoteOrderQtyMarketAllowed': True, 'allowTrailingStop': True, 'cancelReplaceAllowed': True, 'isSpotTradingAllowed': True, 'isMarginTradingAllowed': True, 'filters': [{'filterType': 'PRICE_FILTER', 'minPrice': '0.01000000', 'maxPrice': '1000000.00000000', 'tickSize': '0.01000000'}, {'filterType': 'LOT_SIZE', 'minQty': '0.00001000', 'maxQty': '9000.00000000', 'stepSize': '0.00001000'}, {'filterType': 'ICEBERG_PARTS', 'limit': 10}, {'filterType': 'MARKET_LOT_SIZE', 'minQty': '0.00000000', 'maxQty': '89.67500095', 'stepSize': '0.00000000'}, {'filterType': 'TRAILING_DELTA', 'minTrailingAboveDelta': 10, 'maxTrailingAboveDelta': 2000, 'minTrailingBelowDelta': 10, 'maxTrailingBelowDelta': 2000}, {'filterType': 'PERCENT_PRICE_BY_SIDE', 'bidMultiplierUp': '5', 'bidMultiplierDown': '0.2', 'askMultiplierUp': '5', 'askMultiplierDown': '0.2', 'avgPriceMins': 5}, {'filterType': 'NOTIONAL', 'minNotional': '5.00000000', 'applyMinToMarket': True, 'maxNotional': '9000000.00000000', 'applyMaxToMarket': False, 'avgPriceMins': 5}, {'filterType': 'MAX_NUM_ORDERS', 'maxNumOrders': 200}, {'filterType': 'MAX_NUM_ALGO_ORDERS', 'maxNumAlgoOrders': 5}], 'permissions': [], 'permissionSets': [['SPOT', 'MARGIN', 'TRD_GRP_004', 'TRD_GRP_005', 'TRD_GRP_006', 'TRD_GRP_009', 'TRD_GRP_010', 'TRD_GRP_011', 'TRD_GRP_012', 'TRD_GRP_013', 'TRD_GRP_014', 'TRD_GRP_015', 'TRD_GRP_016', 'TRD_GRP_017', 'TRD_GRP_018', 'TRD_GRP_019', 'TRD_GRP_020', 'TRD_GRP_021', 'TRD_GRP_022', 'TRD_GRP_023', 'TRD_GRP_024', 'TRD_GRP_025', 'TRD_GRP_026', 'TRD_GRP_027', 'TRD_GRP_028', 'TRD_GRP_029', 'TRD_GRP_030', 'TRD_GRP_031', 'TRD_GRP_032', 'TRD_GRP_033', 'TRD_GRP_034', 'TRD_GRP_035', 'TRD_GRP_036', 'TRD_GRP_037', 'TRD_GRP_038', 'TRD_GRP_039', 'TRD_GRP_040', 'TRD_GRP_041', 'TRD_GRP_042', 'TRD_GRP_043', 'TRD_GRP_044', 'TRD_GRP_045', 'TRD_GRP_046', 'TRD_GRP_047', 'TRD_GRP_048', 'TRD_GRP_049', 'TRD_GRP_050', 'TRD_GRP_051', 'TRD_GRP_052', 'TRD_GRP_053', 'TRD_GRP_054', 'TRD_GRP_055', 'TRD_GRP_056', 'TRD_GRP_057', 'TRD_GRP_058', 'TRD_GRP_059', 'TRD_GRP_060', 'TRD_GRP_061', 'TRD_GRP_062', 'TRD_GRP_063', 'TRD_GRP_064', 'TRD_GRP_065', 'TRD_GRP_066', 'TRD_GRP_067', 'TRD_GRP_068', 'TRD_GRP_069', 'TRD_GRP_070', 'TRD_GRP_071', 'TRD_GRP_072', 'TRD_GRP_073', 'TRD_GRP_074', 'TRD_GRP_075', 'TRD_GRP_076', 'TRD_GRP_077', 'TRD_GRP_078', 'TRD_GRP_079', 'TRD_GRP_080', 'TRD_GRP_081', 'TRD_GRP_082', 'TRD_GRP_083', 'TRD_GRP_084', 'TRD_GRP_085', 'TRD_GRP_086', 'TRD_GRP_087', 'TRD_GRP_088', 'TRD_GRP_089', 'TRD_GRP_090', 'TRD_GRP_091', 'TRD_GRP_092', 'TRD_GRP_093', 'TRD_GRP_094', 'TRD_GRP_095', 'TRD_GRP_096', 'TRD_GRP_097', 'TRD_GRP_098', 'TRD_GRP_099', 'TRD_GRP_100', 'TRD_GRP_101', 'TRD_GRP_102', 'TRD_GRP_103', 'TRD_GRP_104', 'TRD_GRP_105', 'TRD_GRP_106', 'TRD_GRP_107', 'TRD_GRP_108', 'TRD_GRP_109', 'TRD_GRP_110', 'TRD_GRP_111', 'TRD_GRP_112', 'TRD_GRP_113', 'TRD_GRP_114', 'TRD_GRP_115', 'TRD_GRP_116', 'TRD_GRP_117', 'TRD_GRP_118', 'TRD_GRP_119', 'TRD_GRP_120', 'TRD_GRP_121', 'TRD_GRP_122', 'TRD_GRP_123', 'TRD_GRP_124', 'TRD_GRP_125', 'TRD_GRP_126', 'TRD_GRP_127', 'TRD_GRP_128', 'TRD_GRP_129', 'TRD_GRP_130', 'TRD_GRP_131', 'TRD_GRP_132', 'TRD_GRP_133', 'TRD_GRP_134', 'TRD_GRP_135', 'TRD_GRP_136', 'TRD_GRP_137', 'TRD_GRP_138', 'TRD_GRP_139', 'TRD_GRP_140', 'TRD_GRP_141', 'TRD_GRP_142', 'TRD_GRP_143', 'TRD_GRP_144', 'TRD_GRP_145', 'TRD_GRP_146', 'TRD_GRP_147', 'TRD_GRP_148', 'TRD_GRP_149', 'TRD_GRP_150', 'TRD_GRP_151', 'TRD_GRP_152', 'TRD_GRP_153', 'TRD_GRP_154', 'TRD_GRP_155', 'TRD_GRP_156', 'TRD_GRP_157', 'TRD_GRP_158', 'TRD_GRP_159', 'TRD_GRP_160', 'TRD_GRP_161', 'TRD_GRP_162', 'TRD_GRP_163', 'TRD_GRP_164', 'TRD_GRP_165', 'TRD_GRP_166', 'TRD_GRP_167', 'TRD_GRP_168', 'TRD_GRP_169', 'TRD_GRP_170', 'TRD_GRP_171', 'TRD_GRP_172', 'TRD_GRP_173', 'TRD_GRP_174', 'TRD_GRP_175', 'TRD_GRP_176', 'TRD_GRP_177', 'TRD_GRP_178', 'TRD_GRP_179', 'TRD_GRP_180', 'TRD_GRP_181', 'TRD_GRP_182', 'TRD_GRP_183', 'TRD_GRP_184', 'TRD_GRP_185', 'TRD_GRP_186', 'TRD_GRP_187', 'TRD_GRP_188', 'TRD_GRP_189', 'TRD_GRP_190', 'TRD_GRP_191', 'TRD_GRP_192', 'TRD_GRP_193', 'TRD_GRP_194', 'TRD_GRP_195', 'TRD_GRP_196', 'TRD_GRP_197', 'TRD_GRP_198', 'TRD_GRP_199', 'TRD_GRP_200', 'TRD_GRP_201', 'TRD_GRP_202', 'TRD_GRP_203', 'TRD_GRP_204', 'TRD_GRP_205', 'TRD_GRP_206', 'TRD_GRP_207', 'TRD_GRP_208', 'TRD_GRP_209', 'TRD_GRP_210', 'TRD_GRP_211', 'TRD_GRP_212', 'TRD_GRP_213', 'TRD_GRP_214', 'TRD_GRP_215', 'TRD_GRP_216', 'TRD_GRP_217', 'TRD_GRP_218', 'TRD_GRP_219', 'TRD_GRP_220', 'TRD_GRP_221', 'TRD_GRP_222', 'TRD_GRP_223', 'TRD_GRP_224', 'TRD_GRP_225', 'TRD_GRP_226', 'TRD_GRP_227', 'TRD_GRP_228', 'TRD_GRP_229', 'TRD_GRP_230', 'TRD_GRP_231', 'TRD_GRP_232', 'TRD_GRP_233', 'TRD_GRP_234', 'TRD_GRP_235']], 'defaultSelfTradePreventionMode': 'EXPIRE_MAKER', 'allowedSelfTradePreventionModes': ['EXPIRE_TAKER', 'EXPIRE_MAKER', 'EXPIRE_BOTH']}
2025-01-18 01:28:48,272 - WARNING - \u26a0\ufe0f Filtro MIN_NOTIONAL não encontrado para BTCUSDT.
2025-01-18 01:28:49,066 - WARNING - \u26a0\ufe0f Não foi possível determinar o valor mínimo de compra para BTCUSDT.
2025-01-18 01:28:49,829 - INFO - \U0001f50d Informações da Binance para ETHUSDT: {'symbol': 'ETHUSDT', 'status': 'TRADING', 'baseAsset': 'ETH', 'baseAssetPrecision': 8, 'quoteAsset': 'USDT', 'quotePrecision': 8, 'quoteAssetPrecision': 8, 'baseCommissionPrecision': 8, 'quoteCommissionPrecision': 8, 'orderTypes': ['LIMIT', 'LIMIT_MAKER', 'MARKET', 'STOP_LOSS', 'STOP_LOSS_LIMIT', 'TAKE_PROFIT', 'TAKE_PROFIT_LIMIT'], 'icebergAllowed': True, 'ocoAllowed': True, 'otoAllowed': True, 'quoteOrderQtyMarketAllowed': True, 'allowTrailingStop': True, 'cancelReplaceAllowed': True, 'isSpotTradingAllowed': True, 'isMarginTradingAllowed': True, 'filters': [{'filterType': 'PRICE_FILTER', 'minPrice': '0.01000000', 'maxPrice': '1000000.00000000', 'tickSize': '0.01000000'}, {'filterType': 'LOT_SIZE', 'minQty': '0.00010000', 'maxQty': '9000.00000000', 'stepSize': '0.00010000'}, {'filterType': 'ICEBERG_PARTS', 'limit': 10}, {'filterType': 'MARKET_LOT_SIZE', 'minQty': '0.00000000', 'maxQty': '2418.75700375', 'stepSize': '0.00000000'}, {'filterType': 'TRAILING_DELTA', 'minTrailingAboveDelta': 10, 'maxTrailingAboveDelta': 2000, 'minTrailingBelowDelta': 10, 'maxTrailingBelowDelta': 2000}, {'filterType': 'PERCENT_PRICE_BY_SIDE', 'bidMultiplierUp': '5', 'bidMultiplierDown': '0.2', 'askMultiplierUp': '5', 'askMultiplierDown': '0.2', 'avgPriceMins': 5}, {'filterType': 'NOTIONAL', 'minNotional': '5.00000000', 'applyMinToMarket': True, 'maxNotional': '9000000.00000000', 'applyMaxToMarket': False, 'avgPriceMins': 5}, {'filterType': 'MAX_NUM_ORDERS', 'maxNumOrders': 200}, {'filterType': 'MAX_NUM_ALGO_ORDERS', 'maxNumAlgoOrders': 5}], 'permissions': [], 'permissionSets': [['SPOT', 'MARGIN', 'TRD_GRP_004', 'TRD_GRP_005', 'TRD_GRP_006', 'TRD_GRP_009', 'TRD_GRP_010', 'TRD_GRP_011', 'TRD_GRP_012', 'TRD_GRP_013', 'TRD_GRP_014', 'TRD_GRP_015', 'TRD_GRP_016', 'TRD_GRP_017', 'TRD_GRP_018', 'TRD_GRP_019', 'TRD_GRP_020', 'TRD_GRP_021', 'TRD_GRP_022', 'TRD_GRP_023', 'TRD_GRP_024', 'TRD_GRP_025', 'TRD_GRP_026', 'TRD_GRP_027', 'TRD_GRP_028', 'TRD_GRP_029', 'TRD_GRP_030', 'TRD_GRP_031', 'TRD_GRP_032', 'TRD_GRP_033', 'TRD_GRP_034', 'TRD_GRP_035', 'TRD_GRP_036', 'TRD_GRP_037', 'TRD_GRP_038', 'TRD_GRP_039', 'TRD_GRP_040', 'TRD_GRP_041', 'TRD_GRP_042', 'TRD_GRP_043', 'TRD_GRP_044', 'TRD_GRP_045', 'TRD_GRP_046', 'TRD_GRP_047', 'TRD_GRP_048', 'TRD_GRP_049', 'TRD_GRP_050', 'TRD_GRP_051', 'TRD_GRP_052', 'TRD_GRP_053', 'TRD_GRP_054', 'TRD_GRP_055', 'TRD_GRP_056', 'TRD_GRP_057', 'TRD_GRP_058', 'TRD_GRP_059', 'TRD_GRP_060', 'TRD_GRP_061', 'TRD_GRP_062', 'TRD_GRP_063', 'TRD_GRP_064', 'TRD_GRP_065', 'TRD_GRP_066', 'TRD_GRP_067', 'TRD_GRP_068', 'TRD_GRP_069', 'TRD_GRP_070', 'TRD_GRP_071', 'TRD_GRP_072', 'TRD_GRP_073', 'TRD_GRP_074', 'TRD_GRP_075', 'TRD_GRP_076', 'TRD_GRP_077', 'TRD_GRP_078', 'TRD_GRP_079', 'TRD_GRP_080', 'TRD_GRP_081', 'TRD_GRP_082', 'TRD_GRP_083', 'TRD_GRP_084', 'TRD_GRP_085', 'TRD_GRP_086', 'TRD_GRP_087', 'TRD_GRP_088', 'TRD_GRP_089', 'TRD_GRP_090', 'TRD_GRP_091', 'TRD_GRP_092', 'TRD_GRP_093', 'TRD_GRP_094', 'TRD_GRP_095', 'TRD_GRP_096', 'TRD_GRP_097', 'TRD_GRP_098', 'TRD_GRP_099', 'TRD_GRP_100', 'TRD_GRP_101', 'TRD_GRP_102', 'TRD_GRP_103', 'TRD_GRP_104', 'TRD_GRP_105', 'TRD_GRP_106', 'TRD_GRP_107', 'TRD_GRP_108', 'TRD_GRP_109', 'TRD_GRP_110', 'TRD_GRP_111', 'TRD_GRP_112', 'TRD_GRP_113', 'TRD_GRP_114', 'TRD_GRP_115', 'TRD_GRP_116', 'TRD_GRP_117', 'TRD_GRP_118', 'TRD_GRP_119', 'TRD_GRP_120', 'TRD_GRP_121', 'TRD_GRP_122', 'TRD_GRP_123', 'TRD_GRP_124', 'TRD_GRP_125', 'TRD_GRP_126', 'TRD_GRP_127', 'TRD_GRP_128', 'TRD_GRP_129', 'TRD_GRP_130', 'TRD_GRP_131', 'TRD_GRP_132', 'TRD_GRP_133', 'TRD_GRP_134', 'TRD_GRP_135', 'TRD_GRP_136', 'TRD_GRP_137', 'TRD_GRP_138', 'TRD_GRP_139', 'TRD_GRP_140', 'TRD_GRP_141', 'TRD_GRP_142', 'TRD_GRP_143', 'TRD_GRP_144', 'TRD_GRP_145', 'TRD_GRP_146', 'TRD_GRP_147', 'TRD_GRP_148', 'TRD_GRP_149', 'TRD_GRP_150', 'TRD_GRP_151', 'TRD_GRP_152', 'TRD_GRP_153', 'TRD_GRP_154', 'TRD_GRP_155', 'TRD_GRP_156', 'TRD_GRP_157', 'TRD_GRP_158', 'TRD_GRP_159', 'TRD_GRP_160', 'TRD_GRP_161', 'TRD_GRP_162', 'TRD_GRP_163', 'TRD_GRP_164', 'TRD_GRP_165', 'TRD_GRP_166', 'TRD_GRP_167', 'TRD_GRP_168', 'TRD_GRP_169', 'TRD_GRP_170', 'TRD_GRP_171', 'TRD_GRP_172', 'TRD_GRP_173', 'TRD_GRP_174', 'TRD_GRP_175', 'TRD_GRP_176', 'TRD_GRP_177', 'TRD_GRP_178', 'TRD_GRP_179', 'TRD_GRP_180', 'TRD_GRP_181', 'TRD_GRP_182', 'TRD_GRP_183', 'TRD_GRP_184', 'TRD_GRP_185', 'TRD_GRP_186', 'TRD_GRP_187', 'TRD_GRP_188', 'TRD_GRP_189', 'TRD_GRP_190', 'TRD_GRP_191', 'TRD_GRP_192', 'TRD_GRP_193', 'TRD_GRP_194', 'TRD_GRP_195', 'TRD_GRP_196', 'TRD_GRP_197', 'TRD_GRP_198', 'TRD_GRP_199', 'TRD_GRP_200', 'TRD_GRP_201', 'TRD_GRP_202', 'TRD_GRP_203', 'TRD_GRP_204', 'TRD_GRP_205', 'TRD_GRP_206', 'TRD_GRP_207', 'TRD_GRP_208', 'TRD_GRP_209', 'TRD_GRP_210', 'TRD_GRP_211', 'TRD_GRP_212', 'TRD_GRP_213', 'TRD_GRP_214', 'TRD_GRP_215', 'TRD_GRP_216', 'TRD_GRP_217', 'TRD_GRP_218', 'TRD_GRP_219', 'TRD_GRP_220', 'TRD_GRP_221', 'TRD_GRP_222', 'TRD_GRP_223', 'TRD_GRP_224', 'TRD_GRP_225', 'TRD_GRP_226', 'TRD_GRP_227', 'TRD_GRP_228', 'TRD_GRP_229', 'TRD_GRP_230', 'TRD_GRP_231', 'TRD_GRP_232', 'TRD_GRP_233', 'TRD_GRP_234', 'TRD_GRP_235']], 'defaultSelfTradePreventionMode': 'EXPIRE_MAKER', 'allowedSelfTradePreventionModes': ['EXPIRE_TAKER', 'EXPIRE_MAKER', 'EXPIRE_BOTH']}
2025-01-18 01:28:49,830 - WARNING - \u26a0\ufe0f Filtro MIN_NOTIONAL não encontrado para ETHUSDT.
2025-01-18 01:28:50,623 - WARNING - \u26a0\ufe0f Não foi possível determinar o valor mínimo de compra para ETHUSDT.
2025-01-18 01:29:22,411 - INFO - \U0001f50d Informações da Binance para BTCUSDT: {'symbol': 'BTCUSDT', 'status': 'TRADING', 'baseAsset': 'BTC', 'baseAssetPrecision': 8, 'quoteAsset': 'USDT', 'quotePrecision': 8, 'quoteAssetPrecision': 8, 'baseCommissionPrecision': 8, 'quoteCommissionPrecision': 8, 'orderTypes': ['LIMIT', 'LIMIT_MAKER', 'MARKET', 'STOP_LOSS', 'STOP_LOSS_LIMIT', 'TAKE_PROFIT', 'TAKE_PROFIT_LIMIT'], 'icebergAllowed': True, 'ocoAllowed': True, 'otoAllowed': True, 'quoteOrderQtyMarketAllowed': True, 'allowTrailingStop': True, 'cancelReplaceAllowed': True, 'isSpotTradingAllowed': True, 'isMarginTradingAllowed': True, 'filters': [{'filterType': 'PRICE_FILTER', 'minPrice': '0.01000000', 'maxPrice': '1000000.00000000', 'tickSize': '0.01000000'}, {'filterType': 'LOT_SIZE', 'minQty': '0.00001000', 'maxQty': '9000.00000000', 'stepSize': '0.00001000'}, {'filterType': 'ICEBERG_PARTS', 'limit': 10}, {'filterType': 'MARKET_LOT_SIZE', 'minQty': '0.00000000', 'maxQty': '89.67500095', 'stepSize': '0.00000000'}, {'filterType': 'TRAILING_DELTA', 'minTrailingAboveDelta': 10, 'maxTrailingAboveDelta': 2000, 'minTrailingBelowDelta': 10, 'maxTrailingBelowDelta': 2000}, {'filterType': 'PERCENT_PRICE_BY_SIDE', 'bidMultiplierUp': '5', 'bidMultiplierDown': '0.2', 'askMultiplierUp': '5', 'askMultiplierDown': '0.2', 'avgPriceMins': 5}, {'filterType': 'NOTIONAL', 'minNotional': '5.00000000', 'applyMinToMarket': True, 'maxNotional': '9000000.00000000', 'applyMaxToMarket': False, 'avgPriceMins': 5}, {'filterType': 'MAX_NUM_ORDERS', 'maxNumOrders': 200}, {'filterType': 'MAX_NUM_ALGO_ORDERS', 'maxNumAlgoOrders': 5}], 'permissions': [], 'permissionSets': [['SPOT', 'MARGIN', 'TRD_GRP_004', 'TRD_GRP_005', 'TRD_GRP_006', 'TRD_GRP_009', 'TRD_GRP_010', 'TRD_GRP_011', 'TRD_GRP_012', 'TRD_GRP_013', 'TRD_GRP_014', 'TRD_GRP_015', 'TRD_GRP_016', 'TRD_GRP_017', 'TRD_GRP_018', 'TRD_GRP_019', 'TRD_GRP_020', 'TRD_GRP_021', 'TRD_GRP_022', 'TRD_GRP_023', 'TRD_GRP_024', 'TRD_GRP_025', 'TRD_GRP_026', 'TRD_GRP_027', 'TRD_GRP_028', 'TRD_GRP_029', 'TRD_GRP_030', 'TRD_GRP_031', 'TRD_GRP_032', 'TRD_GRP_033', 'TRD_GRP_034', 'TRD_GRP_035', 'TRD_GRP_036', 'TRD_GRP_037', 'TRD_GRP_038', 'TRD_GRP_039', 'TRD_GRP_040', 'TRD_GRP_041', 'TRD_GRP_042', 'TRD_GRP_043', 'TRD_GRP_044', 'TRD_GRP_045', 'TRD_GRP_046', 'TRD_GRP_047', 'TRD_GRP_048', 'TRD_GRP_049', 'TRD_GRP_050', 'TRD_GRP_051', 'TRD_GRP_052', 'TRD_GRP_053', 'TRD_GRP_054', 'TRD_GRP_055', 'TRD_GRP_056', 'TRD_GRP_057', 'TRD_GRP_058', 'TRD_GRP_059', 'TRD_GRP_060', 'TRD_GRP_061', 'TRD_GRP_062', 'TRD_GRP_063', 'TRD_GRP_064', 'TRD_GRP_065', 'TRD_GRP_066', 'TRD_GRP_067', 'TRD_GRP_068', 'TRD_GRP_069', 'TRD_GRP_070', 'TRD_GRP_071', 'TRD_GRP_072', 'TRD_GRP_073', 'TRD_GRP_074', 'TRD_GRP_075', 'TRD_GRP_076', 'TRD_GRP_077', 'TRD_GRP_078', 'TRD_GRP_079', 'TRD_GRP_080', 'TRD_GRP_081', 'TRD_GRP_082', 'TRD_GRP_083', 'TRD_GRP_084', 'TRD_GRP_085', 'TRD_GRP_086', 'TRD_GRP_087', 'TRD_GRP_088', 'TRD_GRP_089', 'TRD_GRP_090', 'TRD_GRP_091', 'TRD_GRP_092', 'TRD_GRP_093', 'TRD_GRP_094', 'TRD_GRP_095', 'TRD_GRP_096', 'TRD_GRP_097', 'TRD_GRP_098', 'TRD_GRP_099', 'TRD_GRP_100', 'TRD_GRP_101', 'TRD_GRP_102', 'TRD_GRP_103', 'TRD_GRP_104', 'TRD_GRP_105', 'TRD_GRP_106', 'TRD_GRP_107', 'TRD_GRP_108', 'TRD_GRP_109', 'TRD_GRP_110', 'TRD_GRP_111', 'TRD_GRP_112', 'TRD_GRP_113', 'TRD_GRP_114', 'TRD_GRP_115', 'TRD_GRP_116', 'TRD_GRP_117', 'TRD_GRP_118', 'TRD_GRP_119', 'TRD_GRP_120', 'TRD_GRP_121', 'TRD_GRP_122', 'TRD_GRP_123', 'TRD_GRP_124', 'TRD_GRP_125', 'TRD_GRP_126', 'TRD_GRP_127', 'TRD_GRP_128', 'TRD_GRP_129', 'TRD_GRP_130', 'TRD_GRP_131', 'TRD_GRP_132', 'TRD_GRP_133', 'TRD_GRP_134', 'TRD_GRP_135', 'TRD_GRP_136', 'TRD_GRP_137', 'TRD_GRP_138', 'TRD_GRP_139', 'TRD_GRP_140', 'TRD_GRP_141', 'TRD_GRP_142', 'TRD_GRP_143', 'TRD_GRP_144', 'TRD_GRP_145', 'TRD_GRP_146', 'TRD_GRP_147', 'TRD_GRP_148', 'TRD_GRP_149', 'TRD_GRP_150', 'TRD_GRP_151', 'TRD_GRP_152', 'TRD_GRP_153', 'TRD_GRP_154', 'TRD_GRP_155', 'TRD_GRP_156', 'TRD_GRP_157', 'TRD_GRP_158', 'TRD_GRP_159', 'TRD_GRP_160', 'TRD_GRP_161', 'TRD_GRP_162', 'TRD_GRP_163', 'TRD_GRP_164', 'TRD_GRP_165', 'TRD_GRP_166', 'TRD_GRP_167', 'TRD_GRP_168', 'TRD_GRP_169', 'TRD_GRP_170', 'TRD_GRP_171', 'TRD_GRP_172', 'TRD_GRP_173', 'TRD_GRP_174', 'TRD_GRP_175', 'TRD_GRP_176', 'TRD_GRP_177', 'TRD_GRP_178', 'TRD_GRP_179', 'TRD_GRP_180', 'TRD_GRP_181', 'TRD_GRP_182', 'TRD_GRP_183', 'TRD_GRP_184', 'TRD_GRP_185', 'TRD_GRP_186', 'TRD_GRP_187', 'TRD_GRP_188', 'TRD_GRP_189', 'TRD_GRP_190', 'TRD_GRP_191', 'TRD_GRP_192', 'TRD_GRP_193', 'TRD_GRP_194', 'TRD_GRP_195', 'TRD_GRP_196', 'TRD_GRP_197', 'TRD_GRP_198', 'TRD_GRP_199', 'TRD_GRP_200', 'TRD_GRP_201', 'TRD_GRP_202', 'TRD_GRP_203', 'TRD_GRP_204', 'TRD_GRP_205', 'TRD_GRP_206', 'TRD_GRP_207', 'TRD_GRP_208', 'TRD_GRP_209', 'TRD_GRP_210', 'TRD_GRP_211', 'TRD_GRP_212', 'TRD_GRP_213', 'TRD_GRP_214', 'TRD_GRP_215', 'TRD_GRP_216', 'TRD_GRP_217', 'TRD_GRP_218', 'TRD_GRP_219', 'TRD_GRP_220', 'TRD_GRP_221', 'TRD_GRP_222', 'TRD_GRP_223', 'TRD_GRP_224', 'TRD_GRP_225', 'TRD_GRP_226', 'TRD_GRP_227', 'TRD_GRP_228', 'TRD_GRP_229', 'TRD_GRP_230', 'TRD_GRP_231', 'TRD_GRP_232', 'TRD_GRP_233', 'TRD_GRP_234', 'TRD_GRP_235']], 'defaultSelfTradePreventionMode': 'EXPIRE_MAKER', 'allowedSelfTradePreventionModes': ['EXPIRE_TAKER', 'EXPIRE_MAKER', 'EXPIRE_BOTH']}
2025-01-18 01:29:22,411 - WARNING - \u26a0\ufe0f Filtro MIN_NOTIONAL não encontrado para BTCUSDT.
2025-01-18 01:29:23,215 - WARNING - \u26a0\ufe0f Não foi possível determinar o valor mínimo de compra para BTCUSDT.
2025-01-18 01:29:23,969 - INFO - \U0001f50d Informações da Binance para ETHUSDT: {'symbol': 'ETHUSDT', 'status': 'TRADING', 'baseAsset': 'ETH', 'baseAssetPrecision': 8, 'quoteAsset': 'USDT', 'quotePrecision': 8, 'quoteAssetPrecision': 8, 'baseCommissionPrecision': 8, 'quoteCommissionPrecision': 8, 'orderTypes': ['LIMIT', 'LIMIT_MAKER', 'MARKET', 'STOP_LOSS', 'STOP_LOSS_LIMIT', 'TAKE_PROFIT', 'TAKE_PROFIT_LIMIT'], 'icebergAllowed': True, 'ocoAllowed': True, 'otoAllowed': True, 'quoteOrderQtyMarketAllowed': True, 'allowTrailingStop': True, 'cancelReplaceAllowed': True, 'isSpotTradingAllowed': True, 'isMarginTradingAllowed': True, 'filters': [{'filterType': 'PRICE_FILTER', 'minPrice': '0.01000000', 'maxPrice': '1000000.00000000', 'tickSize': '0.01000000'}, {'filterType': 'LOT_SIZE', 'minQty': '0.00010000', 'maxQty': '9000.00000000', 'stepSize': '0.00010000'}, {'filterType': 'ICEBERG_PARTS', 'limit': 10}, {'filterType': 'MARKET_LOT_SIZE', 'minQty': '0.00000000', 'maxQty': '2418.75700375', 'stepSize': '0.00000000'}, {'filterType': 'TRAILING_DELTA', 'minTrailingAboveDelta': 10, 'maxTrailingAboveDelta': 2000, 'minTrailingBelowDelta': 10, 'maxTrailingBelowDelta': 2000}, {'filterType': 'PERCENT_PRICE_BY_SIDE', 'bidMultiplierUp': '5', 'bidMultiplierDown': '0.2', 'askMultiplierUp': '5', 'askMultiplierDown': '0.2', 'avgPriceMins': 5}, {'filterType': 'NOTIONAL', 'minNotional': '5.00000000', 'applyMinToMarket': True, 'maxNotional': '9000000.00000000', 'applyMaxToMarket': False, 'avgPriceMins': 5}, {'filterType': 'MAX_NUM_ORDERS', 'maxNumOrders': 200}, {'filterType': 'MAX_NUM_ALGO_ORDERS', 'maxNumAlgoOrders': 5}], 'permissions': [], 'permissionSets': [['SPOT', 'MARGIN', 'TRD_GRP_004', 'TRD_GRP_005', 'TRD_GRP_006', 'TRD_GRP_009', 'TRD_GRP_010', 'TRD_GRP_011', 'TRD_GRP_012', 'TRD_GRP_013', 'TRD_GRP_014', 'TRD_GRP_015', 'TRD_GRP_016', 'TRD_GRP_017', 'TRD_GRP_018', 'TRD_GRP_019', 'TRD_GRP_020', 'TRD_GRP_021', 'TRD_GRP_022', 'TRD_GRP_023', 'TRD_GRP_024', 'TRD_GRP_025', 'TRD_GRP_026', 'TRD_GRP_027', 'TRD_GRP_028', 'TRD_GRP_029', 'TRD_GRP_030', 'TRD_GRP_031', 'TRD_GRP_032', 'TRD_GRP_033', 'TRD_GRP_034', 'TRD_GRP_035', 'TRD_GRP_036', 'TRD_GRP_037', 'TRD_GRP_038', 'TRD_GRP_039', 'TRD_GRP_040', 'TRD_GRP_041', 'TRD_GRP_042', 'TRD_GRP_043', 'TRD_GRP_044', 'TRD_GRP_045', 'TRD_GRP_046', 'TRD_GRP_047', 'TRD_GRP_048', 'TRD_GRP_049', 'TRD_GRP_050', 'TRD_GRP_051', 'TRD_GRP_052', 'TRD_GRP_053', 'TRD_GRP_054', 'TRD_GRP_055', 'TRD_GRP_056', 'TRD_GRP_057', 'TRD_GRP_058', 'TRD_GRP_059', 'TRD_GRP_060', 'TRD_GRP_061', 'TRD_GRP_062', 'TRD_GRP_063', 'TRD_GRP_064', 'TRD_GRP_065', 'TRD_GRP_066', 'TRD_GRP_067', 'TRD_GRP_068', 'TRD_GRP_069', 'TRD_GRP_070', 'TRD_GRP_071', 'TRD_GRP_072', 'TRD_GRP_073', 'TRD_GRP_074', 'TRD_GRP_075', 'TRD_GRP_076', 'TRD_GRP_077', 'TRD_GRP_078', 'TRD_GRP_079', 'TRD_GRP_080', 'TRD_GRP_081', 'TRD_GRP_082', 'TRD_GRP_083', 'TRD_GRP_084', 'TRD_GRP_085', 'TRD_GRP_086', 'TRD_GRP_087', 'TRD_GRP_088', 'TRD_GRP_089', 'TRD_GRP_090', 'TRD_GRP_091', 'TRD_GRP_092', 'TRD_GRP_093', 'TRD_GRP_094', 'TRD_GRP_095', 'TRD_GRP_096', 'TRD_GRP_097', 'TRD_GRP_098', 'TRD_GRP_099', 'TRD_GRP_100', 'TRD_GRP_101', 'TRD_GRP_102', 'TRD_GRP_103', 'TRD_GRP_104', 'TRD_GRP_105', 'TRD_GRP_106', 'TRD_GRP_107', 'TRD_GRP_108', 'TRD_GRP_109', 'TRD_GRP_110', 'TRD_GRP_111', 'TRD_GRP_112', 'TRD_GRP_113', 'TRD_GRP_114', 'TRD_GRP_115', 'TRD_GRP_116', 'TRD_GRP_117', 'TRD_GRP_118', 'TRD_GRP_119', 'TRD_GRP_120', 'TRD_GRP_121', 'TRD_GRP_122', 'TRD_GRP_123', 'TRD_GRP_124', 'TRD_GRP_125', 'TRD_GRP_126', 'TRD_GRP_127', 'TRD_GRP_128', 'TRD_GRP_129', 'TRD_GRP_130', 'TRD_GRP_131', 'TRD_GRP_132', 'TRD_GRP_133', 'TRD_GRP_134', 'TRD_GRP_135', 'TRD_GRP_136', 'TRD_GRP_137', 'TRD_GRP_138', 'TRD_GRP_139', 'TRD_GRP_140', 'TRD_GRP_141', 'TRD_GRP_142', 'TRD_GRP_143', 'TRD_GRP_144', 'TRD_GRP_145', 'TRD_GRP_146', 'TRD_GRP_147', 'TRD_GRP_148', 'TRD_GRP_149', 'TRD_GRP_150', 'TRD_GRP_151', 'TRD_GRP_152', 'TRD_GRP_153', 'TRD_GRP_154', 'TRD_GRP_155', 'TRD_GRP_156', 'TRD_GRP_157', 'TRD_GRP_158', 'TRD_GRP_159', 'TRD_GRP_160', 'TRD_GRP_161', 'TRD_GRP_162', 'TRD_GRP_163', 'TRD_GRP_164', 'TRD_GRP_165', 'TRD_GRP_166', 'TRD_GRP_167', 'TRD_GRP_168', 'TRD_GRP_169', 'TRD_GRP_170', 'TRD_GRP_171', 'TRD_GRP_172', 'TRD_GRP_173', 'TRD_GRP_174', 'TRD_GRP_175', 'TRD_GRP_176', 'TRD_GRP_177', 'TRD_GRP_178', 'TRD_GRP_179', 'TRD_GRP_180', 'TRD_GRP_181', 'TRD_GRP_182', 'TRD_GRP_183', 'TRD_GRP_184', 'TRD_GRP_185', 'TRD_GRP_186', 'TRD_GRP_187', 'TRD_GRP_188', 'TRD_GRP_189', 'TRD_GRP_190', 'TRD_GRP_191', 'TRD_GRP_192', 'TRD_GRP_193', 'TRD_GRP_194', 'TRD_GRP_195', 'TRD_GRP_196', 'TRD_GRP_197', 'TRD_GRP_198', 'TRD_GRP_199', 'TRD_GRP_200', 'TRD_GRP_201', 'TRD_GRP_202', 'TRD_GRP_203', 'TRD_GRP_204', 'TRD_GRP_205', 'TRD_GRP_206', 'TRD_GRP_207', 'TRD_GRP_208', 'TRD_GRP_209', 'TRD_GRP_210', 'TRD_GRP_211', 'TRD_GRP_212', 'TRD_GRP_213', 'TRD_GRP_214', 'TRD_GRP_215', 'TRD_GRP_216', 'TRD_GRP_217', 'TRD_GRP_218', 'TRD_GRP_219', 'TRD_GRP_220', 'TRD_GRP_221', 'TRD_GRP_222', 'TRD_GRP_223', 'TRD_GRP_224', 'TRD_GRP_225', 'TRD_GRP_226', 'TRD_GRP_227', 'TRD_GRP_228', 'TRD_GRP_229', 'TRD_GRP_230', 'TRD_GRP_231', 'TRD_GRP_232', 'TRD_GRP_233', 'TRD_GRP_234', 'TRD_GRP_235']], 'defaultSelfTradePreventionMode': 'EXPIRE_MAKER', 'allowedSelfTradePreventionModes': ['EXPIRE_TAKER', 'EXPIRE_MAKER', 'EXPIRE_BOTH']}
2025-01-18 01:29:23,969 - WARNING - \u26a0\ufe0f Filtro MIN_NOTIONAL não encontrado para ETHUSDT.
2025-01-18 01:29:24,689 - WARNING - \u26a0\ufe0f Não foi possível determinar o valor mínimo de compra para ETHUSDT.
2025-01-18 01:29:56,517 - INFO - \U0001f50d Informações da Binance para BTCUSDT: {'symbol': 'BTCUSDT', 'status': 'TRADING', 'baseAsset': 'BTC', 'baseAssetPrecision': 8, 'quoteAsset': 'USDT', 'quotePrecision': 8, 'quoteAssetPrecision': 8, 'baseCommissionPrecision': 8, 'quoteCommissionPrecision': 8, 'orderTypes': ['LIMIT', 'LIMIT_MAKER', 'MARKET', 'STOP_LOSS', 'STOP_LOSS_LIMIT', 'TAKE_PROFIT', 'TAKE_PROFIT_LIMIT'], 'icebergAllowed': True, 'ocoAllowed': True, 'otoAllowed': True, 'quoteOrderQtyMarketAllowed': True, 'allowTrailingStop': True, 'cancelReplaceAllowed': True, 'isSpotTradingAllowed': True, 'isMarginTradingAllowed': True, 'filters': [{'filterType': 'PRICE_FILTER', 'minPrice': '0.01000000', 'maxPrice': '1000000.00000000', 'tickSize': '0.01000000'}, {'filterType': 'LOT_SIZE', 'minQty': '0.00001000', 'maxQty': '9000.00000000', 'stepSize': '0.00001000'}, {'filterType': 'ICEBERG_PARTS', 'limit': 10}, {'filterType': 'MARKET_LOT_SIZE', 'minQty': '0.00000000', 'maxQty': '89.67500095', 'stepSize': '0.00000000'}, {'filterType': 'TRAILING_DELTA', 'minTrailingAboveDelta': 10, 'maxTrailingAboveDelta': 2000, 'minTrailingBelowDelta': 10, 'maxTrailingBelowDelta': 2000}, {'filterType': 'PERCENT_PRICE_BY_SIDE', 'bidMultiplierUp': '5', 'bidMultiplierDown': '0.2', 'askMultiplierUp': '5', 'askMultiplierDown': '0.2', 'avgPriceMins': 5}, {'filterType': 'NOTIONAL', 'minNotional': '5.00000000', 'applyMinToMarket': True, 'maxNotional': '9000000.00000000', 'applyMaxToMarket': False, 'avgPriceMins': 5}, {'filterType': 'MAX_NUM_ORDERS', 'maxNumOrders': 200}, {'filterType': 'MAX_NUM_ALGO_ORDERS', 'maxNumAlgoOrders': 5}], 'permissions': [], 'permissionSets': [['SPOT', 'MARGIN', 'TRD_GRP_004', 'TRD_GRP_005', 'TRD_GRP_006', 'TRD_GRP_009', 'TRD_GRP_010', 'TRD_GRP_011', 'TRD_GRP_012', 'TRD_GRP_013', 'TRD_GRP_014', 'TRD_GRP_015', 'TRD_GRP_016', 'TRD_GRP_017', 'TRD_GRP_018', 'TRD_GRP_019', 'TRD_GRP_020', 'TRD_GRP_021', 'TRD_GRP_022', 'TRD_GRP_023', 'TRD_GRP_024', 'TRD_GRP_025', 'TRD_GRP_026', 'TRD_GRP_027', 'TRD_GRP_028', 'TRD_GRP_029', 'TRD_GRP_030', 'TRD_GRP_031', 'TRD_GRP_032', 'TRD_GRP_033', 'TRD_GRP_034', 'TRD_GRP_035', 'TRD_GRP_036', 'TRD_GRP_037', 'TRD_GRP_038', 'TRD_GRP_039', 'TRD_GRP_040', 'TRD_GRP_041', 'TRD_GRP_042', 'TRD_GRP_043', 'TRD_GRP_044', 'TRD_GRP_045', 'TRD_GRP_046', 'TRD_GRP_047', 'TRD_GRP_048', 'TRD_GRP_049', 'TRD_GRP_050', 'TRD_GRP_051', 'TRD_GRP_052', 'TRD_GRP_053', 'TRD_GRP_054', 'TRD_GRP_055', 'TRD_GRP_056', 'TRD_GRP_057', 'TRD_GRP_058', 'TRD_GRP_059', 'TRD_GRP_060', 'TRD_GRP_061', 'TRD_GRP_062', 'TRD_GRP_063', 'TRD_GRP_064', 'TRD_GRP_065', 'TRD_GRP_066', 'TRD_GRP_067', 'TRD_GRP_068', 'TRD_GRP_069', 'TRD_GRP_070', 'TRD_GRP_071', 'TRD_GRP_072', 'TRD_GRP_073', 'TRD_GRP_074', 'TRD_GRP_075', 'TRD_GRP_076', 'TRD_GRP_077', 'TRD_GRP_078', 'TRD_GRP_079', 'TRD_GRP_080', 'TRD_GRP_081', 'TRD_GRP_082', 'TRD_GRP_083', 'TRD_GRP_084', 'TRD_GRP_085', 'TRD_GRP_086', 'TRD_GRP_087', 'TRD_GRP_088', 'TRD_GRP_089', 'TRD_GRP_090', 'TRD_GRP_091', 'TRD_GRP_092', 'TRD_GRP_093', 'TRD_GRP_094', 'TRD_GRP_095', 'TRD_GRP_096', 'TRD_GRP_097', 'TRD_GRP_098', 'TRD_GRP_099', 'TRD_GRP_100', 'TRD_GRP_101', 'TRD_GRP_102', 'TRD_GRP_103', 'TRD_GRP_104', 'TRD_GRP_105', 'TRD_GRP_106', 'TRD_GRP_107', 'TRD_GRP_108', 'TRD_GRP_109', 'TRD_GRP_110', 'TRD_GRP_111', 'TRD_GRP_112', 'TRD_GRP_113', 'TRD_GRP_114', 'TRD_GRP_115', 'TRD_GRP_116', 'TRD_GRP_117', 'TRD_GRP_118', 'TRD_GRP_119', 'TRD_GRP_120', 'TRD_GRP_121', 'TRD_GRP_122', 'TRD_GRP_123', 'TRD_GRP_124', 'TRD_GRP_125', 'TRD_GRP_126', 'TRD_GRP_127', 'TRD_GRP_128', 'TRD_GRP_129', 'TRD_GRP_130', 'TRD_GRP_131', 'TRD_GRP_132', 'TRD_GRP_133', 'TRD_GRP_134', 'TRD_GRP_135', 'TRD_GRP_136', 'TRD_GRP_137', 'TRD_GRP_138', 'TRD_GRP_139', 'TRD_GRP_140', 'TRD_GRP_141', 'TRD_GRP_142', 'TRD_GRP_143', 'TRD_GRP_144', 'TRD_GRP_145', 'TRD_GRP_146', 'TRD_GRP_147', 'TRD_GRP_148', 'TRD_GRP_149', 'TRD_GRP_150', 'TRD_GRP_151', 'TRD_GRP_152', 'TRD_GRP_153', 'TRD_GRP_154', 'TRD_GRP_155', 'TRD_GRP_156', 'TRD_GRP_157', 'TRD_GRP_158', 'TRD_GRP_159', 'TRD_GRP_160', 'TRD_GRP_161', 'TRD_GRP_162', 'TRD_GRP_163', 'TRD_GRP_164', 'TRD_GRP_165', 'TRD_GRP_166', 'TRD_GRP_167', 'TRD_GRP_168', 'TRD_GRP_169', 'TRD_GRP_170', 'TRD_GRP_171', 'TRD_GRP_172', 'TRD_GRP_173', 'TRD_GRP_174', 'TRD_GRP_175', 'TRD_GRP_176', 'TRD_GRP_177', 'TRD_GRP_178', 'TRD_GRP_179', 'TRD_GRP_180', 'TRD_GRP_181', 'TRD_GRP_182', 'TRD_GRP_183', 'TRD_GRP_184', 'TRD_GRP_185', 'TRD_GRP_186', 'TRD_GRP_187', 'TRD_GRP_188', 'TRD_GRP_189', 'TRD_GRP_190', 'TRD_GRP_191', 'TRD_GRP_192', 'TRD_GRP_193', 'TRD_GRP_194', 'TRD_GRP_195', 'TRD_GRP_196', 'TRD_GRP_197', 'TRD_GRP_198', 'TRD_GRP_199', 'TRD_GRP_200', 'TRD_GRP_201', 'TRD_GRP_202', 'TRD_GRP_203', 'TRD_GRP_204', 'TRD_GRP_205', 'TRD_GRP_206', 'TRD_GRP_207', 'TRD_GRP_208', 'TRD_GRP_209', 'TRD_GRP_210', 'TRD_GRP_211', 'TRD_GRP_212', 'TRD_GRP_213', 'TRD_GRP_214', 'TRD_GRP_215', 'TRD_GRP_216', 'TRD_GRP_217', 'TRD_GRP_218', 'TRD_GRP_219', 'TRD_GRP_220', 'TRD_GRP_221', 'TRD_GRP_222', 'TRD_GRP_223', 'TRD_GRP_224', 'TRD_GRP_225', 'TRD_GRP_226', 'TRD_GRP_227', 'TRD_GRP_228', 'TRD_GRP_229', 'TRD_GRP_230', 'TRD_GRP_231', 'TRD_GRP_232', 'TRD_GRP_233', 'TRD_GRP_234', 'TRD_GRP_235']], 'defaultSelfTradePreventionMode': 'EXPIRE_MAKER', 'allowedSelfTradePreventionModes': ['EXPIRE_TAKER', 'EXPIRE_MAKER', 'EXPIRE_BOTH']}
2025-01-18 01:29:56,518 - WARNING - \u26a0\ufe0f Filtro MIN_NOTIONAL não encontrado para BTCUSDT.
2025-01-18 01:29:57,327 - WARNING - \u26a0\ufe0f Não foi possível determinar o valor mínimo de compra para BTCUSDT.
2025-01-18 01:29:58,090 - INFO - \U0001f50d Informações da Binance para ETHUSDT: {'symbol': 'ETHUSDT', 'status': 'TRADING', 'baseAsset': 'ETH', 'baseAssetPrecision': 8, 'quoteAsset': 'USDT', 'quotePrecision': 8, 'quoteAssetPrecision': 8, 'baseCommissionPrecision': 8, 'quoteCommissionPrecision': 8, 'orderTypes': ['LIMIT', 'LIMIT_MAKER', 'MARKET', 'STOP_LOSS', 'STOP_LOSS_LIMIT', 'TAKE_PROFIT', 'TAKE_PROFIT_LIMIT'], 'icebergAllowed': True, 'ocoAllowed': True, 'otoAllowed': True, 'quoteOrderQtyMarketAllowed': True, 'allowTrailingStop': True, 'cancelReplaceAllowed': True, 'isSpotTradingAllowed': True, 'isMarginTradingAllowed': True, 'filters': [{'filterType': 'PRICE_FILTER', 'minPrice': '0.01000000', 'maxPrice': '1000000.00000000', 'tickSize': '0.01000000'}, {'filterType': 'LOT_SIZE', 'minQty': '0.00010000', 'maxQty': '9000.00000000', 'stepSize': '0.00010000'}, {'filterType': 'ICEBERG_PARTS', 'limit': 10}, {'filterType': 'MARKET_LOT_SIZE', 'minQty': '0.00000000', 'maxQty': '2418.75700375', 'stepSize': '0.00000000'}, {'filterType': 'TRAILING_DELTA', 'minTrailingAboveDelta': 10, 'maxTrailingAboveDelta': 2000, 'minTrailingBelowDelta': 10, 'maxTrailingBelowDelta': 2000}, {'filterType': 'PERCENT_PRICE_BY_SIDE', 'bidMultiplierUp': '5', 'bidMultiplierDown': '0.2', 'askMultiplierUp': '5', 'askMultiplierDown': '0.2', 'avgPriceMins': 5}, {'filterType': 'NOTIONAL', 'minNotional': '5.00000000', 'applyMinToMarket': True, 'maxNotional': '9000000.00000000', 'applyMaxToMarket': False, 'avgPriceMins': 5}, {'filterType': 'MAX_NUM_ORDERS', 'maxNumOrders': 200}, {'filterType': 'MAX_NUM_ALGO_ORDERS', 'maxNumAlgoOrders': 5}], 'permissions': [], 'permissionSets': [['SPOT', 'MARGIN', 'TRD_GRP_004', 'TRD_GRP_005', 'TRD_GRP_006', 'TRD_GRP_009', 'TRD_GRP_010', 'TRD_GRP_011', 'TRD_GRP_012', 'TRD_GRP_013', 'TRD_GRP_014', 'TRD_GRP_015', 'TRD_GRP_016', 'TRD_GRP_017', 'TRD_GRP_018', 'TRD_GRP_019', 'TRD_GRP_020', 'TRD_GRP_021', 'TRD_GRP_022', 'TRD_GRP_023', 'TRD_GRP_024', 'TRD_GRP_025', 'TRD_GRP_026', 'TRD_GRP_027', 'TRD_GRP_028', 'TRD_GRP_029', 'TRD_GRP_030', 'TRD_GRP_031', 'TRD_GRP_032', 'TRD_GRP_033', 'TRD_GRP_034', 'TRD_GRP_035', 'TRD_GRP_036', 'TRD_GRP_037', 'TRD_GRP_038', 'TRD_GRP_039', 'TRD_GRP_040', 'TRD_GRP_041', 'TRD_GRP_042', 'TRD_GRP_043', 'TRD_GRP_044', 'TRD_GRP_045', 'TRD_GRP_046', 'TRD_GRP_047', 'TRD_GRP_048', 'TRD_GRP_049', 'TRD_GRP_050', 'TRD_GRP_051', 'TRD_GRP_052', 'TRD_GRP_053', 'TRD_GRP_054', 'TRD_GRP_055', 'TRD_GRP_056', 'TRD_GRP_057', 'TRD_GRP_058', 'TRD_GRP_059', 'TRD_GRP_060', 'TRD_GRP_061', 'TRD_GRP_062', 'TRD_GRP_063', 'TRD_GRP_064', 'TRD_GRP_065', 'TRD_GRP_066', 'TRD_GRP_067', 'TRD_GRP_068', 'TRD_GRP_069', 'TRD_GRP_070', 'TRD_GRP_071', 'TRD_GRP_072', 'TRD_GRP_073', 'TRD_GRP_074', 'TRD_GRP_075', 'TRD_GRP_076', 'TRD_GRP_077', 'TRD_GRP_078', 'TRD_GRP_079', 'TRD_GRP_080', 'TRD_GRP_081', 'TRD_GRP_082', 'TRD_GRP_083', 'TRD_GRP_084', 'TRD_GRP_085', 'TRD_GRP_086', 'TRD_GRP_087', 'TRD_GRP_088', 'TRD_GRP_089', 'TRD_GRP_090', 'TRD_GRP_091', 'TRD_GRP_092', 'TRD_GRP_093', 'TRD_GRP_094', 'TRD_GRP_095', 'TRD_GRP_096', 'TRD_GRP_097', 'TRD_GRP_098', 'TRD_GRP_099', 'TRD_GRP_100', 'TRD_GRP_101', 'TRD_GRP_102', 'TRD_GRP_103', 'TRD_GRP_104', 'TRD_GRP_105', 'TRD_GRP_106', 'TRD_GRP_107', 'TRD_GRP_108', 'TRD_GRP_109', 'TRD_GRP_110', 'TRD_GRP_111', 'TRD_GRP_112', 'TRD_GRP_113', 'TRD_GRP_114', 'TRD_GRP_115', 'TRD_GRP_116', 'TRD_GRP_117', 'TRD_GRP_118', 'TRD_GRP_119', 'TRD_GRP_120', 'TRD_GRP_121', 'TRD_GRP_122', 'TRD_GRP_123', 'TRD_GRP_124', 'TRD_GRP_125', 'TRD_GRP_126', 'TRD_GRP_127', 'TRD_GRP_128', 'TRD_GRP_129', 'TRD_GRP_130', 'TRD_GRP_131', 'TRD_GRP_132', 'TRD_GRP_133', 'TRD_GRP_134', 'TRD_GRP_135', 'TRD_GRP_136', 'TRD_GRP_137', 'TRD_GRP_138', 'TRD_GRP_139', 'TRD_GRP_140', 'TRD_GRP_141', 'TRD_GRP_142', 'TRD_GRP_143', 'TRD_GRP_144', 'TRD_GRP_145', 'TRD_GRP_146', 'TRD_GRP_147', 'TRD_GRP_148', 'TRD_GRP_149', 'TRD_GRP_150', 'TRD_GRP_151', 'TRD_GRP_152', 'TRD_GRP_153', 'TRD_GRP_154', 'TRD_GRP_155', 'TRD_GRP_156', 'TRD_GRP_157', 'TRD_GRP_158', 'TRD_GRP_159', 'TRD_GRP_160', 'TRD_GRP_161', 'TRD_GRP_162', 'TRD_GRP_163', 'TRD_GRP_164', 'TRD_GRP_165', 'TRD_GRP_166', 'TRD_GRP_167', 'TRD_GRP_168', 'TRD_GRP_169', 'TRD_GRP_170', 'TRD_GRP_171', 'TRD_GRP_172', 'TRD_GRP_173', 'TRD_GRP_174', 'TRD_GRP_175', 'TRD_GRP_176', 'TRD_GRP_177', 'TRD_GRP_178', 'TRD_GRP_179', 'TRD_GRP_180', 'TRD_GRP_181', 'TRD_GRP_182', 'TRD_GRP_183', 'TRD_GRP_184', 'TRD_GRP_185', 'TRD_GRP_186', 'TRD_GRP_187', 'TRD_GRP_188', 'TRD_GRP_189', 'TRD_GRP_190', 'TRD_GRP_191', 'TRD_GRP_192', 'TRD_GRP_193', 'TRD_GRP_194', 'TRD_GRP_195', 'TRD_GRP_196', 'TRD_GRP_197', 'TRD_GRP_198', 'TRD_GRP_199', 'TRD_GRP_200', 'TRD_GRP_201', 'TRD_GRP_202', 'TRD_GRP_203', 'TRD_GRP_204', 'TRD_GRP_205', 'TRD_GRP_206', 'TRD_GRP_207', 'TRD_GRP_208', 'TRD_GRP_209', 'TRD_GRP_210', 'TRD_GRP_211', 'TRD_GRP_212', 'TRD_GRP_213', 'TRD_GRP_214', 'TRD_GRP_215', 'TRD_GRP_216', 'TRD_GRP_217', 'TRD_GRP_218', 'TRD_GRP_219', 'TRD_GRP_220', 'TRD_GRP_221', 'TRD_GRP_222', 'TRD_GRP_223', 'TRD_GRP_224', 'TRD_GRP_225', 'TRD_GRP_226', 'TRD_GRP_227', 'TRD_GRP_228', 'TRD_GRP_229', 'TRD_GRP_230', 'TRD_GRP_231', 'TRD_GRP_232', 'TRD_GRP_233', 'TRD_GRP_234', 'TRD_GRP_235']], 'defaultSelfTradePreventionMode': 'EXPIRE_MAKER', 'allowedSelfTradePreventionModes': ['EXPIRE_TAKER', 'EXPIRE_MAKER', 'EXPIRE_BOTH']}
2025-01-18 01:29:58,091 - WARNING - \u26a0\ufe0f Filtro MIN_NOTIONAL não encontrado para ETHUSDT.
2025-01-18 01:29:58,949 - WARNING - \u26a0\ufe0f Não foi possível determinar o valor mínimo de compra para ETHUSDT.
2025-01-18 01:30:30,355 - INFO - \U0001f50d Informações da Binance para BTCUSDT: {'symbol': 'BTCUSDT', 'status': 'TRADING', 'baseAsset': 'BTC', 'baseAssetPrecision': 8, 'quoteAsset': 'USDT', 'quotePrecision': 8, 'quoteAssetPrecision': 8, 'baseCommissionPrecision': 8, 'quoteCommissionPrecision': 8, 'orderTypes': ['LIMIT', 'LIMIT_MAKER', 'MARKET', 'STOP_LOSS', 'STOP_LOSS_LIMIT', 'TAKE_PROFIT', 'TAKE_PROFIT_LIMIT'], 'icebergAllowed': True, 'ocoAllowed': True, 'otoAllowed': True, 'quoteOrderQtyMarketAllowed': True, 'allowTrailingStop': True, 'cancelReplaceAllowed': True, 'isSpotTradingAllowed': True, 'isMarginTradingAllowed': True, 'filters': [{'filterType': 'PRICE_FILTER', 'minPrice': '0.01000000', 'maxPrice': '1000000.00000000', 'tickSize': '0.01000000'}, {'filterType': 'LOT_SIZE', 'minQty': '0.00001000', 'maxQty': '9000.00000000', 'stepSize': '0.00001000'}, {'filterType': 'ICEBERG_PARTS', 'limit': 10}, {'filterType': 'MARKET_LOT_SIZE', 'minQty': '0.00000000', 'maxQty': '89.67500095', 'stepSize': '0.00000000'}, {'filterType': 'TRAILING_DELTA', 'minTrailingAboveDelta': 10, 'maxTrailingAboveDelta': 2000, 'minTrailingBelowDelta': 10, 'maxTrailingBelowDelta': 2000}, {'filterType': 'PERCENT_PRICE_BY_SIDE', 'bidMultiplierUp': '5', 'bidMultiplierDown': '0.2', 'askMultiplierUp': '5', 'askMultiplierDown': '0.2', 'avgPriceMins': 5}, {'filterType': 'NOTIONAL', 'minNotional': '5.00000000', 'applyMinToMarket': True, 'maxNotional': '9000000.00000000', 'applyMaxToMarket': False, 'avgPriceMins': 5}, {'filterType': 'MAX_NUM_ORDERS', 'maxNumOrders': 200}, {'filterType': 'MAX_NUM_ALGO_ORDERS', 'maxNumAlgoOrders': 5}], 'permissions': [], 'permissionSets': [['SPOT', 'MARGIN', 'TRD_GRP_004', 'TRD_GRP_005', 'TRD_GRP_006', 'TRD_GRP_009', 'TRD_GRP_010', 'TRD_GRP_011', 'TRD_GRP_012', 'TRD_GRP_013', 'TRD_GRP_014', 'TRD_GRP_015', 'TRD_GRP_016', 'TRD_GRP_017', 'TRD_GRP_018', 'TRD_GRP_019', 'TRD_GRP_020', 'TRD_GRP_021', 'TRD_GRP_022', 'TRD_GRP_023', 'TRD_GRP_024', 'TRD_GRP_025', 'TRD_GRP_026', 'TRD_GRP_027', 'TRD_GRP_028', 'TRD_GRP_029', 'TRD_GRP_030', 'TRD_GRP_031', 'TRD_GRP_032', 'TRD_GRP_033', 'TRD_GRP_034', 'TRD_GRP_035', 'TRD_GRP_036', 'TRD_GRP_037', 'TRD_GRP_038', 'TRD_GRP_039', 'TRD_GRP_040', 'TRD_GRP_041', 'TRD_GRP_042', 'TRD_GRP_043', 'TRD_GRP_044', 'TRD_GRP_045', 'TRD_GRP_046', 'TRD_GRP_047', 'TRD_GRP_048', 'TRD_GRP_049', 'TRD_GRP_050', 'TRD_GRP_051', 'TRD_GRP_052', 'TRD_GRP_053', 'TRD_GRP_054', 'TRD_GRP_055', 'TRD_GRP_056', 'TRD_GRP_057', 'TRD_GRP_058', 'TRD_GRP_059', 'TRD_GRP_060', 'TRD_GRP_061', 'TRD_GRP_062', 'TRD_GRP_063', 'TRD_GRP_064', 'TRD_GRP_065', 'TRD_GRP_066', 'TRD_GRP_067', 'TRD_GRP_068', 'TRD_GRP_069', 'TRD_GRP_070', 'TRD_GRP_071', 'TRD_GRP_072', 'TRD_GRP_073', 'TRD_GRP_074', 'TRD_GRP_075', 'TRD_GRP_076', 'TRD_GRP_077', 'TRD_GRP_078', 'TRD_GRP_079', 'TRD_GRP_080', 'TRD_GRP_081', 'TRD_GRP_082', 'TRD_GRP_083', 'TRD_GRP_084', 'TRD_GRP_085', 'TRD_GRP_086', 'TRD_GRP_087', 'TRD_GRP_088', 'TRD_GRP_089', 'TRD_GRP_090', 'TRD_GRP_091', 'TRD_GRP_092', 'TRD_GRP_093', 'TRD_GRP_094', 'TRD_GRP_095', 'TRD_GRP_096', 'TRD_GRP_097', 'TRD_GRP_098', 'TRD_GRP_099', 'TRD_GRP_100', 'TRD_GRP_101', 'TRD_GRP_102', 'TRD_GRP_103', 'TRD_GRP_104', 'TRD_GRP_105', 'TRD_GRP_106', 'TRD_GRP_107', 'TRD_GRP_108', 'TRD_GRP_109', 'TRD_GRP_110', 'TRD_GRP_111', 'TRD_GRP_112', 'TRD_GRP_113', 'TRD_GRP_114', 'TRD_GRP_115', 'TRD_GRP_116', 'TRD_GRP_117', 'TRD_GRP_118', 'TRD_GRP_119', 'TRD_GRP_120', 'TRD_GRP_121', 'TRD_GRP_122', 'TRD_GRP_123', 'TRD_GRP_124', 'TRD_GRP_125', 'TRD_GRP_126', 'TRD_GRP_127', 'TRD_GRP_128', 'TRD_GRP_129', 'TRD_GRP_130', 'TRD_GRP_131', 'TRD_GRP_132', 'TRD_GRP_133', 'TRD_GRP_134', 'TRD_GRP_135', 'TRD_GRP_136', 'TRD_GRP_137', 'TRD_GRP_138', 'TRD_GRP_139', 'TRD_GRP_140', 'TRD_GRP_141', 'TRD_GRP_142', 'TRD_GRP_143', 'TRD_GRP_144', 'TRD_GRP_145', 'TRD_GRP_146', 'TRD_GRP_147', 'TRD_GRP_148', 'TRD_GRP_149', 'TRD_GRP_150', 'TRD_GRP_151', 'TRD_GRP_152', 'TRD_GRP_153', 'TRD_GRP_154', 'TRD_GRP_155', 'TRD_GRP_156', 'TRD_GRP_157', 'TRD_GRP_158', 'TRD_GRP_159', 'TRD_GRP_160', 'TRD_GRP_161', 'TRD_GRP_162', 'TRD_GRP_163', 'TRD_GRP_164', 'TRD_GRP_165', 'TRD_GRP_166', 'TRD_GRP_167', 'TRD_GRP_168', 'TRD_GRP_169', 'TRD_GRP_170', 'TRD_GRP_171', 'TRD_GRP_172', 'TRD_GRP_173', 'TRD_GRP_174', 'TRD_GRP_175', 'TRD_GRP_176', 'TRD_GRP_177', 'TRD_GRP_178', 'TRD_GRP_179', 'TRD_GRP_180', 'TRD_GRP_181', 'TRD_GRP_182', 'TRD_GRP_183', 'TRD_GRP_184', 'TRD_GRP_185', 'TRD_GRP_186', 'TRD_GRP_187', 'TRD_GRP_188', 'TRD_GRP_189', 'TRD_GRP_190', 'TRD_GRP_191', 'TRD_GRP_192', 'TRD_GRP_193', 'TRD_GRP_194', 'TRD_GRP_195', 'TRD_GRP_196', 'TRD_GRP_197', 'TRD_GRP_198', 'TRD_GRP_199', 'TRD_GRP_200', 'TRD_GRP_201', 'TRD_GRP_202', 'TRD_GRP_203', 'TRD_GRP_204', 'TRD_GRP_205', 'TRD_GRP_206', 'TRD_GRP_207', 'TRD_GRP_208', 'TRD_GRP_209', 'TRD_GRP_210', 'TRD_GRP_211', 'TRD_GRP_212', 'TRD_GRP_213', 'TRD_GRP_214', 'TRD_GRP_215', 'TRD_GRP_216', 'TRD_GRP_217', 'TRD_GRP_218', 'TRD_GRP_219', 'TRD_GRP_220', 'TRD_GRP_221', 'TRD_GRP_222', 'TRD_GRP_223', 'TRD_GRP_224', 'TRD_GRP_225', 'TRD_GRP_226', 'TRD_GRP_227', 'TRD_GRP_228', 'TRD_GRP_229', 'TRD_GRP_230', 'TRD_GRP_231', 'TRD_GRP_232', 'TRD_GRP_233', 'TRD_GRP_234', 'TRD_GRP_235']], 'defaultSelfTradePreventionMode': 'EXPIRE_MAKER', 'allowedSelfTradePreventionModes': ['EXPIRE_TAKER', 'EXPIRE_MAKER', 'EXPIRE_BOTH']}
2025-01-18 01:30:30,355 - WARNING - \u26a0\ufe0f Filtro MIN_NOTIONAL não encontrado para BTCUSDT.
2025-01-18 01:30:31,131 - WARNING - \u26a0\ufe0f Não foi possível determinar o valor mínimo de compra para BTCUSDT.
2025-01-18 01:30:31,881 - INFO - \U0001f50d Informações da Binance para ETHUSDT: {'symbol': 'ETHUSDT', 'status': 'TRADING', 'baseAsset': 'ETH', 'baseAssetPrecision': 8, 'quoteAsset': 'USDT', 'quotePrecision': 8, 'quoteAssetPrecision': 8, 'baseCommissionPrecision': 8, 'quoteCommissionPrecision': 8, 'orderTypes': ['LIMIT', 'LIMIT_MAKER', 'MARKET', 'STOP_LOSS', 'STOP_LOSS_LIMIT', 'TAKE_PROFIT', 'TAKE_PROFIT_LIMIT'], 'icebergAllowed': True, 'ocoAllowed': True, 'otoAllowed': True, 'quoteOrderQtyMarketAllowed': True, 'allowTrailingStop': True, 'cancelReplaceAllowed': True, 'isSpotTradingAllowed': True, 'isMarginTradingAllowed': True, 'filters': [{'filterType': 'PRICE_FILTER', 'minPrice': '0.01000000', 'maxPrice': '1000000.00000000', 'tickSize': '0.01000000'}, {'filterType': 'LOT_SIZE', 'minQty': '0.00010000', 'maxQty': '9000.00000000', 'stepSize': '0.00010000'}, {'filterType': 'ICEBERG_PARTS', 'limit': 10}, {'filterType': 'MARKET_LOT_SIZE', 'minQty': '0.00000000', 'maxQty': '2418.75700375', 'stepSize': '0.00000000'}, {'filterType': 'TRAILING_DELTA', 'minTrailingAboveDelta': 10, 'maxTrailingAboveDelta': 2000, 'minTrailingBelowDelta': 10, 'maxTrailingBelowDelta': 2000}, {'filterType': 'PERCENT_PRICE_BY_SIDE', 'bidMultiplierUp': '5', 'bidMultiplierDown': '0.2', 'askMultiplierUp': '5', 'askMultiplierDown': '0.2', 'avgPriceMins': 5}, {'filterType': 'NOTIONAL', 'minNotional': '5.00000000', 'applyMinToMarket': True, 'maxNotional': '9000000.00000000', 'applyMaxToMarket': False, 'avgPriceMins': 5}, {'filterType': 'MAX_NUM_ORDERS', 'maxNumOrders': 200}, {'filterType': 'MAX_NUM_ALGO_ORDERS', 'maxNumAlgoOrders': 5}], 'permissions': [], 'permissionSets': [['SPOT', 'MARGIN', 'TRD_GRP_004', 'TRD_GRP_005', 'TRD_GRP_006', 'TRD_GRP_009', 'TRD_GRP_010', 'TRD_GRP_011', 'TRD_GRP_012', 'TRD_GRP_013', 'TRD_GRP_014', 'TRD_GRP_015', 'TRD_GRP_016', 'TRD_GRP_017', 'TRD_GRP_018', 'TRD_GRP_019', 'TRD_GRP_020', 'TRD_GRP_021', 'TRD_GRP_022', 'TRD_GRP_023', 'TRD_GRP_024', 'TRD_GRP_025', 'TRD_GRP_026', 'TRD_GRP_027', 'TRD_GRP_028', 'TRD_GRP_029', 'TRD_GRP_030', 'TRD_GRP_031', 'TRD_GRP_032', 'TRD_GRP_033', 'TRD_GRP_034', 'TRD_GRP_035', 'TRD_GRP_036', 'TRD_GRP_037', 'TRD_GRP_038', 'TRD_GRP_039', 'TRD_GRP_040', 'TRD_GRP_041', 'TRD_GRP_042', 'TRD_GRP_043', 'TRD_GRP_044', 'TRD_GRP_045', 'TRD_GRP_046', 'TRD_GRP_047', 'TRD_GRP_048', 'TRD_GRP_049', 'TRD_GRP_050', 'TRD_GRP_051', 'TRD_GRP_052', 'TRD_GRP_053', 'TRD_GRP_054', 'TRD_GRP_055', 'TRD_GRP_056', 'TRD_GRP_057', 'TRD_GRP_058', 'TRD_GRP_059', 'TRD_GRP_060', 'TRD_GRP_061', 'TRD_GRP_062', 'TRD_GRP_063', 'TRD_GRP_064', 'TRD_GRP_065', 'TRD_GRP_066', 'TRD_GRP_067', 'TRD_GRP_068', 'TRD_GRP_069', 'TRD_GRP_070', 'TRD_GRP_071', 'TRD_GRP_072', 'TRD_GRP_073', 'TRD_GRP_074', 'TRD_GRP_075', 'TRD_GRP_076', 'TRD_GRP_077', 'TRD_GRP_078', 'TRD_GRP_079', 'TRD_GRP_080', 'TRD_GRP_081', 'TRD_GRP_082', 'TRD_GRP_083', 'TRD_GRP_084', 'TRD_GRP_085', 'TRD_GRP_086', 'TRD_GRP_087', 'TRD_GRP_088', 'TRD_GRP_089', 'TRD_GRP_090', 'TRD_GRP_091', 'TRD_GRP_092', 'TRD_GRP_093', 'TRD_GRP_094', 'TRD_GRP_095', 'TRD_GRP_096', 'TRD_GRP_097', 'TRD_GRP_098', 'TRD_GRP_099', 'TRD_GRP_100', 'TRD_GRP_101', 'TRD_GRP_102', 'TRD_GRP_103', 'TRD_GRP_104', 'TRD_GRP_105', 'TRD_GRP_106', 'TRD_GRP_107', 'TRD_GRP_108', 'TRD_GRP_109', 'TRD_GRP_110', 'TRD_GRP_111', 'TRD_GRP_112', 'TRD_GRP_113', 'TRD_GRP_114', 'TRD_GRP_115', 'TRD_GRP_116', 'TRD_GRP_117', 'TRD_GRP_118', 'TRD_GRP_119', 'TRD_GRP_120', 'TRD_GRP_121', 'TRD_GRP_122', 'TRD_GRP_123', 'TRD_GRP_124', 'TRD_GRP_125', 'TRD_GRP_126', 'TRD_GRP_127', 'TRD_GRP_128', 'TRD_GRP_129', 'TRD_GRP_130', 'TRD_GRP_131', 'TRD_GRP_132', 'TRD_GRP_133', 'TRD_GRP_134', 'TRD_GRP_135', 'TRD_GRP_136', 'TRD_GRP_137', 'TRD_GRP_138', 'TRD_GRP_139', 'TRD_GRP_140', 'TRD_GRP_141', 'TRD_GRP_142', 'TRD_GRP_143', 'TRD_GRP_144', 'TRD_GRP_145', 'TRD_GRP_146', 'TRD_GRP_147', 'TRD_GRP_148', 'TRD_GRP_149', 'TRD_GRP_150', 'TRD_GRP_151', 'TRD_GRP_152', 'TRD_GRP_153', 'TRD_GRP_154', 'TRD_GRP_155', 'TRD_GRP_156', 'TRD_GRP_157', 'TRD_GRP_158', 'TRD_GRP_159', 'TRD_GRP_160', 'TRD_GRP_161', 'TRD_GRP_162', 'TRD_GRP_163', 'TRD_GRP_164', 'TRD_GRP_165', 'TRD_GRP_166', 'TRD_GRP_167', 'TRD_GRP_168', 'TRD_GRP_169', 'TRD_GRP_170', 'TRD_GRP_171', 'TRD_GRP_172', 'TRD_GRP_173', 'TRD_GRP_174', 'TRD_GRP_175', 'TRD_GRP_176', 'TRD_GRP_177', 'TRD_GRP_178', 'TRD_GRP_179', 'TRD_GRP_180', 'TRD_GRP_181', 'TRD_GRP_182', 'TRD_GRP_183', 'TRD_GRP_184', 'TRD_GRP_185', 'TRD_GRP_186', 'TRD_GRP_187', 'TRD_GRP_188', 'TRD_GRP_189', 'TRD_GRP_190', 'TRD_GRP_191', 'TRD_GRP_192', 'TRD_GRP_193', 'TRD_GRP_194', 'TRD_GRP_195', 'TRD_GRP_196', 'TRD_GRP_197', 'TRD_GRP_198', 'TRD_GRP_199', 'TRD_GRP_200', 'TRD_GRP_201', 'TRD_GRP_202', 'TRD_GRP_203', 'TRD_GRP_204', 'TRD_GRP_205', 'TRD_GRP_206', 'TRD_GRP_207', 'TRD_GRP_208', 'TRD_GRP_209', 'TRD_GRP_210', 'TRD_GRP_211', 'TRD_GRP_212', 'TRD_GRP_213', 'TRD_GRP_214', 'TRD_GRP_215', 'TRD_GRP_216', 'TRD_GRP_217', 'TRD_GRP_218', 'TRD_GRP_219', 'TRD_GRP_220', 'TRD_GRP_221', 'TRD_GRP_222', 'TRD_GRP_223', 'TRD_GRP_224', 'TRD_GRP_225', 'TRD_GRP_226', 'TRD_GRP_227', 'TRD_GRP_228', 'TRD_GRP_229', 'TRD_GRP_230', 'TRD_GRP_231', 'TRD_GRP_232', 'TRD_GRP_233', 'TRD_GRP_234', 'TRD_GRP_235']], 'defaultSelfTradePreventionMode': 'EXPIRE_MAKER', 'allowedSelfTradePreventionModes': ['EXPIRE_TAKER', 'EXPIRE_MAKER', 'EXPIRE_BOTH']}
2025-01-18 01:30:31,881 - WARNING - \u26a0\ufe0f Filtro MIN_NOTIONAL não encontrado para ETHUSDT.
2025-01-18 01:30:32,633 - WARNING - \u26a0\ufe0f Não foi possível determinar o valor mínimo de compra para ETHUSDT.
2025-01-18 01:31:04,068 - INFO - \U0001f50d Informações da Binance para BTCUSDT: {'symbol': 'BTCUSDT', 'status': 'TRADING', 'baseAsset': 'BTC', 'baseAssetPrecision': 8, 'quoteAsset': 'USDT', 'quotePrecision': 8, 'quoteAssetPrecision': 8, 'baseCommissionPrecision': 8, 'quoteCommissionPrecision': 8, 'orderTypes': ['LIMIT', 'LIMIT_MAKER', 'MARKET', 'STOP_LOSS', 'STOP_LOSS_LIMIT', 'TAKE_PROFIT', 'TAKE_PROFIT_LIMIT'], 'icebergAllowed': True, 'ocoAllowed': True, 'otoAllowed': True, 'quoteOrderQtyMarketAllowed': True, 'allowTrailingStop': True, 'cancelReplaceAllowed': True, 'isSpotTradingAllowed': True, 'isMarginTradingAllowed': True, 'filters': [{'filterType': 'PRICE_FILTER', 'minPrice': '0.01000000', 'maxPrice': '1000000.00000000', 'tickSize': '0.01000000'}, {'filterType': 'LOT_SIZE', 'minQty': '0.00001000', 'maxQty': '9000.00000000', 'stepSize': '0.00001000'}, {'filterType': 'ICEBERG_PARTS', 'limit': 10}, {'filterType': 'MARKET_LOT_SIZE', 'minQty': '0.00000000', 'maxQty': '89.67500095', 'stepSize': '0.00000000'}, {'filterType': 'TRAILING_DELTA', 'minTrailingAboveDelta': 10, 'maxTrailingAboveDelta': 2000, 'minTrailingBelowDelta': 10, 'maxTrailingBelowDelta': 2000}, {'filterType': 'PERCENT_PRICE_BY_SIDE', 'bidMultiplierUp': '5', 'bidMultiplierDown': '0.2', 'askMultiplierUp': '5', 'askMultiplierDown': '0.2', 'avgPriceMins': 5}, {'filterType': 'NOTIONAL', 'minNotional': '5.00000000', 'applyMinToMarket': True, 'maxNotional': '9000000.00000000', 'applyMaxToMarket': False, 'avgPriceMins': 5}, {'filterType': 'MAX_NUM_ORDERS', 'maxNumOrders': 200}, {'filterType': 'MAX_NUM_ALGO_ORDERS', 'maxNumAlgoOrders': 5}], 'permissions': [], 'permissionSets': [['SPOT', 'MARGIN', 'TRD_GRP_004', 'TRD_GRP_005', 'TRD_GRP_006', 'TRD_GRP_009', 'TRD_GRP_010', 'TRD_GRP_011', 'TRD_GRP_012', 'TRD_GRP_013', 'TRD_GRP_014', 'TRD_GRP_015', 'TRD_GRP_016', 'TRD_GRP_017', 'TRD_GRP_018', 'TRD_GRP_019', 'TRD_GRP_020', 'TRD_GRP_021', 'TRD_GRP_022', 'TRD_GRP_023', 'TRD_GRP_024', 'TRD_GRP_025', 'TRD_GRP_026', 'TRD_GRP_027', 'TRD_GRP_028', 'TRD_GRP_029', 'TRD_GRP_030', 'TRD_GRP_031', 'TRD_GRP_032', 'TRD_GRP_033', 'TRD_GRP_034', 'TRD_GRP_035', 'TRD_GRP_036', 'TRD_GRP_037', 'TRD_GRP_038', 'TRD_GRP_039', 'TRD_GRP_040', 'TRD_GRP_041', 'TRD_GRP_042', 'TRD_GRP_043', 'TRD_GRP_044', 'TRD_GRP_045', 'TRD_GRP_046', 'TRD_GRP_047', 'TRD_GRP_048', 'TRD_GRP_049', 'TRD_GRP_050', 'TRD_GRP_051', 'TRD_GRP_052', 'TRD_GRP_053', 'TRD_GRP_054', 'TRD_GRP_055', 'TRD_GRP_056', 'TRD_GRP_057', 'TRD_GRP_058', 'TRD_GRP_059', 'TRD_GRP_060', 'TRD_GRP_061', 'TRD_GRP_062', 'TRD_GRP_063', 'TRD_GRP_064', 'TRD_GRP_065', 'TRD_GRP_066', 'TRD_GRP_067', 'TRD_GRP_068', 'TRD_GRP_069', 'TRD_GRP_070', 'TRD_GRP_071', 'TRD_GRP_072', 'TRD_GRP_073', 'TRD_GRP_074', 'TRD_GRP_075', 'TRD_GRP_076', 'TRD_GRP_077', 'TRD_GRP_078', 'TRD_GRP_079', 'TRD_GRP_080', 'TRD_GRP_081', 'TRD_GRP_082', 'TRD_GRP_083', 'TRD_GRP_084', 'TRD_GRP_085', 'TRD_GRP_086', 'TRD_GRP_087', 'TRD_GRP_088', 'TRD_GRP_089', 'TRD_GRP_090', 'TRD_GRP_091', 'TRD_GRP_092', 'TRD_GRP_093', 'TRD_GRP_094', 'TRD_GRP_095', 'TRD_GRP_096', 'TRD_GRP_097', 'TRD_GRP_098', 'TRD_GRP_099', 'TRD_GRP_100', 'TRD_GRP_101', 'TRD_GRP_102', 'TRD_GRP_103', 'TRD_GRP_104', 'TRD_GRP_105', 'TRD_GRP_106', 'TRD_GRP_107', 'TRD_GRP_108', 'TRD_GRP_109', 'TRD_GRP_110', 'TRD_GRP_111', 'TRD_GRP_112', 'TRD_GRP_113', 'TRD_GRP_114', 'TRD_GRP_115', 'TRD_GRP_116', 'TRD_GRP_117', 'TRD_GRP_118', 'TRD_GRP_119', 'TRD_GRP_120', 'TRD_GRP_121', 'TRD_GRP_122', 'TRD_GRP_123', 'TRD_GRP_124', 'TRD_GRP_125', 'TRD_GRP_126', 'TRD_GRP_127', 'TRD_GRP_128', 'TRD_GRP_129', 'TRD_GRP_130', 'TRD_GRP_131', 'TRD_GRP_132', 'TRD_GRP_133', 'TRD_GRP_134', 'TRD_GRP_135', 'TRD_GRP_136', 'TRD_GRP_137', 'TRD_GRP_138', 'TRD_GRP_139', 'TRD_GRP_140', 'TRD_GRP_141', 'TRD_GRP_142', 'TRD_GRP_143', 'TRD_GRP_144', 'TRD_GRP_145', 'TRD_GRP_146', 'TRD_GRP_147', 'TRD_GRP_148', 'TRD_GRP_149', 'TRD_GRP_150', 'TRD_GRP_151', 'TRD_GRP_152', 'TRD_GRP_153', 'TRD_GRP_154', 'TRD_GRP_155', 'TRD_GRP_156', 'TRD_GRP_157', 'TRD_GRP_158', 'TRD_GRP_159', 'TRD_GRP_160', 'TRD_GRP_161', 'TRD_GRP_162', 'TRD_GRP_163', 'TRD_GRP_164', 'TRD_GRP_165', 'TRD_GRP_166', 'TRD_GRP_167', 'TRD_GRP_168', 'TRD_GRP_169', 'TRD_GRP_170', 'TRD_GRP_171', 'TRD_GRP_172', 'TRD_GRP_173', 'TRD_GRP_174', 'TRD_GRP_175', 'TRD_GRP_176', 'TRD_GRP_177', 'TRD_GRP_178', 'TRD_GRP_179', 'TRD_GRP_180', 'TRD_GRP_181', 'TRD_GRP_182', 'TRD_GRP_183', 'TRD_GRP_184', 'TRD_GRP_185', 'TRD_GRP_186', 'TRD_GRP_187', 'TRD_GRP_188', 'TRD_GRP_189', 'TRD_GRP_190', 'TRD_GRP_191', 'TRD_GRP_192', 'TRD_GRP_193', 'TRD_GRP_194', 'TRD_GRP_195', 'TRD_GRP_196', 'TRD_GRP_197', 'TRD_GRP_198', 'TRD_GRP_199', 'TRD_GRP_200', 'TRD_GRP_201', 'TRD_GRP_202', 'TRD_GRP_203', 'TRD_GRP_204', 'TRD_GRP_205', 'TRD_GRP_206', 'TRD_GRP_207', 'TRD_GRP_208', 'TRD_GRP_209', 'TRD_GRP_210', 'TRD_GRP_211', 'TRD_GRP_212', 'TRD_GRP_213', 'TRD_GRP_214', 'TRD_GRP_215', 'TRD_GRP_216', 'TRD_GRP_217', 'TRD_GRP_218', 'TRD_GRP_219', 'TRD_GRP_220', 'TRD_GRP_221', 'TRD_GRP_222', 'TRD_GRP_223', 'TRD_GRP_224', 'TRD_GRP_225', 'TRD_GRP_226', 'TRD_GRP_227', 'TRD_GRP_228', 'TRD_GRP_229', 'TRD_GRP_230', 'TRD_GRP_231', 'TRD_GRP_232', 'TRD_GRP_233', 'TRD_GRP_234', 'TRD_GRP_235']], 'defaultSelfTradePreventionMode': 'EXPIRE_MAKER', 'allowedSelfTradePreventionModes': ['EXPIRE_TAKER', 'EXPIRE_MAKER', 'EXPIRE_BOTH']}
2025-01-18 01:31:04,068 - WARNING - \u26a0\ufe0f Filtro MIN_NOTIONAL não encontrado para BTCUSDT.
2025-01-18 01:31:05,076 - WARNING - \u26a0\ufe0f Não foi possível determinar o valor mínimo de compra para BTCUSDT.
2025-01-18 01:31:05,852 - INFO - \U0001f50d Informações da Binance para ETHUSDT: {'symbol': 'ETHUSDT', 'status': 'TRADING', 'baseAsset': 'ETH', 'baseAssetPrecision': 8, 'quoteAsset': 'USDT', 'quotePrecision': 8, 'quoteAssetPrecision': 8, 'baseCommissionPrecision': 8, 'quoteCommissionPrecision': 8, 'orderTypes': ['LIMIT', 'LIMIT_MAKER', 'MARKET', 'STOP_LOSS', 'STOP_LOSS_LIMIT', 'TAKE_PROFIT', 'TAKE_PROFIT_LIMIT'], 'icebergAllowed': True, 'ocoAllowed': True, 'otoAllowed': True, 'quoteOrderQtyMarketAllowed': True, 'allowTrailingStop': True, 'cancelReplaceAllowed': True, 'isSpotTradingAllowed': True, 'isMarginTradingAllowed': True, 'filters': [{'filterType': 'PRICE_FILTER', 'minPrice': '0.01000000', 'maxPrice': '1000000.00000000', 'tickSize': '0.01000000'}, {'filterType': 'LOT_SIZE', 'minQty': '0.00010000', 'maxQty': '9000.00000000', 'stepSize': '0.00010000'}, {'filterType': 'ICEBERG_PARTS', 'limit': 10}, {'filterType': 'MARKET_LOT_SIZE', 'minQty': '0.00000000', 'maxQty': '2418.75700375', 'stepSize': '0.00000000'}, {'filterType': 'TRAILING_DELTA', 'minTrailingAboveDelta': 10, 'maxTrailingAboveDelta': 2000, 'minTrailingBelowDelta': 10, 'maxTrailingBelowDelta': 2000}, {'filterType': 'PERCENT_PRICE_BY_SIDE', 'bidMultiplierUp': '5', 'bidMultiplierDown': '0.2', 'askMultiplierUp': '5', 'askMultiplierDown': '0.2', 'avgPriceMins': 5}, {'filterType': 'NOTIONAL', 'minNotional': '5.00000000', 'applyMinToMarket': True, 'maxNotional': '9000000.00000000', 'applyMaxToMarket': False, 'avgPriceMins': 5}, {'filterType': 'MAX_NUM_ORDERS', 'maxNumOrders': 200}, {'filterType': 'MAX_NUM_ALGO_ORDERS', 'maxNumAlgoOrders': 5}], 'permissions': [], 'permissionSets': [['SPOT', 'MARGIN', 'TRD_GRP_004', 'TRD_GRP_005', 'TRD_GRP_006', 'TRD_GRP_009', 'TRD_GRP_010', 'TRD_GRP_011', 'TRD_GRP_012', 'TRD_GRP_013', 'TRD_GRP_014', 'TRD_GRP_015', 'TRD_GRP_016', 'TRD_GRP_017', 'TRD_GRP_018', 'TRD_GRP_019', 'TRD_GRP_020', 'TRD_GRP_021', 'TRD_GRP_022', 'TRD_GRP_023', 'TRD_GRP_024', 'TRD_GRP_025', 'TRD_GRP_026', 'TRD_GRP_027', 'TRD_GRP_028', 'TRD_GRP_029', 'TRD_GRP_030', 'TRD_GRP_031', 'TRD_GRP_032', 'TRD_GRP_033', 'TRD_GRP_034', 'TRD_GRP_035', 'TRD_GRP_036', 'TRD_GRP_037', 'TRD_GRP_038', 'TRD_GRP_039', 'TRD_GRP_040', 'TRD_GRP_041', 'TRD_GRP_042', 'TRD_GRP_043', 'TRD_GRP_044', 'TRD_GRP_045', 'TRD_GRP_046', 'TRD_GRP_047', 'TRD_GRP_048', 'TRD_GRP_049', 'TRD_GRP_050', 'TRD_GRP_051', 'TRD_GRP_052', 'TRD_GRP_053', 'TRD_GRP_054', 'TRD_GRP_055', 'TRD_GRP_056', 'TRD_GRP_057', 'TRD_GRP_058', 'TRD_GRP_059', 'TRD_GRP_060', 'TRD_GRP_061', 'TRD_GRP_062', 'TRD_GRP_063', 'TRD_GRP_064', 'TRD_GRP_065', 'TRD_GRP_066', 'TRD_GRP_067', 'TRD_GRP_068', 'TRD_GRP_069', 'TRD_GRP_070', 'TRD_GRP_071', 'TRD_GRP_072', 'TRD_GRP_073', 'TRD_GRP_074', 'TRD_GRP_075', 'TRD_GRP_076', 'TRD_GRP_077', 'TRD_GRP_078', 'TRD_GRP_079', 'TRD_GRP_080', 'TRD_GRP_081', 'TRD_GRP_082', 'TRD_GRP_083', 'TRD_GRP_084', 'TRD_GRP_085', 'TRD_GRP_086', 'TRD_GRP_087', 'TRD_GRP_088', 'TRD_GRP_089', 'TRD_GRP_090', 'TRD_GRP_091', 'TRD_GRP_092', 'TRD_GRP_093', 'TRD_GRP_094', 'TRD_GRP_095', 'TRD_GRP_096', 'TRD_GRP_097', 'TRD_GRP_098', 'TRD_GRP_099', 'TRD_GRP_100', 'TRD_GRP_101', 'TRD_GRP_102', 'TRD_GRP_103', 'TRD_GRP_104', 'TRD_GRP_105', 'TRD_GRP_106', 'TRD_GRP_107', 'TRD_GRP_108', 'TRD_GRP_109', 'TRD_GRP_110', 'TRD_GRP_111', 'TRD_GRP_112', 'TRD_GRP_113', 'TRD_GRP_114', 'TRD_GRP_115', 'TRD_GRP_116', 'TRD_GRP_117', 'TRD_GRP_118', 'TRD_GRP_119', 'TRD_GRP_120', 'TRD_GRP_121', 'TRD_GRP_122', 'TRD_GRP_123', 'TRD_GRP_124', 'TRD_GRP_125', 'TRD_GRP_126', 'TRD_GRP_127', 'TRD_GRP_128', 'TRD_GRP_129', 'TRD_GRP_130', 'TRD_GRP_131', 'TRD_GRP_132', 'TRD_GRP_133', 'TRD_GRP_134', 'TRD_GRP_135', 'TRD_GRP_136', 'TRD_GRP_137', 'TRD_GRP_138', 'TRD_GRP_139', 'TRD_GRP_140', 'TRD_GRP_141', 'TRD_GRP_142', 'TRD_GRP_143', 'TRD_GRP_144', 'TRD_GRP_145', 'TRD_GRP_146', 'TRD_GRP_147', 'TRD_GRP_148', 'TRD_GRP_149', 'TRD_GRP_150', 'TRD_GRP_151', 'TRD_GRP_152', 'TRD_GRP_153', 'TRD_GRP_154', 'TRD_GRP_155', 'TRD_GRP_156', 'TRD_GRP_157', 'TRD_GRP_158', 'TRD_GRP_159', 'TRD_GRP_160', 'TRD_GRP_161', 'TRD_GRP_162', 'TRD_GRP_163', 'TRD_GRP_164', 'TRD_GRP_165', 'TRD_GRP_166', 'TRD_GRP_167', 'TRD_GRP_168', 'TRD_GRP_169', 'TRD_GRP_170', 'TRD_GRP_171', 'TRD_GRP_172', 'TRD_GRP_173', 'TRD_GRP_174', 'TRD_GRP_175', 'TRD_GRP_176', 'TRD_GRP_177', 'TRD_GRP_178', 'TRD_GRP_179', 'TRD_GRP_180', 'TRD_GRP_181', 'TRD_GRP_182', 'TRD_GRP_183', 'TRD_GRP_184', 'TRD_GRP_185', 'TRD_GRP_186', 'TRD_GRP_187', 'TRD_GRP_188', 'TRD_GRP_189', 'TRD_GRP_190', 'TRD_GRP_191', 'TRD_GRP_192', 'TRD_GRP_193', 'TRD_GRP_194', 'TRD_GRP_195', 'TRD_GRP_196', 'TRD_GRP_197', 'TRD_GRP_198', 'TRD_GRP_199', 'TRD_GRP_200', 'TRD_GRP_201', 'TRD_GRP_202', 'TRD_GRP_203', 'TRD_GRP_204', 'TRD_GRP_205', 'TRD_GRP_206', 'TRD_GRP_207', 'TRD_GRP_208', 'TRD_GRP_209', 'TRD_GRP_210', 'TRD_GRP_211', 'TRD_GRP_212', 'TRD_GRP_213', 'TRD_GRP_214', 'TRD_GRP_215', 'TRD_GRP_216', 'TRD_GRP_217', 'TRD_GRP_218', 'TRD_GRP_219', 'TRD_GRP_220', 'TRD_GRP_221', 'TRD_GRP_222', 'TRD_GRP_223', 'TRD_GRP_224', 'TRD_GRP_225', 'TRD_GRP_226', 'TRD_GRP_227', 'TRD_GRP_228', 'TRD_GRP_229', 'TRD_GRP_230', 'TRD_GRP_231', 'TRD_GRP_232', 'TRD_GRP_233', 'TRD_GRP_234', 'TRD_GRP_235']], 'defaultSelfTradePreventionMode': 'EXPIRE_MAKER', 'allowedSelfTradePreventionModes': ['EXPIRE_TAKER', 'EXPIRE_MAKER', 'EXPIRE_BOTH']}
2025-01-18 01:31:05,852 - WARNING - \u26a0\ufe0f Filtro MIN_NOTIONAL não encontrado para ETHUSDT.
2025-01-18 01:31:06,628 - WARNING - \u26a0\ufe0f Não foi possível determinar o valor mínimo de compra para ETHUSDT.
2025-01-18 01:31:38,701 - INFO - \U0001f50d Informações da Binance para BTCUSDT: {'symbol': 'BTCUSDT', 'status': 'TRADING', 'baseAsset': 'BTC', 'baseAssetPrecision': 8, 'quoteAsset': 'USDT', 'quotePrecision': 8, 'quoteAssetPrecision': 8, 'baseCommissionPrecision': 8, 'quoteCommissionPrecision': 8, 'orderTypes': ['LIMIT', 'LIMIT_MAKER', 'MARKET', 'STOP_LOSS', 'STOP_LOSS_LIMIT', 'TAKE_PROFIT', 'TAKE_PROFIT_LIMIT'], 'icebergAllowed': True, 'ocoAllowed': True, 'otoAllowed': True, 'quoteOrderQtyMarketAllowed': True, 'allowTrailingStop': True, 'cancelReplaceAllowed': True, 'isSpotTradingAllowed': True, 'isMarginTradingAllowed': True, 'filters': [{'filterType': 'PRICE_FILTER', 'minPrice': '0.01000000', 'maxPrice': '1000000.00000000', 'tickSize': '0.01000000'}, {'filterType': 'LOT_SIZE', 'minQty': '0.00001000', 'maxQty': '9000.00000000', 'stepSize': '0.00001000'}, {'filterType': 'ICEBERG_PARTS', 'limit': 10}, {'filterType': 'MARKET_LOT_SIZE', 'minQty': '0.00000000', 'maxQty': '89.67500095', 'stepSize': '0.00000000'}, {'filterType': 'TRAILING_DELTA', 'minTrailingAboveDelta': 10, 'maxTrailingAboveDelta': 2000, 'minTrailingBelowDelta': 10, 'maxTrailingBelowDelta': 2000}, {'filterType': 'PERCENT_PRICE_BY_SIDE', 'bidMultiplierUp': '5', 'bidMultiplierDown': '0.2', 'askMultiplierUp': '5', 'askMultiplierDown': '0.2', 'avgPriceMins': 5}, {'filterType': 'NOTIONAL', 'minNotional': '5.00000000', 'applyMinToMarket': True, 'maxNotional': '9000000.00000000', 'applyMaxToMarket': False, 'avgPriceMins': 5}, {'filterType': 'MAX_NUM_ORDERS', 'maxNumOrders': 200}, {'filterType': 'MAX_NUM_ALGO_ORDERS', 'maxNumAlgoOrders': 5}], 'permissions': [], 'permissionSets': [['SPOT', 'MARGIN', 'TRD_GRP_004', 'TRD_GRP_005', 'TRD_GRP_006', 'TRD_GRP_009', 'TRD_GRP_010', 'TRD_GRP_011', 'TRD_GRP_012', 'TRD_GRP_013', 'TRD_GRP_014', 'TRD_GRP_015', 'TRD_GRP_016', 'TRD_GRP_017', 'TRD_GRP_018', 'TRD_GRP_019', 'TRD_GRP_020', 'TRD_GRP_021', 'TRD_GRP_022', 'TRD_GRP_023', 'TRD_GRP_024', 'TRD_GRP_025', 'TRD_GRP_026', 'TRD_GRP_027', 'TRD_GRP_028', 'TRD_GRP_029', 'TRD_GRP_030', 'TRD_GRP_031', 'TRD_GRP_032', 'TRD_GRP_033', 'TRD_GRP_034', 'TRD_GRP_035', 'TRD_GRP_036', 'TRD_GRP_037', 'TRD_GRP_038', 'TRD_GRP_039', 'TRD_GRP_040', 'TRD_GRP_041', 'TRD_GRP_042', 'TRD_GRP_043', 'TRD_GRP_044', 'TRD_GRP_045', 'TRD_GRP_046', 'TRD_GRP_047', 'TRD_GRP_048', 'TRD_GRP_049', 'TRD_GRP_050', 'TRD_GRP_051', 'TRD_GRP_052', 'TRD_GRP_053', 'TRD_GRP_054', 'TRD_GRP_055', 'TRD_GRP_056', 'TRD_GRP_057', 'TRD_GRP_058', 'TRD_GRP_059', 'TRD_GRP_060', 'TRD_GRP_061', 'TRD_GRP_062', 'TRD_GRP_063', 'TRD_GRP_064', 'TRD_GRP_065', 'TRD_GRP_066', 'TRD_GRP_067', 'TRD_GRP_068', 'TRD_GRP_069', 'TRD_GRP_070', 'TRD_GRP_071', 'TRD_GRP_072', 'TRD_GRP_073', 'TRD_GRP_074', 'TRD_GRP_075', 'TRD_GRP_076', 'TRD_GRP_077', 'TRD_GRP_078', 'TRD_GRP_079', 'TRD_GRP_080', 'TRD_GRP_081', 'TRD_GRP_082', 'TRD_GRP_083', 'TRD_GRP_084', 'TRD_GRP_085', 'TRD_GRP_086', 'TRD_GRP_087', 'TRD_GRP_088', 'TRD_GRP_089', 'TRD_GRP_090', 'TRD_GRP_091', 'TRD_GRP_092', 'TRD_GRP_093', 'TRD_GRP_094', 'TRD_GRP_095', 'TRD_GRP_096', 'TRD_GRP_097', 'TRD_GRP_098', 'TRD_GRP_099', 'TRD_GRP_100', 'TRD_GRP_101', 'TRD_GRP_102', 'TRD_GRP_103', 'TRD_GRP_104', 'TRD_GRP_105', 'TRD_GRP_106', 'TRD_GRP_107', 'TRD_GRP_108', 'TRD_GRP_109', 'TRD_GRP_110', 'TRD_GRP_111', 'TRD_GRP_112', 'TRD_GRP_113', 'TRD_GRP_114', 'TRD_GRP_115', 'TRD_GRP_116', 'TRD_GRP_117', 'TRD_GRP_118', 'TRD_GRP_119', 'TRD_GRP_120', 'TRD_GRP_121', 'TRD_GRP_122', 'TRD_GRP_123', 'TRD_GRP_124', 'TRD_GRP_125', 'TRD_GRP_126', 'TRD_GRP_127', 'TRD_GRP_128', 'TRD_GRP_129', 'TRD_GRP_130', 'TRD_GRP_131', 'TRD_GRP_132', 'TRD_GRP_133', 'TRD_GRP_134', 'TRD_GRP_135', 'TRD_GRP_136', 'TRD_GRP_137', 'TRD_GRP_138', 'TRD_GRP_139', 'TRD_GRP_140', 'TRD_GRP_141', 'TRD_GRP_142', 'TRD_GRP_143', 'TRD_GRP_144', 'TRD_GRP_145', 'TRD_GRP_146', 'TRD_GRP_147', 'TRD_GRP_148', 'TRD_GRP_149', 'TRD_GRP_150', 'TRD_GRP_151', 'TRD_GRP_152', 'TRD_GRP_153', 'TRD_GRP_154', 'TRD_GRP_155', 'TRD_GRP_156', 'TRD_GRP_157', 'TRD_GRP_158', 'TRD_GRP_159', 'TRD_GRP_160', 'TRD_GRP_161', 'TRD_GRP_162', 'TRD_GRP_163', 'TRD_GRP_164', 'TRD_GRP_165', 'TRD_GRP_166', 'TRD_GRP_167', 'TRD_GRP_168', 'TRD_GRP_169', 'TRD_GRP_170', 'TRD_GRP_171', 'TRD_GRP_172', 'TRD_GRP_173', 'TRD_GRP_174', 'TRD_GRP_175', 'TRD_GRP_176', 'TRD_GRP_177', 'TRD_GRP_178', 'TRD_GRP_179', 'TRD_GRP_180', 'TRD_GRP_181', 'TRD_GRP_182', 'TRD_GRP_183', 'TRD_GRP_184', 'TRD_GRP_185', 'TRD_GRP_186', 'TRD_GRP_187', 'TRD_GRP_188', 'TRD_GRP_189', 'TRD_GRP_190', 'TRD_GRP_191', 'TRD_GRP_192', 'TRD_GRP_193', 'TRD_GRP_194', 'TRD_GRP_195', 'TRD_GRP_196', 'TRD_GRP_197', 'TRD_GRP_198', 'TRD_GRP_199', 'TRD_GRP_200', 'TRD_GRP_201', 'TRD_GRP_202', 'TRD_GRP_203', 'TRD_GRP_204', 'TRD_GRP_205', 'TRD_GRP_206', 'TRD_GRP_207', 'TRD_GRP_208', 'TRD_GRP_209', 'TRD_GRP_210', 'TRD_GRP_211', 'TRD_GRP_212', 'TRD_GRP_213', 'TRD_GRP_214', 'TRD_GRP_215', 'TRD_GRP_216', 'TRD_GRP_217', 'TRD_GRP_218', 'TRD_GRP_219', 'TRD_GRP_220', 'TRD_GRP_221', 'TRD_GRP_222', 'TRD_GRP_223', 'TRD_GRP_224', 'TRD_GRP_225', 'TRD_GRP_226', 'TRD_GRP_227', 'TRD_GRP_228', 'TRD_GRP_229', 'TRD_GRP_230', 'TRD_GRP_231', 'TRD_GRP_232', 'TRD_GRP_233', 'TRD_GRP_234', 'TRD_GRP_235']], 'defaultSelfTradePreventionMode': 'EXPIRE_MAKER', 'allowedSelfTradePreventionModes': ['EXPIRE_TAKER', 'EXPIRE_MAKER', 'EXPIRE_BOTH']}
2025-01-18 01:31:38,701 - WARNING - \u26a0\ufe0f Filtro MIN_NOTIONAL não encontrado para BTCUSDT.
2025-01-18 01:31:39,454 - WARNING - \u26a0\ufe0f Não foi possível determinar o valor mínimo de compra para BTCUSDT.
2025-01-18 01:31:40,270 - INFO - \U0001f50d Informações da Binance para ETHUSDT: {'symbol': 'ETHUSDT', 'status': 'TRADING', 'baseAsset': 'ETH', 'baseAssetPrecision': 8, 'quoteAsset': 'USDT', 'quotePrecision': 8, 'quoteAssetPrecision': 8, 'baseCommissionPrecision': 8, 'quoteCommissionPrecision': 8, 'orderTypes': ['LIMIT', 'LIMIT_MAKER', 'MARKET', 'STOP_LOSS', 'STOP_LOSS_LIMIT', 'TAKE_PROFIT', 'TAKE_PROFIT_LIMIT'], 'icebergAllowed': True, 'ocoAllowed': True, 'otoAllowed': True, 'quoteOrderQtyMarketAllowed': True, 'allowTrailingStop': True, 'cancelReplaceAllowed': True, 'isSpotTradingAllowed': True, 'isMarginTradingAllowed': True, 'filters': [{'filterType': 'PRICE_FILTER', 'minPrice': '0.01000000', 'maxPrice': '1000000.00000000', 'tickSize': '0.01000000'}, {'filterType': 'LOT_SIZE', 'minQty': '0.00010000', 'maxQty': '9000.00000000', 'stepSize': '0.00010000'}, {'filterType': 'ICEBERG_PARTS', 'limit': 10}, {'filterType': 'MARKET_LOT_SIZE', 'minQty': '0.00000000', 'maxQty': '2418.75700375', 'stepSize': '0.00000000'}, {'filterType': 'TRAILING_DELTA', 'minTrailingAboveDelta': 10, 'maxTrailingAboveDelta': 2000, 'minTrailingBelowDelta': 10, 'maxTrailingBelowDelta': 2000}, {'filterType': 'PERCENT_PRICE_BY_SIDE', 'bidMultiplierUp': '5', 'bidMultiplierDown': '0.2', 'askMultiplierUp': '5', 'askMultiplierDown': '0.2', 'avgPriceMins': 5}, {'filterType': 'NOTIONAL', 'minNotional': '5.00000000', 'applyMinToMarket': True, 'maxNotional': '9000000.00000000', 'applyMaxToMarket': False, 'avgPriceMins': 5}, {'filterType': 'MAX_NUM_ORDERS', 'maxNumOrders': 200}, {'filterType': 'MAX_NUM_ALGO_ORDERS', 'maxNumAlgoOrders': 5}], 'permissions': [], 'permissionSets': [['SPOT', 'MARGIN', 'TRD_GRP_004', 'TRD_GRP_005', 'TRD_GRP_006', 'TRD_GRP_009', 'TRD_GRP_010', 'TRD_GRP_011', 'TRD_GRP_012', 'TRD_GRP_013', 'TRD_GRP_014', 'TRD_GRP_015', 'TRD_GRP_016', 'TRD_GRP_017', 'TRD_GRP_018', 'TRD_GRP_019', 'TRD_GRP_020', 'TRD_GRP_021', 'TRD_GRP_022', 'TRD_GRP_023', 'TRD_GRP_024', 'TRD_GRP_025', 'TRD_GRP_026', 'TRD_GRP_027', 'TRD_GRP_028', 'TRD_GRP_029', 'TRD_GRP_030', 'TRD_GRP_031', 'TRD_GRP_032', 'TRD_GRP_033', 'TRD_GRP_034', 'TRD_GRP_035', 'TRD_GRP_036', 'TRD_GRP_037', 'TRD_GRP_038', 'TRD_GRP_039', 'TRD_GRP_040', 'TRD_GRP_041', 'TRD_GRP_042', 'TRD_GRP_043', 'TRD_GRP_044', 'TRD_GRP_045', 'TRD_GRP_046', 'TRD_GRP_047', 'TRD_GRP_048', 'TRD_GRP_049', 'TRD_GRP_050', 'TRD_GRP_051', 'TRD_GRP_052', 'TRD_GRP_053', 'TRD_GRP_054', 'TRD_GRP_055', 'TRD_GRP_056', 'TRD_GRP_057', 'TRD_GRP_058', 'TRD_GRP_059', 'TRD_GRP_060', 'TRD_GRP_061', 'TRD_GRP_062', 'TRD_GRP_063', 'TRD_GRP_064', 'TRD_GRP_065', 'TRD_GRP_066', 'TRD_GRP_067', 'TRD_GRP_068', 'TRD_GRP_069', 'TRD_GRP_070', 'TRD_GRP_071', 'TRD_GRP_072', 'TRD_GRP_073', 'TRD_GRP_074', 'TRD_GRP_075', 'TRD_GRP_076', 'TRD_GRP_077', 'TRD_GRP_078', 'TRD_GRP_079', 'TRD_GRP_080', 'TRD_GRP_081', 'TRD_GRP_082', 'TRD_GRP_083', 'TRD_GRP_084', 'TRD_GRP_085', 'TRD_GRP_086', 'TRD_GRP_087', 'TRD_GRP_088', 'TRD_GRP_089', 'TRD_GRP_090', 'TRD_GRP_091', 'TRD_GRP_092', 'TRD_GRP_093', 'TRD_GRP_094', 'TRD_GRP_095', 'TRD_GRP_096', 'TRD_GRP_097', 'TRD_GRP_098', 'TRD_GRP_099', 'TRD_GRP_100', 'TRD_GRP_101', 'TRD_GRP_102', 'TRD_GRP_103', 'TRD_GRP_104', 'TRD_GRP_105', 'TRD_GRP_106', 'TRD_GRP_107', 'TRD_GRP_108', 'TRD_GRP_109', 'TRD_GRP_110', 'TRD_GRP_111', 'TRD_GRP_112', 'TRD_GRP_113', 'TRD_GRP_114', 'TRD_GRP_115', 'TRD_GRP_116', 'TRD_GRP_117', 'TRD_GRP_118', 'TRD_GRP_119', 'TRD_GRP_120', 'TRD_GRP_121', 'TRD_GRP_122', 'TRD_GRP_123', 'TRD_GRP_124', 'TRD_GRP_125', 'TRD_GRP_126', 'TRD_GRP_127', 'TRD_GRP_128', 'TRD_GRP_129', 'TRD_GRP_130', 'TRD_GRP_131', 'TRD_GRP_132', 'TRD_GRP_133', 'TRD_GRP_134', 'TRD_GRP_135', 'TRD_GRP_136', 'TRD_GRP_137', 'TRD_GRP_138', 'TRD_GRP_139', 'TRD_GRP_140', 'TRD_GRP_141', 'TRD_GRP_142', 'TRD_GRP_143', 'TRD_GRP_144', 'TRD_GRP_145', 'TRD_GRP_146', 'TRD_GRP_147', 'TRD_GRP_148', 'TRD_GRP_149', 'TRD_GRP_150', 'TRD_GRP_151', 'TRD_GRP_152', 'TRD_GRP_153', 'TRD_GRP_154', 'TRD_GRP_155', 'TRD_GRP_156', 'TRD_GRP_157', 'TRD_GRP_158', 'TRD_GRP_159', 'TRD_GRP_160', 'TRD_GRP_161', 'TRD_GRP_162', 'TRD_GRP_163', 'TRD_GRP_164', 'TRD_GRP_165', 'TRD_GRP_166', 'TRD_GRP_167', 'TRD_GRP_168', 'TRD_GRP_169', 'TRD_GRP_170', 'TRD_GRP_171', 'TRD_GRP_172', 'TRD_GRP_173', 'TRD_GRP_174', 'TRD_GRP_175', 'TRD_GRP_176', 'TRD_GRP_177', 'TRD_GRP_178', 'TRD_GRP_179', 'TRD_GRP_180', 'TRD_GRP_181', 'TRD_GRP_182', 'TRD_GRP_183', 'TRD_GRP_184', 'TRD_GRP_185', 'TRD_GRP_186', 'TRD_GRP_187', 'TRD_GRP_188', 'TRD_GRP_189', 'TRD_GRP_190', 'TRD_GRP_191', 'TRD_GRP_192', 'TRD_GRP_193', 'TRD_GRP_194', 'TRD_GRP_195', 'TRD_GRP_196', 'TRD_GRP_197', 'TRD_GRP_198', 'TRD_GRP_199', 'TRD_GRP_200', 'TRD_GRP_201', 'TRD_GRP_202', 'TRD_GRP_203', 'TRD_GRP_204', 'TRD_GRP_205', 'TRD_GRP_206', 'TRD_GRP_207', 'TRD_GRP_208', 'TRD_GRP_209', 'TRD_GRP_210', 'TRD_GRP_211', 'TRD_GRP_212', 'TRD_GRP_213', 'TRD_GRP_214', 'TRD_GRP_215', 'TRD_GRP_216', 'TRD_GRP_217', 'TRD_GRP_218', 'TRD_GRP_219', 'TRD_GRP_220', 'TRD_GRP_221', 'TRD_GRP_222', 'TRD_GRP_223', 'TRD_GRP_224', 'TRD_GRP_225', 'TRD_GRP_226', 'TRD_GRP_227', 'TRD_GRP_228', 'TRD_GRP_229', 'TRD_GRP_230', 'TRD_GRP_231', 'TRD_GRP_232', 'TRD_GRP_233', 'TRD_GRP_234', 'TRD_GRP_235']], 'defaultSelfTradePreventionMode': 'EXPIRE_MAKER', 'allowedSelfTradePreventionModes': ['EXPIRE_TAKER', 'EXPIRE_MAKER', 'EXPIRE_BOTH']}
2025-01-18 01:31:40,270 - WARNING - \u26a0\ufe0f Filtro MIN_NOTIONAL não encontrado para ETHUSDT.
2025-01-18 01:31:41,068 - WARNING - \u26a0\ufe0f Não foi possível determinar o valor mínimo de compra para ETHUSDT.
2025-01-18 01:32:12,313 - INFO - \U0001f50d Informações da Binance para BTCUSDT: {'symbol': 'BTCUSDT', 'status': 'TRADING', 'baseAsset': 'BTC', 'baseAssetPrecision': 8, 'quoteAsset': 'USDT', 'quotePrecision': 8, 'quoteAssetPrecision': 8, 'baseCommissionPrecision': 8, 'quoteCommissionPrecision': 8, 'orderTypes': ['LIMIT', 'LIMIT_MAKER', 'MARKET', 'STOP_LOSS', 'STOP_LOSS_LIMIT', 'TAKE_PROFIT', 'TAKE_PROFIT_LIMIT'], 'icebergAllowed': True, 'ocoAllowed': True, 'otoAllowed': True, 'quoteOrderQtyMarketAllowed': True, 'allowTrailingStop': True, 'cancelReplaceAllowed': True, 'isSpotTradingAllowed': True, 'isMarginTradingAllowed': True, 'filters': [{'filterType': 'PRICE_FILTER', 'minPrice': '0.01000000', 'maxPrice': '1000000.00000000', 'tickSize': '0.01000000'}, {'filterType': 'LOT_SIZE', 'minQty': '0.00001000', 'maxQty': '9000.00000000', 'stepSize': '0.00001000'}, {'filterType': 'ICEBERG_PARTS', 'limit': 10}, {'filterType': 'MARKET_LOT_SIZE', 'minQty': '0.00000000', 'maxQty': '89.67500095', 'stepSize': '0.00000000'}, {'filterType': 'TRAILING_DELTA', 'minTrailingAboveDelta': 10, 'maxTrailingAboveDelta': 2000, 'minTrailingBelowDelta': 10, 'maxTrailingBelowDelta': 2000}, {'filterType': 'PERCENT_PRICE_BY_SIDE', 'bidMultiplierUp': '5', 'bidMultiplierDown': '0.2', 'askMultiplierUp': '5', 'askMultiplierDown': '0.2', 'avgPriceMins': 5}, {'filterType': 'NOTIONAL', 'minNotional': '5.00000000', 'applyMinToMarket': True, 'maxNotional': '9000000.00000000', 'applyMaxToMarket': False, 'avgPriceMins': 5}, {'filterType': 'MAX_NUM_ORDERS', 'maxNumOrders': 200}, {'filterType': 'MAX_NUM_ALGO_ORDERS', 'maxNumAlgoOrders': 5}], 'permissions': [], 'permissionSets': [['SPOT', 'MARGIN', 'TRD_GRP_004', 'TRD_GRP_005', 'TRD_GRP_006', 'TRD_GRP_009', 'TRD_GRP_010', 'TRD_GRP_011', 'TRD_GRP_012', 'TRD_GRP_013', 'TRD_GRP_014', 'TRD_GRP_015', 'TRD_GRP_016', 'TRD_GRP_017', 'TRD_GRP_018', 'TRD_GRP_019', 'TRD_GRP_020', 'TRD_GRP_021', 'TRD_GRP_022', 'TRD_GRP_023', 'TRD_GRP_024', 'TRD_GRP_025', 'TRD_GRP_026', 'TRD_GRP_027', 'TRD_GRP_028', 'TRD_GRP_029', 'TRD_GRP_030', 'TRD_GRP_031', 'TRD_GRP_032', 'TRD_GRP_033', 'TRD_GRP_034', 'TRD_GRP_035', 'TRD_GRP_036', 'TRD_GRP_037', 'TRD_GRP_038', 'TRD_GRP_039', 'TRD_GRP_040', 'TRD_GRP_041', 'TRD_GRP_042', 'TRD_GRP_043', 'TRD_GRP_044', 'TRD_GRP_045', 'TRD_GRP_046', 'TRD_GRP_047', 'TRD_GRP_048', 'TRD_GRP_049', 'TRD_GRP_050', 'TRD_GRP_051', 'TRD_GRP_052', 'TRD_GRP_053', 'TRD_GRP_054', 'TRD_GRP_055', 'TRD_GRP_056', 'TRD_GRP_057', 'TRD_GRP_058', 'TRD_GRP_059', 'TRD_GRP_060', 'TRD_GRP_061', 'TRD_GRP_062', 'TRD_GRP_063', 'TRD_GRP_064', 'TRD_GRP_065', 'TRD_GRP_066', 'TRD_GRP_067', 'TRD_GRP_068', 'TRD_GRP_069', 'TRD_GRP_070', 'TRD_GRP_071', 'TRD_GRP_072', 'TRD_GRP_073', 'TRD_GRP_074', 'TRD_GRP_075', 'TRD_GRP_076', 'TRD_GRP_077', 'TRD_GRP_078', 'TRD_GRP_079', 'TRD_GRP_080', 'TRD_GRP_081', 'TRD_GRP_082', 'TRD_GRP_083', 'TRD_GRP_084', 'TRD_GRP_085', 'TRD_GRP_086', 'TRD_GRP_087', 'TRD_GRP_088', 'TRD_GRP_089', 'TRD_GRP_090', 'TRD_GRP_091', 'TRD_GRP_092', 'TRD_GRP_093', 'TRD_GRP_094', 'TRD_GRP_095', 'TRD_GRP_096', 'TRD_GRP_097', 'TRD_GRP_098', 'TRD_GRP_099', 'TRD_GRP_100', 'TRD_GRP_101', 'TRD_GRP_102', 'TRD_GRP_103', 'TRD_GRP_104', 'TRD_GRP_105', 'TRD_GRP_106', 'TRD_GRP_107', 'TRD_GRP_108', 'TRD_GRP_109', 'TRD_GRP_110', 'TRD_GRP_111', 'TRD_GRP_112', 'TRD_GRP_113', 'TRD_GRP_114', 'TRD_GRP_115', 'TRD_GRP_116', 'TRD_GRP_117', 'TRD_GRP_118', 'TRD_GRP_119', 'TRD_GRP_120', 'TRD_GRP_121', 'TRD_GRP_122', 'TRD_GRP_123', 'TRD_GRP_124', 'TRD_GRP_125', 'TRD_GRP_126', 'TRD_GRP_127', 'TRD_GRP_128', 'TRD_GRP_129', 'TRD_GRP_130', 'TRD_GRP_131', 'TRD_GRP_132', 'TRD_GRP_133', 'TRD_GRP_134', 'TRD_GRP_135', 'TRD_GRP_136', 'TRD_GRP_137', 'TRD_GRP_138', 'TRD_GRP_139', 'TRD_GRP_140', 'TRD_GRP_141', 'TRD_GRP_142', 'TRD_GRP_143', 'TRD_GRP_144', 'TRD_GRP_145', 'TRD_GRP_146', 'TRD_GRP_147', 'TRD_GRP_148', 'TRD_GRP_149', 'TRD_GRP_150', 'TRD_GRP_151', 'TRD_GRP_152', 'TRD_GRP_153', 'TRD_GRP_154', 'TRD_GRP_155', 'TRD_GRP_156', 'TRD_GRP_157', 'TRD_GRP_158', 'TRD_GRP_159', 'TRD_GRP_160', 'TRD_GRP_161', 'TRD_GRP_162', 'TRD_GRP_163', 'TRD_GRP_164', 'TRD_GRP_165', 'TRD_GRP_166', 'TRD_GRP_167', 'TRD_GRP_168', 'TRD_GRP_169', 'TRD_GRP_170', 'TRD_GRP_171', 'TRD_GRP_172', 'TRD_GRP_173', 'TRD_GRP_174', 'TRD_GRP_175', 'TRD_GRP_176', 'TRD_GRP_177', 'TRD_GRP_178', 'TRD_GRP_179', 'TRD_GRP_180', 'TRD_GRP_181', 'TRD_GRP_182', 'TRD_GRP_183', 'TRD_GRP_184', 'TRD_GRP_185', 'TRD_GRP_186', 'TRD_GRP_187', 'TRD_GRP_188', 'TRD_GRP_189', 'TRD_GRP_190', 'TRD_GRP_191', 'TRD_GRP_192', 'TRD_GRP_193', 'TRD_GRP_194', 'TRD_GRP_195', 'TRD_GRP_196', 'TRD_GRP_197', 'TRD_GRP_198', 'TRD_GRP_199', 'TRD_GRP_200', 'TRD_GRP_201', 'TRD_GRP_202', 'TRD_GRP_203', 'TRD_GRP_204', 'TRD_GRP_205', 'TRD_GRP_206', 'TRD_GRP_207', 'TRD_GRP_208', 'TRD_GRP_209', 'TRD_GRP_210', 'TRD_GRP_211', 'TRD_GRP_212', 'TRD_GRP_213', 'TRD_GRP_214', 'TRD_GRP_215', 'TRD_GRP_216', 'TRD_GRP_217', 'TRD_GRP_218', 'TRD_GRP_219', 'TRD_GRP_220', 'TRD_GRP_221', 'TRD_GRP_222', 'TRD_GRP_223', 'TRD_GRP_224', 'TRD_GRP_225', 'TRD_GRP_226', 'TRD_GRP_227', 'TRD_GRP_228', 'TRD_GRP_229', 'TRD_GRP_230', 'TRD_GRP_231', 'TRD_GRP_232', 'TRD_GRP_233', 'TRD_GRP_234', 'TRD_GRP_235']], 'defaultSelfTradePreventionMode': 'EXPIRE_MAKER', 'allowedSelfTradePreventionModes': ['EXPIRE_TAKER', 'EXPIRE_MAKER', 'EXPIRE_BOTH']}
2025-01-18 01:32:12,313 - WARNING - \u26a0\ufe0f Filtro MIN_NOTIONAL não encontrado para BTCUSDT.
2025-01-18 01:32:13,055 - WARNING - \u26a0\ufe0f Não foi possível determinar o valor mínimo de compra para BTCUSDT.
2025-01-18 01:32:14,042 - INFO - \U0001f50d Informações da Binance para ETHUSDT: {'symbol': 'ETHUSDT', 'status': 'TRADING', 'baseAsset': 'ETH', 'baseAssetPrecision': 8, 'quoteAsset': 'USDT', 'quotePrecision': 8, 'quoteAssetPrecision': 8, 'baseCommissionPrecision': 8, 'quoteCommissionPrecision': 8, 'orderTypes': ['LIMIT', 'LIMIT_MAKER', 'MARKET', 'STOP_LOSS', 'STOP_LOSS_LIMIT', 'TAKE_PROFIT', 'TAKE_PROFIT_LIMIT'], 'icebergAllowed': True, 'ocoAllowed': True, 'otoAllowed': True, 'quoteOrderQtyMarketAllowed': True, 'allowTrailingStop': True, 'cancelReplaceAllowed': True, 'isSpotTradingAllowed': True, 'isMarginTradingAllowed': True, 'filters': [{'filterType': 'PRICE_FILTER', 'minPrice': '0.01000000', 'maxPrice': '1000000.00000000', 'tickSize': '0.01000000'}, {'filterType': 'LOT_SIZE', 'minQty': '0.00010000', 'maxQty': '9000.00000000', 'stepSize': '0.00010000'}, {'filterType': 'ICEBERG_PARTS', 'limit': 10}, {'filterType': 'MARKET_LOT_SIZE', 'minQty': '0.00000000', 'maxQty': '2418.75700375', 'stepSize': '0.00000000'}, {'filterType': 'TRAILING_DELTA', 'minTrailingAboveDelta': 10, 'maxTrailingAboveDelta': 2000, 'minTrailingBelowDelta': 10, 'maxTrailingBelowDelta': 2000}, {'filterType': 'PERCENT_PRICE_BY_SIDE', 'bidMultiplierUp': '5', 'bidMultiplierDown': '0.2', 'askMultiplierUp': '5', 'askMultiplierDown': '0.2', 'avgPriceMins': 5}, {'filterType': 'NOTIONAL', 'minNotional': '5.00000000', 'applyMinToMarket': True, 'maxNotional': '9000000.00000000', 'applyMaxToMarket': False, 'avgPriceMins': 5}, {'filterType': 'MAX_NUM_ORDERS', 'maxNumOrders': 200}, {'filterType': 'MAX_NUM_ALGO_ORDERS', 'maxNumAlgoOrders': 5}], 'permissions': [], 'permissionSets': [['SPOT', 'MARGIN', 'TRD_GRP_004', 'TRD_GRP_005', 'TRD_GRP_006', 'TRD_GRP_009', 'TRD_GRP_010', 'TRD_GRP_011', 'TRD_GRP_012', 'TRD_GRP_013', 'TRD_GRP_014', 'TRD_GRP_015', 'TRD_GRP_016', 'TRD_GRP_017', 'TRD_GRP_018', 'TRD_GRP_019', 'TRD_GRP_020', 'TRD_GRP_021', 'TRD_GRP_022', 'TRD_GRP_023', 'TRD_GRP_024', 'TRD_GRP_025', 'TRD_GRP_026', 'TRD_GRP_027', 'TRD_GRP_028', 'TRD_GRP_029', 'TRD_GRP_030', 'TRD_GRP_031', 'TRD_GRP_032', 'TRD_GRP_033', 'TRD_GRP_034', 'TRD_GRP_035', 'TRD_GRP_036', 'TRD_GRP_037', 'TRD_GRP_038', 'TRD_GRP_039', 'TRD_GRP_040', 'TRD_GRP_041', 'TRD_GRP_042', 'TRD_GRP_043', 'TRD_GRP_044', 'TRD_GRP_045', 'TRD_GRP_046', 'TRD_GRP_047', 'TRD_GRP_048', 'TRD_GRP_049', 'TRD_GRP_050', 'TRD_GRP_051', 'TRD_GRP_052', 'TRD_GRP_053', 'TRD_GRP_054', 'TRD_GRP_055', 'TRD_GRP_056', 'TRD_GRP_057', 'TRD_GRP_058', 'TRD_GRP_059', 'TRD_GRP_060', 'TRD_GRP_061', 'TRD_GRP_062', 'TRD_GRP_063', 'TRD_GRP_064', 'TRD_GRP_065', 'TRD_GRP_066', 'TRD_GRP_067', 'TRD_GRP_068', 'TRD_GRP_069', 'TRD_GRP_070', 'TRD_GRP_071', 'TRD_GRP_072', 'TRD_GRP_073', 'TRD_GRP_074', 'TRD_GRP_075', 'TRD_GRP_076', 'TRD_GRP_077', 'TRD_GRP_078', 'TRD_GRP_079', 'TRD_GRP_080', 'TRD_GRP_081', 'TRD_GRP_082', 'TRD_GRP_083', 'TRD_GRP_084', 'TRD_GRP_085', 'TRD_GRP_086', 'TRD_GRP_087', 'TRD_GRP_088', 'TRD_GRP_089', 'TRD_GRP_090', 'TRD_GRP_091', 'TRD_GRP_092', 'TRD_GRP_093', 'TRD_GRP_094', 'TRD_GRP_095', 'TRD_GRP_096', 'TRD_GRP_097', 'TRD_GRP_098', 'TRD_GRP_099', 'TRD_GRP_100', 'TRD_GRP_101', 'TRD_GRP_102', 'TRD_GRP_103', 'TRD_GRP_104', 'TRD_GRP_105', 'TRD_GRP_106', 'TRD_GRP_107', 'TRD_GRP_108', 'TRD_GRP_109', 'TRD_GRP_110', 'TRD_GRP_111', 'TRD_GRP_112', 'TRD_GRP_113', 'TRD_GRP_114', 'TRD_GRP_115', 'TRD_GRP_116', 'TRD_GRP_117', 'TRD_GRP_118', 'TRD_GRP_119', 'TRD_GRP_120', 'TRD_GRP_121', 'TRD_GRP_122', 'TRD_GRP_123', 'TRD_GRP_124', 'TRD_GRP_125', 'TRD_GRP_126', 'TRD_GRP_127', 'TRD_GRP_128', 'TRD_GRP_129', 'TRD_GRP_130', 'TRD_GRP_131', 'TRD_GRP_132', 'TRD_GRP_133', 'TRD_GRP_134', 'TRD_GRP_135', 'TRD_GRP_136', 'TRD_GRP_137', 'TRD_GRP_138', 'TRD_GRP_139', 'TRD_GRP_140', 'TRD_GRP_141', 'TRD_GRP_142', 'TRD_GRP_143', 'TRD_GRP_144', 'TRD_GRP_145', 'TRD_GRP_146', 'TRD_GRP_147', 'TRD_GRP_148', 'TRD_GRP_149', 'TRD_GRP_150', 'TRD_GRP_151', 'TRD_GRP_152', 'TRD_GRP_153', 'TRD_GRP_154', 'TRD_GRP_155', 'TRD_GRP_156', 'TRD_GRP_157', 'TRD_GRP_158', 'TRD_GRP_159', 'TRD_GRP_160', 'TRD_GRP_161', 'TRD_GRP_162', 'TRD_GRP_163', 'TRD_GRP_164', 'TRD_GRP_165', 'TRD_GRP_166', 'TRD_GRP_167', 'TRD_GRP_168', 'TRD_GRP_169', 'TRD_GRP_170', 'TRD_GRP_171', 'TRD_GRP_172', 'TRD_GRP_173', 'TRD_GRP_174', 'TRD_GRP_175', 'TRD_GRP_176', 'TRD_GRP_177', 'TRD_GRP_178', 'TRD_GRP_179', 'TRD_GRP_180', 'TRD_GRP_181', 'TRD_GRP_182', 'TRD_GRP_183', 'TRD_GRP_184', 'TRD_GRP_185', 'TRD_GRP_186', 'TRD_GRP_187', 'TRD_GRP_188', 'TRD_GRP_189', 'TRD_GRP_190', 'TRD_GRP_191', 'TRD_GRP_192', 'TRD_GRP_193', 'TRD_GRP_194', 'TRD_GRP_195', 'TRD_GRP_196', 'TRD_GRP_197', 'TRD_GRP_198', 'TRD_GRP_199', 'TRD_GRP_200', 'TRD_GRP_201', 'TRD_GRP_202', 'TRD_GRP_203', 'TRD_GRP_204', 'TRD_GRP_205', 'TRD_GRP_206', 'TRD_GRP_207', 'TRD_GRP_208', 'TRD_GRP_209', 'TRD_GRP_210', 'TRD_GRP_211', 'TRD_GRP_212', 'TRD_GRP_213', 'TRD_GRP_214', 'TRD_GRP_215', 'TRD_GRP_216', 'TRD_GRP_217', 'TRD_GRP_218', 'TRD_GRP_219', 'TRD_GRP_220', 'TRD_GRP_221', 'TRD_GRP_222', 'TRD_GRP_223', 'TRD_GRP_224', 'TRD_GRP_225', 'TRD_GRP_226', 'TRD_GRP_227', 'TRD_GRP_228', 'TRD_GRP_229', 'TRD_GRP_230', 'TRD_GRP_231', 'TRD_GRP_232', 'TRD_GRP_233', 'TRD_GRP_234', 'TRD_GRP_235']], 'defaultSelfTradePreventionMode': 'EXPIRE_MAKER', 'allowedSelfTradePreventionModes': ['EXPIRE_TAKER', 'EXPIRE_MAKER', 'EXPIRE_BOTH']}
2025-01-18 01:32:14,042 - WARNING - \u26a0\ufe0f Filtro MIN_NOTIONAL não encontrado para ETHUSDT.
2025-01-18 01:32:14,805 - WARNING - \u26a0\ufe0f Não foi possível determinar o valor mínimo de compra para ETHUSDT.
2025-01-18 01:32:46,656 - INFO - \U0001f50d Informações da Binance para BTCUSDT: {'symbol': 'BTCUSDT', 'status': 'TRADING', 'baseAsset': 'BTC', 'baseAssetPrecision': 8, 'quoteAsset': 'USDT', 'quotePrecision': 8, 'quoteAssetPrecision': 8, 'baseCommissionPrecision': 8, 'quoteCommissionPrecision': 8, 'orderTypes': ['LIMIT', 'LIMIT_MAKER', 'MARKET', 'STOP_LOSS', 'STOP_LOSS_LIMIT', 'TAKE_PROFIT', 'TAKE_PROFIT_LIMIT'], 'icebergAllowed': True, 'ocoAllowed': True, 'otoAllowed': True, 'quoteOrderQtyMarketAllowed': True, 'allowTrailingStop': True, 'cancelReplaceAllowed': True, 'isSpotTradingAllowed': True, 'isMarginTradingAllowed': True, 'filters': [{'filterType': 'PRICE_FILTER', 'minPrice': '0.01000000', 'maxPrice': '1000000.00000000', 'tickSize': '0.01000000'}, {'filterType': 'LOT_SIZE', 'minQty': '0.00001000', 'maxQty': '9000.00000000', 'stepSize': '0.00001000'}, {'filterType': 'ICEBERG_PARTS', 'limit': 10}, {'filterType': 'MARKET_LOT_SIZE', 'minQty': '0.00000000', 'maxQty': '89.67500095', 'stepSize': '0.00000000'}, {'filterType': 'TRAILING_DELTA', 'minTrailingAboveDelta': 10, 'maxTrailingAboveDelta': 2000, 'minTrailingBelowDelta': 10, 'maxTrailingBelowDelta': 2000}, {'filterType': 'PERCENT_PRICE_BY_SIDE', 'bidMultiplierUp': '5', 'bidMultiplierDown': '0.2', 'askMultiplierUp': '5', 'askMultiplierDown': '0.2', 'avgPriceMins': 5}, {'filterType': 'NOTIONAL', 'minNotional': '5.00000000', 'applyMinToMarket': True, 'maxNotional': '9000000.00000000', 'applyMaxToMarket': False, 'avgPriceMins': 5}, {'filterType': 'MAX_NUM_ORDERS', 'maxNumOrders': 200}, {'filterType': 'MAX_NUM_ALGO_ORDERS', 'maxNumAlgoOrders': 5}], 'permissions': [], 'permissionSets': [['SPOT', 'MARGIN', 'TRD_GRP_004', 'TRD_GRP_005', 'TRD_GRP_006', 'TRD_GRP_009', 'TRD_GRP_010', 'TRD_GRP_011', 'TRD_GRP_012', 'TRD_GRP_013', 'TRD_GRP_014', 'TRD_GRP_015', 'TRD_GRP_016', 'TRD_GRP_017', 'TRD_GRP_018', 'TRD_GRP_019', 'TRD_GRP_020', 'TRD_GRP_021', 'TRD_GRP_022', 'TRD_GRP_023', 'TRD_GRP_024', 'TRD_GRP_025', 'TRD_GRP_026', 'TRD_GRP_027', 'TRD_GRP_028', 'TRD_GRP_029', 'TRD_GRP_030', 'TRD_GRP_031', 'TRD_GRP_032', 'TRD_GRP_033', 'TRD_GRP_034', 'TRD_GRP_035', 'TRD_GRP_036', 'TRD_GRP_037', 'TRD_GRP_038', 'TRD_GRP_039', 'TRD_GRP_040', 'TRD_GRP_041', 'TRD_GRP_042', 'TRD_GRP_043', 'TRD_GRP_044', 'TRD_GRP_045', 'TRD_GRP_046', 'TRD_GRP_047', 'TRD_GRP_048', 'TRD_GRP_049', 'TRD_GRP_050', 'TRD_GRP_051', 'TRD_GRP_052', 'TRD_GRP_053', 'TRD_GRP_054', 'TRD_GRP_055', 'TRD_GRP_056', 'TRD_GRP_057', 'TRD_GRP_058', 'TRD_GRP_059', 'TRD_GRP_060', 'TRD_GRP_061', 'TRD_GRP_062', 'TRD_GRP_063', 'TRD_GRP_064', 'TRD_GRP_065', 'TRD_GRP_066', 'TRD_GRP_067', 'TRD_GRP_068', 'TRD_GRP_069', 'TRD_GRP_070', 'TRD_GRP_071', 'TRD_GRP_072', 'TRD_GRP_073', 'TRD_GRP_074', 'TRD_GRP_075', 'TRD_GRP_076', 'TRD_GRP_077', 'TRD_GRP_078', 'TRD_GRP_079', 'TRD_GRP_080', 'TRD_GRP_081', 'TRD_GRP_082', 'TRD_GRP_083', 'TRD_GRP_084', 'TRD_GRP_085', 'TRD_GRP_086', 'TRD_GRP_087', 'TRD_GRP_088', 'TRD_GRP_089', 'TRD_GRP_090', 'TRD_GRP_091', 'TRD_GRP_092', 'TRD_GRP_093', 'TRD_GRP_094', 'TRD_GRP_095', 'TRD_GRP_096', 'TRD_GRP_097', 'TRD_GRP_098', 'TRD_GRP_099', 'TRD_GRP_100', 'TRD_GRP_101', 'TRD_GRP_102', 'TRD_GRP_103', 'TRD_GRP_104', 'TRD_GRP_105', 'TRD_GRP_106', 'TRD_GRP_107', 'TRD_GRP_108', 'TRD_GRP_109', 'TRD_GRP_110', 'TRD_GRP_111', 'TRD_GRP_112', 'TRD_GRP_113', 'TRD_GRP_114', 'TRD_GRP_115', 'TRD_GRP_116', 'TRD_GRP_117', 'TRD_GRP_118', 'TRD_GRP_119', 'TRD_GRP_120', 'TRD_GRP_121', 'TRD_GRP_122', 'TRD_GRP_123', 'TRD_GRP_124', 'TRD_GRP_125', 'TRD_GRP_126', 'TRD_GRP_127', 'TRD_GRP_128', 'TRD_GRP_129', 'TRD_GRP_130', 'TRD_GRP_131', 'TRD_GRP_132', 'TRD_GRP_133', 'TRD_GRP_134', 'TRD_GRP_135', 'TRD_GRP_136', 'TRD_GRP_137', 'TRD_GRP_138', 'TRD_GRP_139', 'TRD_GRP_140', 'TRD_GRP_141', 'TRD_GRP_142', 'TRD_GRP_143', 'TRD_GRP_144', 'TRD_GRP_145', 'TRD_GRP_146', 'TRD_GRP_147', 'TRD_GRP_148', 'TRD_GRP_149', 'TRD_GRP_150', 'TRD_GRP_151', 'TRD_GRP_152', 'TRD_GRP_153', 'TRD_GRP_154', 'TRD_GRP_155', 'TRD_GRP_156', 'TRD_GRP_157', 'TRD_GRP_158', 'TRD_GRP_159', 'TRD_GRP_160', 'TRD_GRP_161', 'TRD_GRP_162', 'TRD_GRP_163', 'TRD_GRP_164', 'TRD_GRP_165', 'TRD_GRP_166', 'TRD_GRP_167', 'TRD_GRP_168', 'TRD_GRP_169', 'TRD_GRP_170', 'TRD_GRP_171', 'TRD_GRP_172', 'TRD_GRP_173', 'TRD_GRP_174', 'TRD_GRP_175', 'TRD_GRP_176', 'TRD_GRP_177', 'TRD_GRP_178', 'TRD_GRP_179', 'TRD_GRP_180', 'TRD_GRP_181', 'TRD_GRP_182', 'TRD_GRP_183', 'TRD_GRP_184', 'TRD_GRP_185', 'TRD_GRP_186', 'TRD_GRP_187', 'TRD_GRP_188', 'TRD_GRP_189', 'TRD_GRP_190', 'TRD_GRP_191', 'TRD_GRP_192', 'TRD_GRP_193', 'TRD_GRP_194', 'TRD_GRP_195', 'TRD_GRP_196', 'TRD_GRP_197', 'TRD_GRP_198', 'TRD_GRP_199', 'TRD_GRP_200', 'TRD_GRP_201', 'TRD_GRP_202', 'TRD_GRP_203', 'TRD_GRP_204', 'TRD_GRP_205', 'TRD_GRP_206', 'TRD_GRP_207', 'TRD_GRP_208', 'TRD_GRP_209', 'TRD_GRP_210', 'TRD_GRP_211', 'TRD_GRP_212', 'TRD_GRP_213', 'TRD_GRP_214', 'TRD_GRP_215', 'TRD_GRP_216', 'TRD_GRP_217', 'TRD_GRP_218', 'TRD_GRP_219', 'TRD_GRP_220', 'TRD_GRP_221', 'TRD_GRP_222', 'TRD_GRP_223', 'TRD_GRP_224', 'TRD_GRP_225', 'TRD_GRP_226', 'TRD_GRP_227', 'TRD_GRP_228', 'TRD_GRP_229', 'TRD_GRP_230', 'TRD_GRP_231', 'TRD_GRP_232', 'TRD_GRP_233', 'TRD_GRP_234', 'TRD_GRP_235']], 'defaultSelfTradePreventionMode': 'EXPIRE_MAKER', 'allowedSelfTradePreventionModes': ['EXPIRE_TAKER', 'EXPIRE_MAKER', 'EXPIRE_BOTH']}
2025-01-18 01:32:46,657 - WARNING - \u26a0\ufe0f Filtro MIN_NOTIONAL não encontrado para BTCUSDT.
2025-01-18 01:32:47,382 - WARNING - \u26a0\ufe0f Não foi possível determinar o valor mínimo de compra para BTCUSDT.
2025-01-18 01:32:48,135 - INFO - \U0001f50d Informações da Binance para ETHUSDT: {'symbol': 'ETHUSDT', 'status': 'TRADING', 'baseAsset': 'ETH', 'baseAssetPrecision': 8, 'quoteAsset': 'USDT', 'quotePrecision': 8, 'quoteAssetPrecision': 8, 'baseCommissionPrecision': 8, 'quoteCommissionPrecision': 8, 'orderTypes': ['LIMIT', 'LIMIT_MAKER', 'MARKET', 'STOP_LOSS', 'STOP_LOSS_LIMIT', 'TAKE_PROFIT', 'TAKE_PROFIT_LIMIT'], 'icebergAllowed': True, 'ocoAllowed': True, 'otoAllowed': True, 'quoteOrderQtyMarketAllowed': True, 'allowTrailingStop': True, 'cancelReplaceAllowed': True, 'isSpotTradingAllowed': True, 'isMarginTradingAllowed': True, 'filters': [{'filterType': 'PRICE_FILTER', 'minPrice': '0.01000000', 'maxPrice': '1000000.00000000', 'tickSize': '0.01000000'}, {'filterType': 'LOT_SIZE', 'minQty': '0.00010000', 'maxQty': '9000.00000000', 'stepSize': '0.00010000'}, {'filterType': 'ICEBERG_PARTS', 'limit': 10}, {'filterType': 'MARKET_LOT_SIZE', 'minQty': '0.00000000', 'maxQty': '2418.75700375', 'stepSize': '0.00000000'}, {'filterType': 'TRAILING_DELTA', 'minTrailingAboveDelta': 10, 'maxTrailingAboveDelta': 2000, 'minTrailingBelowDelta': 10, 'maxTrailingBelowDelta': 2000}, {'filterType': 'PERCENT_PRICE_BY_SIDE', 'bidMultiplierUp': '5', 'bidMultiplierDown': '0.2', 'askMultiplierUp': '5', 'askMultiplierDown': '0.2', 'avgPriceMins': 5}, {'filterType': 'NOTIONAL', 'minNotional': '5.00000000', 'applyMinToMarket': True, 'maxNotional': '9000000.00000000', 'applyMaxToMarket': False, 'avgPriceMins': 5}, {'filterType': 'MAX_NUM_ORDERS', 'maxNumOrders': 200}, {'filterType': 'MAX_NUM_ALGO_ORDERS', 'maxNumAlgoOrders': 5}], 'permissions': [], 'permissionSets': [['SPOT', 'MARGIN', 'TRD_GRP_004', 'TRD_GRP_005', 'TRD_GRP_006', 'TRD_GRP_009', 'TRD_GRP_010', 'TRD_GRP_011', 'TRD_GRP_012', 'TRD_GRP_013', 'TRD_GRP_014', 'TRD_GRP_015', 'TRD_GRP_016', 'TRD_GRP_017', 'TRD_GRP_018', 'TRD_GRP_019', 'TRD_GRP_020', 'TRD_GRP_021', 'TRD_GRP_022', 'TRD_GRP_023', 'TRD_GRP_024', 'TRD_GRP_025', 'TRD_GRP_026', 'TRD_GRP_027', 'TRD_GRP_028', 'TRD_GRP_029', 'TRD_GRP_030', 'TRD_GRP_031', 'TRD_GRP_032', 'TRD_GRP_033', 'TRD_GRP_034', 'TRD_GRP_035', 'TRD_GRP_036', 'TRD_GRP_037', 'TRD_GRP_038', 'TRD_GRP_039', 'TRD_GRP_040', 'TRD_GRP_041', 'TRD_GRP_042', 'TRD_GRP_043', 'TRD_GRP_044', 'TRD_GRP_045', 'TRD_GRP_046', 'TRD_GRP_047', 'TRD_GRP_048', 'TRD_GRP_049', 'TRD_GRP_050', 'TRD_GRP_051', 'TRD_GRP_052', 'TRD_GRP_053', 'TRD_GRP_054', 'TRD_GRP_055', 'TRD_GRP_056', 'TRD_GRP_057', 'TRD_GRP_058', 'TRD_GRP_059', 'TRD_GRP_060', 'TRD_GRP_061', 'TRD_GRP_062', 'TRD_GRP_063', 'TRD_GRP_064', 'TRD_GRP_065', 'TRD_GRP_066', 'TRD_GRP_067', 'TRD_GRP_068', 'TRD_GRP_069', 'TRD_GRP_070', 'TRD_GRP_071', 'TRD_GRP_072', 'TRD_GRP_073', 'TRD_GRP_074', 'TRD_GRP_075', 'TRD_GRP_076', 'TRD_GRP_077', 'TRD_GRP_078', 'TRD_GRP_079', 'TRD_GRP_080', 'TRD_GRP_081', 'TRD_GRP_082', 'TRD_GRP_083', 'TRD_GRP_084', 'TRD_GRP_085', 'TRD_GRP_086', 'TRD_GRP_087', 'TRD_GRP_088', 'TRD_GRP_089', 'TRD_GRP_090', 'TRD_GRP_091', 'TRD_GRP_092', 'TRD_GRP_093', 'TRD_GRP_094', 'TRD_GRP_095', 'TRD_GRP_096', 'TRD_GRP_097', 'TRD_GRP_098', 'TRD_GRP_099', 'TRD_GRP_100', 'TRD_GRP_101', 'TRD_GRP_102', 'TRD_GRP_103', 'TRD_GRP_104', 'TRD_GRP_105', 'TRD_GRP_106', 'TRD_GRP_107', 'TRD_GRP_108', 'TRD_GRP_109', 'TRD_GRP_110', 'TRD_GRP_111', 'TRD_GRP_112', 'TRD_GRP_113', 'TRD_GRP_114', 'TRD_GRP_115', 'TRD_GRP_116', 'TRD_GRP_117', 'TRD_GRP_118', 'TRD_GRP_119', 'TRD_GRP_120', 'TRD_GRP_121', 'TRD_GRP_122', 'TRD_GRP_123', 'TRD_GRP_124', 'TRD_GRP_125', 'TRD_GRP_126', 'TRD_GRP_127', 'TRD_GRP_128', 'TRD_GRP_129', 'TRD_GRP_130', 'TRD_GRP_131', 'TRD_GRP_132', 'TRD_GRP_133', 'TRD_GRP_134', 'TRD_GRP_135', 'TRD_GRP_136', 'TRD_GRP_137', 'TRD_GRP_138', 'TRD_GRP_139', 'TRD_GRP_140', 'TRD_GRP_141', 'TRD_GRP_142', 'TRD_GRP_143', 'TRD_GRP_144', 'TRD_GRP_145', 'TRD_GRP_146', 'TRD_GRP_147', 'TRD_GRP_148', 'TRD_GRP_149', 'TRD_GRP_150', 'TRD_GRP_151', 'TRD_GRP_152', 'TRD_GRP_153', 'TRD_GRP_154', 'TRD_GRP_155', 'TRD_GRP_156', 'TRD_GRP_157', 'TRD_GRP_158', 'TRD_GRP_159', 'TRD_GRP_160', 'TRD_GRP_161', 'TRD_GRP_162', 'TRD_GRP_163', 'TRD_GRP_164', 'TRD_GRP_165', 'TRD_GRP_166', 'TRD_GRP_167', 'TRD_GRP_168', 'TRD_GRP_169', 'TRD_GRP_170', 'TRD_GRP_171', 'TRD_GRP_172', 'TRD_GRP_173', 'TRD_GRP_174', 'TRD_GRP_175', 'TRD_GRP_176', 'TRD_GRP_177', 'TRD_GRP_178', 'TRD_GRP_179', 'TRD_GRP_180', 'TRD_GRP_181', 'TRD_GRP_182', 'TRD_GRP_183', 'TRD_GRP_184', 'TRD_GRP_185', 'TRD_GRP_186', 'TRD_GRP_187', 'TRD_GRP_188', 'TRD_GRP_189', 'TRD_GRP_190', 'TRD_GRP_191', 'TRD_GRP_192', 'TRD_GRP_193', 'TRD_GRP_194', 'TRD_GRP_195', 'TRD_GRP_196', 'TRD_GRP_197', 'TRD_GRP_198', 'TRD_GRP_199', 'TRD_GRP_200', 'TRD_GRP_201', 'TRD_GRP_202', 'TRD_GRP_203', 'TRD_GRP_204', 'TRD_GRP_205', 'TRD_GRP_206', 'TRD_GRP_207', 'TRD_GRP_208', 'TRD_GRP_209', 'TRD_GRP_210', 'TRD_GRP_211', 'TRD_GRP_212', 'TRD_GRP_213', 'TRD_GRP_214', 'TRD_GRP_215', 'TRD_GRP_216', 'TRD_GRP_217', 'TRD_GRP_218', 'TRD_GRP_219', 'TRD_GRP_220', 'TRD_GRP_221', 'TRD_GRP_222', 'TRD_GRP_223', 'TRD_GRP_224', 'TRD_GRP_225', 'TRD_GRP_226', 'TRD_GRP_227', 'TRD_GRP_228', 'TRD_GRP_229', 'TRD_GRP_230', 'TRD_GRP_231', 'TRD_GRP_232', 'TRD_GRP_233', 'TRD_GRP_234', 'TRD_GRP_235']], 'defaultSelfTradePreventionMode': 'EXPIRE_MAKER', 'allowedSelfTradePreventionModes': ['EXPIRE_TAKER', 'EXPIRE_MAKER', 'EXPIRE_BOTH']}
2025-01-18 01:32:48,135 - WARNING - \u26a0\ufe0f Filtro MIN_NOTIONAL não encontrado para ETHUSDT.
2025-01-18 01:32:51,363 - WARNING - \u26a0\ufe0f Não foi possível determinar o valor mínimo de compra para ETHUSDT.
2025-01-18 01:33:23,786 - INFO - \U0001f50d Informações da Binance para BTCUSDT: {'symbol': 'BTCUSDT', 'status': 'TRADING', 'baseAsset': 'BTC', 'baseAssetPrecision': 8, 'quoteAsset': 'USDT', 'quotePrecision': 8, 'quoteAssetPrecision': 8, 'baseCommissionPrecision': 8, 'quoteCommissionPrecision': 8, 'orderTypes': ['LIMIT', 'LIMIT_MAKER', 'MARKET', 'STOP_LOSS', 'STOP_LOSS_LIMIT', 'TAKE_PROFIT', 'TAKE_PROFIT_LIMIT'], 'icebergAllowed': True, 'ocoAllowed': True, 'otoAllowed': True, 'quoteOrderQtyMarketAllowed': True, 'allowTrailingStop': True, 'cancelReplaceAllowed': True, 'isSpotTradingAllowed': True, 'isMarginTradingAllowed': True, 'filters': [{'filterType': 'PRICE_FILTER', 'minPrice': '0.01000000', 'maxPrice': '1000000.00000000', 'tickSize': '0.01000000'}, {'filterType': 'LOT_SIZE', 'minQty': '0.00001000', 'maxQty': '9000.00000000', 'stepSize': '0.00001000'}, {'filterType': 'ICEBERG_PARTS', 'limit': 10}, {'filterType': 'MARKET_LOT_SIZE', 'minQty': '0.00000000', 'maxQty': '89.67500095', 'stepSize': '0.00000000'}, {'filterType': 'TRAILING_DELTA', 'minTrailingAboveDelta': 10, 'maxTrailingAboveDelta': 2000, 'minTrailingBelowDelta': 10, 'maxTrailingBelowDelta': 2000}, {'filterType': 'PERCENT_PRICE_BY_SIDE', 'bidMultiplierUp': '5', 'bidMultiplierDown': '0.2', 'askMultiplierUp': '5', 'askMultiplierDown': '0.2', 'avgPriceMins': 5}, {'filterType': 'NOTIONAL', 'minNotional': '5.00000000', 'applyMinToMarket': True, 'maxNotional': '9000000.00000000', 'applyMaxToMarket': False, 'avgPriceMins': 5}, {'filterType': 'MAX_NUM_ORDERS', 'maxNumOrders': 200}, {'filterType': 'MAX_NUM_ALGO_ORDERS', 'maxNumAlgoOrders': 5}], 'permissions': [], 'permissionSets': [['SPOT', 'MARGIN', 'TRD_GRP_004', 'TRD_GRP_005', 'TRD_GRP_006', 'TRD_GRP_009', 'TRD_GRP_010', 'TRD_GRP_011', 'TRD_GRP_012', 'TRD_GRP_013', 'TRD_GRP_014', 'TRD_GRP_015', 'TRD_GRP_016', 'TRD_GRP_017', 'TRD_GRP_018', 'TRD_GRP_019', 'TRD_GRP_020', 'TRD_GRP_021', 'TRD_GRP_022', 'TRD_GRP_023', 'TRD_GRP_024', 'TRD_GRP_025', 'TRD_GRP_026', 'TRD_GRP_027', 'TRD_GRP_028', 'TRD_GRP_029', 'TRD_GRP_030', 'TRD_GRP_031', 'TRD_GRP_032', 'TRD_GRP_033', 'TRD_GRP_034', 'TRD_GRP_035', 'TRD_GRP_036', 'TRD_GRP_037', 'TRD_GRP_038', 'TRD_GRP_039', 'TRD_GRP_040', 'TRD_GRP_041', 'TRD_GRP_042', 'TRD_GRP_043', 'TRD_GRP_044', 'TRD_GRP_045', 'TRD_GRP_046', 'TRD_GRP_047', 'TRD_GRP_048', 'TRD_GRP_049', 'TRD_GRP_050', 'TRD_GRP_051', 'TRD_GRP_052', 'TRD_GRP_053', 'TRD_GRP_054', 'TRD_GRP_055', 'TRD_GRP_056', 'TRD_GRP_057', 'TRD_GRP_058', 'TRD_GRP_059', 'TRD_GRP_060', 'TRD_GRP_061', 'TRD_GRP_062', 'TRD_GRP_063', 'TRD_GRP_064', 'TRD_GRP_065', 'TRD_GRP_066', 'TRD_GRP_067', 'TRD_GRP_068', 'TRD_GRP_069', 'TRD_GRP_070', 'TRD_GRP_071', 'TRD_GRP_072', 'TRD_GRP_073', 'TRD_GRP_074', 'TRD_GRP_075', 'TRD_GRP_076', 'TRD_GRP_077', 'TRD_GRP_078', 'TRD_GRP_079', 'TRD_GRP_080', 'TRD_GRP_081', 'TRD_GRP_082', 'TRD_GRP_083', 'TRD_GRP_084', 'TRD_GRP_085', 'TRD_GRP_086', 'TRD_GRP_087', 'TRD_GRP_088', 'TRD_GRP_089', 'TRD_GRP_090', 'TRD_GRP_091', 'TRD_GRP_092', 'TRD_GRP_093', 'TRD_GRP_094', 'TRD_GRP_095', 'TRD_GRP_096', 'TRD_GRP_097', 'TRD_GRP_098', 'TRD_GRP_099', 'TRD_GRP_100', 'TRD_GRP_101', 'TRD_GRP_102', 'TRD_GRP_103', 'TRD_GRP_104', 'TRD_GRP_105', 'TRD_GRP_106', 'TRD_GRP_107', 'TRD_GRP_108', 'TRD_GRP_109', 'TRD_GRP_110', 'TRD_GRP_111', 'TRD_GRP_112', 'TRD_GRP_113', 'TRD_GRP_114', 'TRD_GRP_115', 'TRD_GRP_116', 'TRD_GRP_117', 'TRD_GRP_118', 'TRD_GRP_119', 'TRD_GRP_120', 'TRD_GRP_121', 'TRD_GRP_122', 'TRD_GRP_123', 'TRD_GRP_124', 'TRD_GRP_125', 'TRD_GRP_126', 'TRD_GRP_127', 'TRD_GRP_128', 'TRD_GRP_129', 'TRD_GRP_130', 'TRD_GRP_131', 'TRD_GRP_132', 'TRD_GRP_133', 'TRD_GRP_134', 'TRD_GRP_135', 'TRD_GRP_136', 'TRD_GRP_137', 'TRD_GRP_138', 'TRD_GRP_139', 'TRD_GRP_140', 'TRD_GRP_141', 'TRD_GRP_142', 'TRD_GRP_143', 'TRD_GRP_144', 'TRD_GRP_145', 'TRD_GRP_146', 'TRD_GRP_147', 'TRD_GRP_148', 'TRD_GRP_149', 'TRD_GRP_150', 'TRD_GRP_151', 'TRD_GRP_152', 'TRD_GRP_153', 'TRD_GRP_154', 'TRD_GRP_155', 'TRD_GRP_156', 'TRD_GRP_157', 'TRD_GRP_158', 'TRD_GRP_159', 'TRD_GRP_160', 'TRD_GRP_161', 'TRD_GRP_162', 'TRD_GRP_163', 'TRD_GRP_164', 'TRD_GRP_165', 'TRD_GRP_166', 'TRD_GRP_167', 'TRD_GRP_168', 'TRD_GRP_169', 'TRD_GRP_170', 'TRD_GRP_171', 'TRD_GRP_172', 'TRD_GRP_173', 'TRD_GRP_174', 'TRD_GRP_175', 'TRD_GRP_176', 'TRD_GRP_177', 'TRD_GRP_178', 'TRD_GRP_179', 'TRD_GRP_180', 'TRD_GRP_181', 'TRD_GRP_182', 'TRD_GRP_183', 'TRD_GRP_184', 'TRD_GRP_185', 'TRD_GRP_186', 'TRD_GRP_187', 'TRD_GRP_188', 'TRD_GRP_189', 'TRD_GRP_190', 'TRD_GRP_191', 'TRD_GRP_192', 'TRD_GRP_193', 'TRD_GRP_194', 'TRD_GRP_195', 'TRD_GRP_196', 'TRD_GRP_197', 'TRD_GRP_198', 'TRD_GRP_199', 'TRD_GRP_200', 'TRD_GRP_201', 'TRD_GRP_202', 'TRD_GRP_203', 'TRD_GRP_204', 'TRD_GRP_205', 'TRD_GRP_206', 'TRD_GRP_207', 'TRD_GRP_208', 'TRD_GRP_209', 'TRD_GRP_210', 'TRD_GRP_211', 'TRD_GRP_212', 'TRD_GRP_213', 'TRD_GRP_214', 'TRD_GRP_215', 'TRD_GRP_216', 'TRD_GRP_217', 'TRD_GRP_218', 'TRD_GRP_219', 'TRD_GRP_220', 'TRD_GRP_221', 'TRD_GRP_222', 'TRD_GRP_223', 'TRD_GRP_224', 'TRD_GRP_225', 'TRD_GRP_226', 'TRD_GRP_227', 'TRD_GRP_228', 'TRD_GRP_229', 'TRD_GRP_230', 'TRD_GRP_231', 'TRD_GRP_232', 'TRD_GRP_233', 'TRD_GRP_234', 'TRD_GRP_235']], 'defaultSelfTradePreventionMode': 'EXPIRE_MAKER', 'allowedSelfTradePreventionModes': ['EXPIRE_TAKER', 'EXPIRE_MAKER', 'EXPIRE_BOTH']}
2025-01-18 01:33:23,786 - WARNING - \u26a0\ufe0f Filtro MIN_NOTIONAL não encontrado para BTCUSDT.
2025-01-18 01:33:24,570 - WARNING - \u26a0\ufe0f Não foi possível determinar o valor mínimo de compra para BTCUSDT.
2025-01-18 01:33:25,353 - INFO - \U0001f50d Informações da Binance para ETHUSDT: {'symbol': 'ETHUSDT', 'status': 'TRADING', 'baseAsset': 'ETH', 'baseAssetPrecision': 8, 'quoteAsset': 'USDT', 'quotePrecision': 8, 'quoteAssetPrecision': 8, 'baseCommissionPrecision': 8, 'quoteCommissionPrecision': 8, 'orderTypes': ['LIMIT', 'LIMIT_MAKER', 'MARKET', 'STOP_LOSS', 'STOP_LOSS_LIMIT', 'TAKE_PROFIT', 'TAKE_PROFIT_LIMIT'], 'icebergAllowed': True, 'ocoAllowed': True, 'otoAllowed': True, 'quoteOrderQtyMarketAllowed': True, 'allowTrailingStop': True, 'cancelReplaceAllowed': True, 'isSpotTradingAllowed': True, 'isMarginTradingAllowed': True, 'filters': [{'filterType': 'PRICE_FILTER', 'minPrice': '0.01000000', 'maxPrice': '1000000.00000000', 'tickSize': '0.01000000'}, {'filterType': 'LOT_SIZE', 'minQty': '0.00010000', 'maxQty': '9000.00000000', 'stepSize': '0.00010000'}, {'filterType': 'ICEBERG_PARTS', 'limit': 10}, {'filterType': 'MARKET_LOT_SIZE', 'minQty': '0.00000000', 'maxQty': '2418.75700375', 'stepSize': '0.00000000'}, {'filterType': 'TRAILING_DELTA', 'minTrailingAboveDelta': 10, 'maxTrailingAboveDelta': 2000, 'minTrailingBelowDelta': 10, 'maxTrailingBelowDelta': 2000}, {'filterType': 'PERCENT_PRICE_BY_SIDE', 'bidMultiplierUp': '5', 'bidMultiplierDown': '0.2', 'askMultiplierUp': '5', 'askMultiplierDown': '0.2', 'avgPriceMins': 5}, {'filterType': 'NOTIONAL', 'minNotional': '5.00000000', 'applyMinToMarket': True, 'maxNotional': '9000000.00000000', 'applyMaxToMarket': False, 'avgPriceMins': 5}, {'filterType': 'MAX_NUM_ORDERS', 'maxNumOrders': 200}, {'filterType': 'MAX_NUM_ALGO_ORDERS', 'maxNumAlgoOrders': 5}], 'permissions': [], 'permissionSets': [['SPOT', 'MARGIN', 'TRD_GRP_004', 'TRD_GRP_005', 'TRD_GRP_006', 'TRD_GRP_009', 'TRD_GRP_010', 'TRD_GRP_011', 'TRD_GRP_012', 'TRD_GRP_013', 'TRD_GRP_014', 'TRD_GRP_015', 'TRD_GRP_016', 'TRD_GRP_017', 'TRD_GRP_018', 'TRD_GRP_019', 'TRD_GRP_020', 'TRD_GRP_021', 'TRD_GRP_022', 'TRD_GRP_023', 'TRD_GRP_024', 'TRD_GRP_025', 'TRD_GRP_026', 'TRD_GRP_027', 'TRD_GRP_028', 'TRD_GRP_029', 'TRD_GRP_030', 'TRD_GRP_031', 'TRD_GRP_032', 'TRD_GRP_033', 'TRD_GRP_034', 'TRD_GRP_035', 'TRD_GRP_036', 'TRD_GRP_037', 'TRD_GRP_038', 'TRD_GRP_039', 'TRD_GRP_040', 'TRD_GRP_041', 'TRD_GRP_042', 'TRD_GRP_043', 'TRD_GRP_044', 'TRD_GRP_045', 'TRD_GRP_046', 'TRD_GRP_047', 'TRD_GRP_048', 'TRD_GRP_049', 'TRD_GRP_050', 'TRD_GRP_051', 'TRD_GRP_052', 'TRD_GRP_053', 'TRD_GRP_054', 'TRD_GRP_055', 'TRD_GRP_056', 'TRD_GRP_057', 'TRD_GRP_058', 'TRD_GRP_059', 'TRD_GRP_060', 'TRD_GRP_061', 'TRD_GRP_062', 'TRD_GRP_063', 'TRD_GRP_064', 'TRD_GRP_065', 'TRD_GRP_066', 'TRD_GRP_067', 'TRD_GRP_068', 'TRD_GRP_069', 'TRD_GRP_070', 'TRD_GRP_071', 'TRD_GRP_072', 'TRD_GRP_073', 'TRD_GRP_074', 'TRD_GRP_075', 'TRD_GRP_076', 'TRD_GRP_077', 'TRD_GRP_078', 'TRD_GRP_079', 'TRD_GRP_080', 'TRD_GRP_081', 'TRD_GRP_082', 'TRD_GRP_083', 'TRD_GRP_084', 'TRD_GRP_085', 'TRD_GRP_086', 'TRD_GRP_087', 'TRD_GRP_088', 'TRD_GRP_089', 'TRD_GRP_090', 'TRD_GRP_091', 'TRD_GRP_092', 'TRD_GRP_093', 'TRD_GRP_094', 'TRD_GRP_095', 'TRD_GRP_096', 'TRD_GRP_097', 'TRD_GRP_098', 'TRD_GRP_099', 'TRD_GRP_100', 'TRD_GRP_101', 'TRD_GRP_102', 'TRD_GRP_103', 'TRD_GRP_104', 'TRD_GRP_105', 'TRD_GRP_106', 'TRD_GRP_107', 'TRD_GRP_108', 'TRD_GRP_109', 'TRD_GRP_110', 'TRD_GRP_111', 'TRD_GRP_112', 'TRD_GRP_113', 'TRD_GRP_114', 'TRD_GRP_115', 'TRD_GRP_116', 'TRD_GRP_117', 'TRD_GRP_118', 'TRD_GRP_119', 'TRD_GRP_120', 'TRD_GRP_121', 'TRD_GRP_122', 'TRD_GRP_123', 'TRD_GRP_124', 'TRD_GRP_125', 'TRD_GRP_126', 'TRD_GRP_127', 'TRD_GRP_128', 'TRD_GRP_129', 'TRD_GRP_130', 'TRD_GRP_131', 'TRD_GRP_132', 'TRD_GRP_133', 'TRD_GRP_134', 'TRD_GRP_135', 'TRD_GRP_136', 'TRD_GRP_137', 'TRD_GRP_138', 'TRD_GRP_139', 'TRD_GRP_140', 'TRD_GRP_141', 'TRD_GRP_142', 'TRD_GRP_143', 'TRD_GRP_144', 'TRD_GRP_145', 'TRD_GRP_146', 'TRD_GRP_147', 'TRD_GRP_148', 'TRD_GRP_149', 'TRD_GRP_150', 'TRD_GRP_151', 'TRD_GRP_152', 'TRD_GRP_153', 'TRD_GRP_154', 'TRD_GRP_155', 'TRD_GRP_156', 'TRD_GRP_157', 'TRD_GRP_158', 'TRD_GRP_159', 'TRD_GRP_160', 'TRD_GRP_161', 'TRD_GRP_162', 'TRD_GRP_163', 'TRD_GRP_164', 'TRD_GRP_165', 'TRD_GRP_166', 'TRD_GRP_167', 'TRD_GRP_168', 'TRD_GRP_169', 'TRD_GRP_170', 'TRD_GRP_171', 'TRD_GRP_172', 'TRD_GRP_173', 'TRD_GRP_174', 'TRD_GRP_175', 'TRD_GRP_176', 'TRD_GRP_177', 'TRD_GRP_178', 'TRD_GRP_179', 'TRD_GRP_180', 'TRD_GRP_181', 'TRD_GRP_182', 'TRD_GRP_183', 'TRD_GRP_184', 'TRD_GRP_185', 'TRD_GRP_186', 'TRD_GRP_187', 'TRD_GRP_188', 'TRD_GRP_189', 'TRD_GRP_190', 'TRD_GRP_191', 'TRD_GRP_192', 'TRD_GRP_193', 'TRD_GRP_194', 'TRD_GRP_195', 'TRD_GRP_196', 'TRD_GRP_197', 'TRD_GRP_198', 'TRD_GRP_199', 'TRD_GRP_200', 'TRD_GRP_201', 'TRD_GRP_202', 'TRD_GRP_203', 'TRD_GRP_204', 'TRD_GRP_205', 'TRD_GRP_206', 'TRD_GRP_207', 'TRD_GRP_208', 'TRD_GRP_209', 'TRD_GRP_210', 'TRD_GRP_211', 'TRD_GRP_212', 'TRD_GRP_213', 'TRD_GRP_214', 'TRD_GRP_215', 'TRD_GRP_216', 'TRD_GRP_217', 'TRD_GRP_218', 'TRD_GRP_219', 'TRD_GRP_220', 'TRD_GRP_221', 'TRD_GRP_222', 'TRD_GRP_223', 'TRD_GRP_224', 'TRD_GRP_225', 'TRD_GRP_226', 'TRD_GRP_227', 'TRD_GRP_228', 'TRD_GRP_229', 'TRD_GRP_230', 'TRD_GRP_231', 'TRD_GRP_232', 'TRD_GRP_233', 'TRD_GRP_234', 'TRD_GRP_235']], 'defaultSelfTradePreventionMode': 'EXPIRE_MAKER', 'allowedSelfTradePreventionModes': ['EXPIRE_TAKER', 'EXPIRE_MAKER', 'EXPIRE_BOTH']}
2025-01-18 01:33:25,353 - WARNING - \u26a0\ufe0f Filtro MIN_NOTIONAL não encontrado para ETHUSDT.
2025-01-18 01:33:26,089 - WARNING - \u26a0\ufe0f Não foi possível determinar o valor mínimo de compra para ETHUSDT.
2025-01-18 01:33:58,615 - INFO - \U0001f50d Informações da Binance para BTCUSDT: {'symbol': 'BTCUSDT', 'status': 'TRADING', 'baseAsset': 'BTC', 'baseAssetPrecision': 8, 'quoteAsset': 'USDT', 'quotePrecision': 8, 'quoteAssetPrecision': 8, 'baseCommissionPrecision': 8, 'quoteCommissionPrecision': 8, 'orderTypes': ['LIMIT', 'LIMIT_MAKER', 'MARKET', 'STOP_LOSS', 'STOP_LOSS_LIMIT', 'TAKE_PROFIT', 'TAKE_PROFIT_LIMIT'], 'icebergAllowed': True, 'ocoAllowed': True, 'otoAllowed': True, 'quoteOrderQtyMarketAllowed': True, 'allowTrailingStop': True, 'cancelReplaceAllowed': True, 'isSpotTradingAllowed': True, 'isMarginTradingAllowed': True, 'filters': [{'filterType': 'PRICE_FILTER', 'minPrice': '0.01000000', 'maxPrice': '1000000.00000000', 'tickSize': '0.01000000'}, {'filterType': 'LOT_SIZE', 'minQty': '0.00001000', 'maxQty': '9000.00000000', 'stepSize': '0.00001000'}, {'filterType': 'ICEBERG_PARTS', 'limit': 10}, {'filterType': 'MARKET_LOT_SIZE', 'minQty': '0.00000000', 'maxQty': '89.67500095', 'stepSize': '0.00000000'}, {'filterType': 'TRAILING_DELTA', 'minTrailingAboveDelta': 10, 'maxTrailingAboveDelta': 2000, 'minTrailingBelowDelta': 10, 'maxTrailingBelowDelta': 2000}, {'filterType': 'PERCENT_PRICE_BY_SIDE', 'bidMultiplierUp': '5', 'bidMultiplierDown': '0.2', 'askMultiplierUp': '5', 'askMultiplierDown': '0.2', 'avgPriceMins': 5}, {'filterType': 'NOTIONAL', 'minNotional': '5.00000000', 'applyMinToMarket': True, 'maxNotional': '9000000.00000000', 'applyMaxToMarket': False, 'avgPriceMins': 5}, {'filterType': 'MAX_NUM_ORDERS', 'maxNumOrders': 200}, {'filterType': 'MAX_NUM_ALGO_ORDERS', 'maxNumAlgoOrders': 5}], 'permissions': [], 'permissionSets': [['SPOT', 'MARGIN', 'TRD_GRP_004', 'TRD_GRP_005', 'TRD_GRP_006', 'TRD_GRP_009', 'TRD_GRP_010', 'TRD_GRP_011', 'TRD_GRP_012', 'TRD_GRP_013', 'TRD_GRP_014', 'TRD_GRP_015', 'TRD_GRP_016', 'TRD_GRP_017', 'TRD_GRP_018', 'TRD_GRP_019', 'TRD_GRP_020', 'TRD_GRP_021', 'TRD_GRP_022', 'TRD_GRP_023', 'TRD_GRP_024', 'TRD_GRP_025', 'TRD_GRP_026', 'TRD_GRP_027', 'TRD_GRP_028', 'TRD_GRP_029', 'TRD_GRP_030', 'TRD_GRP_031', 'TRD_GRP_032', 'TRD_GRP_033', 'TRD_GRP_034', 'TRD_GRP_035', 'TRD_GRP_036', 'TRD_GRP_037', 'TRD_GRP_038', 'TRD_GRP_039', 'TRD_GRP_040', 'TRD_GRP_041', 'TRD_GRP_042', 'TRD_GRP_043', 'TRD_GRP_044', 'TRD_GRP_045', 'TRD_GRP_046', 'TRD_GRP_047', 'TRD_GRP_048', 'TRD_GRP_049', 'TRD_GRP_050', 'TRD_GRP_051', 'TRD_GRP_052', 'TRD_GRP_053', 'TRD_GRP_054', 'TRD_GRP_055', 'TRD_GRP_056', 'TRD_GRP_057', 'TRD_GRP_058', 'TRD_GRP_059', 'TRD_GRP_060', 'TRD_GRP_061', 'TRD_GRP_062', 'TRD_GRP_063', 'TRD_GRP_064', 'TRD_GRP_065', 'TRD_GRP_066', 'TRD_GRP_067', 'TRD_GRP_068', 'TRD_GRP_069', 'TRD_GRP_070', 'TRD_GRP_071', 'TRD_GRP_072', 'TRD_GRP_073', 'TRD_GRP_074', 'TRD_GRP_075', 'TRD_GRP_076', 'TRD_GRP_077', 'TRD_GRP_078', 'TRD_GRP_079', 'TRD_GRP_080', 'TRD_GRP_081', 'TRD_GRP_082', 'TRD_GRP_083', 'TRD_GRP_084', 'TRD_GRP_085', 'TRD_GRP_086', 'TRD_GRP_087', 'TRD_GRP_088', 'TRD_GRP_089', 'TRD_GRP_090', 'TRD_GRP_091', 'TRD_GRP_092', 'TRD_GRP_093', 'TRD_GRP_094', 'TRD_GRP_095', 'TRD_GRP_096', 'TRD_GRP_097', 'TRD_GRP_098', 'TRD_GRP_099', 'TRD_GRP_100', 'TRD_GRP_101', 'TRD_GRP_102', 'TRD_GRP_103', 'TRD_GRP_104', 'TRD_GRP_105', 'TRD_GRP_106', 'TRD_GRP_107', 'TRD_GRP_108', 'TRD_GRP_109', 'TRD_GRP_110', 'TRD_GRP_111', 'TRD_GRP_112', 'TRD_GRP_113', 'TRD_GRP_114', 'TRD_GRP_115', 'TRD_GRP_116', 'TRD_GRP_117', 'TRD_GRP_118', 'TRD_GRP_119', 'TRD_GRP_120', 'TRD_GRP_121', 'TRD_GRP_122', 'TRD_GRP_123', 'TRD_GRP_124', 'TRD_GRP_125', 'TRD_GRP_126', 'TRD_GRP_127', 'TRD_GRP_128', 'TRD_GRP_129', 'TRD_GRP_130', 'TRD_GRP_131', 'TRD_GRP_132', 'TRD_GRP_133', 'TRD_GRP_134', 'TRD_GRP_135', 'TRD_GRP_136', 'TRD_GRP_137', 'TRD_GRP_138', 'TRD_GRP_139', 'TRD_GRP_140', 'TRD_GRP_141', 'TRD_GRP_142', 'TRD_GRP_143', 'TRD_GRP_144', 'TRD_GRP_145', 'TRD_GRP_146', 'TRD_GRP_147', 'TRD_GRP_148', 'TRD_GRP_149', 'TRD_GRP_150', 'TRD_GRP_151', 'TRD_GRP_152', 'TRD_GRP_153', 'TRD_GRP_154', 'TRD_GRP_155', 'TRD_GRP_156', 'TRD_GRP_157', 'TRD_GRP_158', 'TRD_GRP_159', 'TRD_GRP_160', 'TRD_GRP_161', 'TRD_GRP_162', 'TRD_GRP_163', 'TRD_GRP_164', 'TRD_GRP_165', 'TRD_GRP_166', 'TRD_GRP_167', 'TRD_GRP_168', 'TRD_GRP_169', 'TRD_GRP_170', 'TRD_GRP_171', 'TRD_GRP_172', 'TRD_GRP_173', 'TRD_GRP_174', 'TRD_GRP_175', 'TRD_GRP_176', 'TRD_GRP_177', 'TRD_GRP_178', 'TRD_GRP_179', 'TRD_GRP_180', 'TRD_GRP_181', 'TRD_GRP_182', 'TRD_GRP_183', 'TRD_GRP_184', 'TRD_GRP_185', 'TRD_GRP_186', 'TRD_GRP_187', 'TRD_GRP_188', 'TRD_GRP_189', 'TRD_GRP_190', 'TRD_GRP_191', 'TRD_GRP_192', 'TRD_GRP_193', 'TRD_GRP_194', 'TRD_GRP_195', 'TRD_GRP_196', 'TRD_GRP_197', 'TRD_GRP_198', 'TRD_GRP_199', 'TRD_GRP_200', 'TRD_GRP_201', 'TRD_GRP_202', 'TRD_GRP_203', 'TRD_GRP_204', 'TRD_GRP_205', 'TRD_GRP_206', 'TRD_GRP_207', 'TRD_GRP_208', 'TRD_GRP_209', 'TRD_GRP_210', 'TRD_GRP_211', 'TRD_GRP_212', 'TRD_GRP_213', 'TRD_GRP_214', 'TRD_GRP_215', 'TRD_GRP_216', 'TRD_GRP_217', 'TRD_GRP_218', 'TRD_GRP_219', 'TRD_GRP_220', 'TRD_GRP_221', 'TRD_GRP_222', 'TRD_GRP_223', 'TRD_GRP_224', 'TRD_GRP_225', 'TRD_GRP_226', 'TRD_GRP_227', 'TRD_GRP_228', 'TRD_GRP_229', 'TRD_GRP_230', 'TRD_GRP_231', 'TRD_GRP_232', 'TRD_GRP_233', 'TRD_GRP_234', 'TRD_GRP_235']], 'defaultSelfTradePreventionMode': 'EXPIRE_MAKER', 'allowedSelfTradePreventionModes': ['EXPIRE_TAKER', 'EXPIRE_MAKER', 'EXPIRE_BOTH']}
2025-01-18 01:33:58,615 - WARNING - \u26a0\ufe0f Filtro MIN_NOTIONAL não encontrado para BTCUSDT.
2025-01-18 01:33:59,366 - WARNING - \u26a0\ufe0f Não foi possível determinar o valor mínimo de compra para BTCUSDT.
2025-01-18 01:34:00,268 - INFO - \U0001f50d Informações da Binance para ETHUSDT: {'symbol': 'ETHUSDT', 'status': 'TRADING', 'baseAsset': 'ETH', 'baseAssetPrecision': 8, 'quoteAsset': 'USDT', 'quotePrecision': 8, 'quoteAssetPrecision': 8, 'baseCommissionPrecision': 8, 'quoteCommissionPrecision': 8, 'orderTypes': ['LIMIT', 'LIMIT_MAKER', 'MARKET', 'STOP_LOSS', 'STOP_LOSS_LIMIT', 'TAKE_PROFIT', 'TAKE_PROFIT_LIMIT'], 'icebergAllowed': True, 'ocoAllowed': True, 'otoAllowed': True, 'quoteOrderQtyMarketAllowed': True, 'allowTrailingStop': True, 'cancelReplaceAllowed': True, 'isSpotTradingAllowed': True, 'isMarginTradingAllowed': True, 'filters': [{'filterType': 'PRICE_FILTER', 'minPrice': '0.01000000', 'maxPrice': '1000000.00000000', 'tickSize': '0.01000000'}, {'filterType': 'LOT_SIZE', 'minQty': '0.00010000', 'maxQty': '9000.00000000', 'stepSize': '0.00010000'}, {'filterType': 'ICEBERG_PARTS', 'limit': 10}, {'filterType': 'MARKET_LOT_SIZE', 'minQty': '0.00000000', 'maxQty': '2418.75700375', 'stepSize': '0.00000000'}, {'filterType': 'TRAILING_DELTA', 'minTrailingAboveDelta': 10, 'maxTrailingAboveDelta': 2000, 'minTrailingBelowDelta': 10, 'maxTrailingBelowDelta': 2000}, {'filterType': 'PERCENT_PRICE_BY_SIDE', 'bidMultiplierUp': '5', 'bidMultiplierDown': '0.2', 'askMultiplierUp': '5', 'askMultiplierDown': '0.2', 'avgPriceMins': 5}, {'filterType': 'NOTIONAL', 'minNotional': '5.00000000', 'applyMinToMarket': True, 'maxNotional': '9000000.00000000', 'applyMaxToMarket': False, 'avgPriceMins': 5}, {'filterType': 'MAX_NUM_ORDERS', 'maxNumOrders': 200}, {'filterType': 'MAX_NUM_ALGO_ORDERS', 'maxNumAlgoOrders': 5}], 'permissions': [], 'permissionSets': [['SPOT', 'MARGIN', 'TRD_GRP_004', 'TRD_GRP_005', 'TRD_GRP_006', 'TRD_GRP_009', 'TRD_GRP_010', 'TRD_GRP_011', 'TRD_GRP_012', 'TRD_GRP_013', 'TRD_GRP_014', 'TRD_GRP_015', 'TRD_GRP_016', 'TRD_GRP_017', 'TRD_GRP_018', 'TRD_GRP_019', 'TRD_GRP_020', 'TRD_GRP_021', 'TRD_GRP_022', 'TRD_GRP_023', 'TRD_GRP_024', 'TRD_GRP_025', 'TRD_GRP_026', 'TRD_GRP_027', 'TRD_GRP_028', 'TRD_GRP_029', 'TRD_GRP_030', 'TRD_GRP_031', 'TRD_GRP_032', 'TRD_GRP_033', 'TRD_GRP_034', 'TRD_GRP_035', 'TRD_GRP_036', 'TRD_GRP_037', 'TRD_GRP_038', 'TRD_GRP_039', 'TRD_GRP_040', 'TRD_GRP_041', 'TRD_GRP_042', 'TRD_GRP_043', 'TRD_GRP_044', 'TRD_GRP_045', 'TRD_GRP_046', 'TRD_GRP_047', 'TRD_GRP_048', 'TRD_GRP_049', 'TRD_GRP_050', 'TRD_GRP_051', 'TRD_GRP_052', 'TRD_GRP_053', 'TRD_GRP_054', 'TRD_GRP_055', 'TRD_GRP_056', 'TRD_GRP_057', 'TRD_GRP_058', 'TRD_GRP_059', 'TRD_GRP_060', 'TRD_GRP_061', 'TRD_GRP_062', 'TRD_GRP_063', 'TRD_GRP_064', 'TRD_GRP_065', 'TRD_GRP_066', 'TRD_GRP_067', 'TRD_GRP_068', 'TRD_GRP_069', 'TRD_GRP_070', 'TRD_GRP_071', 'TRD_GRP_072', 'TRD_GRP_073', 'TRD_GRP_074', 'TRD_GRP_075', 'TRD_GRP_076', 'TRD_GRP_077', 'TRD_GRP_078', 'TRD_GRP_079', 'TRD_GRP_080', 'TRD_GRP_081', 'TRD_GRP_082', 'TRD_GRP_083', 'TRD_GRP_084', 'TRD_GRP_085', 'TRD_GRP_086', 'TRD_GRP_087', 'TRD_GRP_088', 'TRD_GRP_089', 'TRD_GRP_090', 'TRD_GRP_091', 'TRD_GRP_092', 'TRD_GRP_093', 'TRD_GRP_094', 'TRD_GRP_095', 'TRD_GRP_096', 'TRD_GRP_097', 'TRD_GRP_098', 'TRD_GRP_099', 'TRD_GRP_100', 'TRD_GRP_101', 'TRD_GRP_102', 'TRD_GRP_103', 'TRD_GRP_104', 'TRD_GRP_105', 'TRD_GRP_106', 'TRD_GRP_107', 'TRD_GRP_108', 'TRD_GRP_109', 'TRD_GRP_110', 'TRD_GRP_111', 'TRD_GRP_112', 'TRD_GRP_113', 'TRD_GRP_114', 'TRD_GRP_115', 'TRD_GRP_116', 'TRD_GRP_117', 'TRD_GRP_118', 'TRD_GRP_119', 'TRD_GRP_120', 'TRD_GRP_121', 'TRD_GRP_122', 'TRD_GRP_123', 'TRD_GRP_124', 'TRD_GRP_125', 'TRD_GRP_126', 'TRD_GRP_127', 'TRD_GRP_128', 'TRD_GRP_129', 'TRD_GRP_130', 'TRD_GRP_131', 'TRD_GRP_132', 'TRD_GRP_133', 'TRD_GRP_134', 'TRD_GRP_135', 'TRD_GRP_136', 'TRD_GRP_137', 'TRD_GRP_138', 'TRD_GRP_139', 'TRD_GRP_140', 'TRD_GRP_141', 'TRD_GRP_142', 'TRD_GRP_143', 'TRD_GRP_144', 'TRD_GRP_145', 'TRD_GRP_146', 'TRD_GRP_147', 'TRD_GRP_148', 'TRD_GRP_149', 'TRD_GRP_150', 'TRD_GRP_151', 'TRD_GRP_152', 'TRD_GRP_153', 'TRD_GRP_154', 'TRD_GRP_155', 'TRD_GRP_156', 'TRD_GRP_157', 'TRD_GRP_158', 'TRD_GRP_159', 'TRD_GRP_160', 'TRD_GRP_161', 'TRD_GRP_162', 'TRD_GRP_163', 'TRD_GRP_164', 'TRD_GRP_165', 'TRD_GRP_166', 'TRD_GRP_167', 'TRD_GRP_168', 'TRD_GRP_169', 'TRD_GRP_170', 'TRD_GRP_171', 'TRD_GRP_172', 'TRD_GRP_173', 'TRD_GRP_174', 'TRD_GRP_175', 'TRD_GRP_176', 'TRD_GRP_177', 'TRD_GRP_178', 'TRD_GRP_179', 'TRD_GRP_180', 'TRD_GRP_181', 'TRD_GRP_182', 'TRD_GRP_183', 'TRD_GRP_184', 'TRD_GRP_185', 'TRD_GRP_186', 'TRD_GRP_187', 'TRD_GRP_188', 'TRD_GRP_189', 'TRD_GRP_190', 'TRD_GRP_191', 'TRD_GRP_192', 'TRD_GRP_193', 'TRD_GRP_194', 'TRD_GRP_195', 'TRD_GRP_196', 'TRD_GRP_197', 'TRD_GRP_198', 'TRD_GRP_199', 'TRD_GRP_200', 'TRD_GRP_201', 'TRD_GRP_202', 'TRD_GRP_203', 'TRD_GRP_204', 'TRD_GRP_205', 'TRD_GRP_206', 'TRD_GRP_207', 'TRD_GRP_208', 'TRD_GRP_209', 'TRD_GRP_210', 'TRD_GRP_211', 'TRD_GRP_212', 'TRD_GRP_213', 'TRD_GRP_214', 'TRD_GRP_215', 'TRD_GRP_216', 'TRD_GRP_217', 'TRD_GRP_218', 'TRD_GRP_219', 'TRD_GRP_220', 'TRD_GRP_221', 'TRD_GRP_222', 'TRD_GRP_223', 'TRD_GRP_224', 'TRD_GRP_225', 'TRD_GRP_226', 'TRD_GRP_227', 'TRD_GRP_228', 'TRD_GRP_229', 'TRD_GRP_230', 'TRD_GRP_231', 'TRD_GRP_232', 'TRD_GRP_233', 'TRD_GRP_234', 'TRD_GRP_235']], 'defaultSelfTradePreventionMode': 'EXPIRE_MAKER', 'allowedSelfTradePreventionModes': ['EXPIRE_TAKER', 'EXPIRE_MAKER', 'EXPIRE_BOTH']}
2025-01-18 01:34:00,268 - WARNING - \u26a0\ufe0f Filtro MIN_NOTIONAL não encontrado para ETHUSDT.
2025-01-18 01:34:01,133 - WARNING - \u26a0\ufe0f Não foi possível determinar o valor mínimo de compra para ETHUSDT.
2025-01-18 01:34:33,385 - INFO - \U0001f50d Informações da Binance para BTCUSDT: {'symbol': 'BTCUSDT', 'status': 'TRADING', 'baseAsset': 'BTC', 'baseAssetPrecision': 8, 'quoteAsset': 'USDT', 'quotePrecision': 8, 'quoteAssetPrecision': 8, 'baseCommissionPrecision': 8, 'quoteCommissionPrecision': 8, 'orderTypes': ['LIMIT', 'LIMIT_MAKER', 'MARKET', 'STOP_LOSS', 'STOP_LOSS_LIMIT', 'TAKE_PROFIT', 'TAKE_PROFIT_LIMIT'], 'icebergAllowed': True, 'ocoAllowed': True, 'otoAllowed': True, 'quoteOrderQtyMarketAllowed': True, 'allowTrailingStop': True, 'cancelReplaceAllowed': True, 'isSpotTradingAllowed': True, 'isMarginTradingAllowed': True, 'filters': [{'filterType': 'PRICE_FILTER', 'minPrice': '0.01000000', 'maxPrice': '1000000.00000000', 'tickSize': '0.01000000'}, {'filterType': 'LOT_SIZE', 'minQty': '0.00001000', 'maxQty': '9000.00000000', 'stepSize': '0.00001000'}, {'filterType': 'ICEBERG_PARTS', 'limit': 10}, {'filterType': 'MARKET_LOT_SIZE', 'minQty': '0.00000000', 'maxQty': '89.67500095', 'stepSize': '0.00000000'}, {'filterType': 'TRAILING_DELTA', 'minTrailingAboveDelta': 10, 'maxTrailingAboveDelta': 2000, 'minTrailingBelowDelta': 10, 'maxTrailingBelowDelta': 2000}, {'filterType': 'PERCENT_PRICE_BY_SIDE', 'bidMultiplierUp': '5', 'bidMultiplierDown': '0.2', 'askMultiplierUp': '5', 'askMultiplierDown': '0.2', 'avgPriceMins': 5}, {'filterType': 'NOTIONAL', 'minNotional': '5.00000000', 'applyMinToMarket': True, 'maxNotional': '9000000.00000000', 'applyMaxToMarket': False, 'avgPriceMins': 5}, {'filterType': 'MAX_NUM_ORDERS', 'maxNumOrders': 200}, {'filterType': 'MAX_NUM_ALGO_ORDERS', 'maxNumAlgoOrders': 5}], 'permissions': [], 'permissionSets': [['SPOT', 'MARGIN', 'TRD_GRP_004', 'TRD_GRP_005', 'TRD_GRP_006', 'TRD_GRP_009', 'TRD_GRP_010', 'TRD_GRP_011', 'TRD_GRP_012', 'TRD_GRP_013', 'TRD_GRP_014', 'TRD_GRP_015', 'TRD_GRP_016', 'TRD_GRP_017', 'TRD_GRP_018', 'TRD_GRP_019', 'TRD_GRP_020', 'TRD_GRP_021', 'TRD_GRP_022', 'TRD_GRP_023', 'TRD_GRP_024', 'TRD_GRP_025', 'TRD_GRP_026', 'TRD_GRP_027', 'TRD_GRP_028', 'TRD_GRP_029', 'TRD_GRP_030', 'TRD_GRP_031', 'TRD_GRP_032', 'TRD_GRP_033', 'TRD_GRP_034', 'TRD_GRP_035', 'TRD_GRP_036', 'TRD_GRP_037', 'TRD_GRP_038', 'TRD_GRP_039', 'TRD_GRP_040', 'TRD_GRP_041', 'TRD_GRP_042', 'TRD_GRP_043', 'TRD_GRP_044', 'TRD_GRP_045', 'TRD_GRP_046', 'TRD_GRP_047', 'TRD_GRP_048', 'TRD_GRP_049', 'TRD_GRP_050', 'TRD_GRP_051', 'TRD_GRP_052', 'TRD_GRP_053', 'TRD_GRP_054', 'TRD_GRP_055', 'TRD_GRP_056', 'TRD_GRP_057', 'TRD_GRP_058', 'TRD_GRP_059', 'TRD_GRP_060', 'TRD_GRP_061', 'TRD_GRP_062', 'TRD_GRP_063', 'TRD_GRP_064', 'TRD_GRP_065', 'TRD_GRP_066', 'TRD_GRP_067', 'TRD_GRP_068', 'TRD_GRP_069', 'TRD_GRP_070', 'TRD_GRP_071', 'TRD_GRP_072', 'TRD_GRP_073', 'TRD_GRP_074', 'TRD_GRP_075', 'TRD_GRP_076', 'TRD_GRP_077', 'TRD_GRP_078', 'TRD_GRP_079', 'TRD_GRP_080', 'TRD_GRP_081', 'TRD_GRP_082', 'TRD_GRP_083', 'TRD_GRP_084', 'TRD_GRP_085', 'TRD_GRP_086', 'TRD_GRP_087', 'TRD_GRP_088', 'TRD_GRP_089', 'TRD_GRP_090', 'TRD_GRP_091', 'TRD_GRP_092', 'TRD_GRP_093', 'TRD_GRP_094', 'TRD_GRP_095', 'TRD_GRP_096', 'TRD_GRP_097', 'TRD_GRP_098', 'TRD_GRP_099', 'TRD_GRP_100', 'TRD_GRP_101', 'TRD_GRP_102', 'TRD_GRP_103', 'TRD_GRP_104', 'TRD_GRP_105', 'TRD_GRP_106', 'TRD_GRP_107', 'TRD_GRP_108', 'TRD_GRP_109', 'TRD_GRP_110', 'TRD_GRP_111', 'TRD_GRP_112', 'TRD_GRP_113', 'TRD_GRP_114', 'TRD_GRP_115', 'TRD_GRP_116', 'TRD_GRP_117', 'TRD_GRP_118', 'TRD_GRP_119', 'TRD_GRP_120', 'TRD_GRP_121', 'TRD_GRP_122', 'TRD_GRP_123', 'TRD_GRP_124', 'TRD_GRP_125', 'TRD_GRP_126', 'TRD_GRP_127', 'TRD_GRP_128', 'TRD_GRP_129', 'TRD_GRP_130', 'TRD_GRP_131', 'TRD_GRP_132', 'TRD_GRP_133', 'TRD_GRP_134', 'TRD_GRP_135', 'TRD_GRP_136', 'TRD_GRP_137', 'TRD_GRP_138', 'TRD_GRP_139', 'TRD_GRP_140', 'TRD_GRP_141', 'TRD_GRP_142', 'TRD_GRP_143', 'TRD_GRP_144', 'TRD_GRP_145', 'TRD_GRP_146', 'TRD_GRP_147', 'TRD_GRP_148', 'TRD_GRP_149', 'TRD_GRP_150', 'TRD_GRP_151', 'TRD_GRP_152', 'TRD_GRP_153', 'TRD_GRP_154', 'TRD_GRP_155', 'TRD_GRP_156', 'TRD_GRP_157', 'TRD_GRP_158', 'TRD_GRP_159', 'TRD_GRP_160', 'TRD_GRP_161', 'TRD_GRP_162', 'TRD_GRP_163', 'TRD_GRP_164', 'TRD_GRP_165', 'TRD_GRP_166', 'TRD_GRP_167', 'TRD_GRP_168', 'TRD_GRP_169', 'TRD_GRP_170', 'TRD_GRP_171', 'TRD_GRP_172', 'TRD_GRP_173', 'TRD_GRP_174', 'TRD_GRP_175', 'TRD_GRP_176', 'TRD_GRP_177', 'TRD_GRP_178', 'TRD_GRP_179', 'TRD_GRP_180', 'TRD_GRP_181', 'TRD_GRP_182', 'TRD_GRP_183', 'TRD_GRP_184', 'TRD_GRP_185', 'TRD_GRP_186', 'TRD_GRP_187', 'TRD_GRP_188', 'TRD_GRP_189', 'TRD_GRP_190', 'TRD_GRP_191', 'TRD_GRP_192', 'TRD_GRP_193', 'TRD_GRP_194', 'TRD_GRP_195', 'TRD_GRP_196', 'TRD_GRP_197', 'TRD_GRP_198', 'TRD_GRP_199', 'TRD_GRP_200', 'TRD_GRP_201', 'TRD_GRP_202', 'TRD_GRP_203', 'TRD_GRP_204', 'TRD_GRP_205', 'TRD_GRP_206', 'TRD_GRP_207', 'TRD_GRP_208', 'TRD_GRP_209', 'TRD_GRP_210', 'TRD_GRP_211', 'TRD_GRP_212', 'TRD_GRP_213', 'TRD_GRP_214', 'TRD_GRP_215', 'TRD_GRP_216', 'TRD_GRP_217', 'TRD_GRP_218', 'TRD_GRP_219', 'TRD_GRP_220', 'TRD_GRP_221', 'TRD_GRP_222', 'TRD_GRP_223', 'TRD_GRP_224', 'TRD_GRP_225', 'TRD_GRP_226', 'TRD_GRP_227', 'TRD_GRP_228', 'TRD_GRP_229', 'TRD_GRP_230', 'TRD_GRP_231', 'TRD_GRP_232', 'TRD_GRP_233', 'TRD_GRP_234', 'TRD_GRP_235']], 'defaultSelfTradePreventionMode': 'EXPIRE_MAKER', 'allowedSelfTradePreventionModes': ['EXPIRE_TAKER', 'EXPIRE_MAKER', 'EXPIRE_BOTH']}
2025-01-18 01:34:33,385 - WARNING - \u26a0\ufe0f Filtro MIN_NOTIONAL não encontrado para BTCUSDT.
2025-01-18 01:34:34,351 - WARNING - \u26a0\ufe0f Não foi possível determinar o valor mínimo de compra para BTCUSDT.
2025-01-18 01:34:35,364 - INFO - \U0001f50d Informações da Binance para ETHUSDT: {'symbol': 'ETHUSDT', 'status': 'TRADING', 'baseAsset': 'ETH', 'baseAssetPrecision': 8, 'quoteAsset': 'USDT', 'quotePrecision': 8, 'quoteAssetPrecision': 8, 'baseCommissionPrecision': 8, 'quoteCommissionPrecision': 8, 'orderTypes': ['LIMIT', 'LIMIT_MAKER', 'MARKET', 'STOP_LOSS', 'STOP_LOSS_LIMIT', 'TAKE_PROFIT', 'TAKE_PROFIT_LIMIT'], 'icebergAllowed': True, 'ocoAllowed': True, 'otoAllowed': True, 'quoteOrderQtyMarketAllowed': True, 'allowTrailingStop': True, 'cancelReplaceAllowed': True, 'isSpotTradingAllowed': True, 'isMarginTradingAllowed': True, 'filters': [{'filterType': 'PRICE_FILTER', 'minPrice': '0.01000000', 'maxPrice': '1000000.00000000', 'tickSize': '0.01000000'}, {'filterType': 'LOT_SIZE', 'minQty': '0.00010000', 'maxQty': '9000.00000000', 'stepSize': '0.00010000'}, {'filterType': 'ICEBERG_PARTS', 'limit': 10}, {'filterType': 'MARKET_LOT_SIZE', 'minQty': '0.00000000', 'maxQty': '2418.75700375', 'stepSize': '0.00000000'}, {'filterType': 'TRAILING_DELTA', 'minTrailingAboveDelta': 10, 'maxTrailingAboveDelta': 2000, 'minTrailingBelowDelta': 10, 'maxTrailingBelowDelta': 2000}, {'filterType': 'PERCENT_PRICE_BY_SIDE', 'bidMultiplierUp': '5', 'bidMultiplierDown': '0.2', 'askMultiplierUp': '5', 'askMultiplierDown': '0.2', 'avgPriceMins': 5}, {'filterType': 'NOTIONAL', 'minNotional': '5.00000000', 'applyMinToMarket': True, 'maxNotional': '9000000.00000000', 'applyMaxToMarket': False, 'avgPriceMins': 5}, {'filterType': 'MAX_NUM_ORDERS', 'maxNumOrders': 200}, {'filterType': 'MAX_NUM_ALGO_ORDERS', 'maxNumAlgoOrders': 5}], 'permissions': [], 'permissionSets': [['SPOT', 'MARGIN', 'TRD_GRP_004', 'TRD_GRP_005', 'TRD_GRP_006', 'TRD_GRP_009', 'TRD_GRP_010', 'TRD_GRP_011', 'TRD_GRP_012', 'TRD_GRP_013', 'TRD_GRP_014', 'TRD_GRP_015', 'TRD_GRP_016', 'TRD_GRP_017', 'TRD_GRP_018', 'TRD_GRP_019', 'TRD_GRP_020', 'TRD_GRP_021', 'TRD_GRP_022', 'TRD_GRP_023', 'TRD_GRP_024', 'TRD_GRP_025', 'TRD_GRP_026', 'TRD_GRP_027', 'TRD_GRP_028', 'TRD_GRP_029', 'TRD_GRP_030', 'TRD_GRP_031', 'TRD_GRP_032', 'TRD_GRP_033', 'TRD_GRP_034', 'TRD_GRP_035', 'TRD_GRP_036', 'TRD_GRP_037', 'TRD_GRP_038', 'TRD_GRP_039', 'TRD_GRP_040', 'TRD_GRP_041', 'TRD_GRP_042', 'TRD_GRP_043', 'TRD_GRP_044', 'TRD_GRP_045', 'TRD_GRP_046', 'TRD_GRP_047', 'TRD_GRP_048', 'TRD_GRP_049', 'TRD_GRP_050', 'TRD_GRP_051', 'TRD_GRP_052', 'TRD_GRP_053', 'TRD_GRP_054', 'TRD_GRP_055', 'TRD_GRP_056', 'TRD_GRP_057', 'TRD_GRP_058', 'TRD_GRP_059', 'TRD_GRP_060', 'TRD_GRP_061', 'TRD_GRP_062', 'TRD_GRP_063', 'TRD_GRP_064', 'TRD_GRP_065', 'TRD_GRP_066', 'TRD_GRP_067', 'TRD_GRP_068', 'TRD_GRP_069', 'TRD_GRP_070', 'TRD_GRP_071', 'TRD_GRP_072', 'TRD_GRP_073', 'TRD_GRP_074', 'TRD_GRP_075', 'TRD_GRP_076', 'TRD_GRP_077', 'TRD_GRP_078', 'TRD_GRP_079', 'TRD_GRP_080', 'TRD_GRP_081', 'TRD_GRP_082', 'TRD_GRP_083', 'TRD_GRP_084', 'TRD_GRP_085', 'TRD_GRP_086', 'TRD_GRP_087', 'TRD_GRP_088', 'TRD_GRP_089', 'TRD_GRP_090', 'TRD_GRP_091', 'TRD_GRP_092', 'TRD_GRP_093', 'TRD_GRP_094', 'TRD_GRP_095', 'TRD_GRP_096', 'TRD_GRP_097', 'TRD_GRP_098', 'TRD_GRP_099', 'TRD_GRP_100', 'TRD_GRP_101', 'TRD_GRP_102', 'TRD_GRP_103', 'TRD_GRP_104', 'TRD_GRP_105', 'TRD_GRP_106', 'TRD_GRP_107', 'TRD_GRP_108', 'TRD_GRP_109', 'TRD_GRP_110', 'TRD_GRP_111', 'TRD_GRP_112', 'TRD_GRP_113', 'TRD_GRP_114', 'TRD_GRP_115', 'TRD_GRP_116', 'TRD_GRP_117', 'TRD_GRP_118', 'TRD_GRP_119', 'TRD_GRP_120', 'TRD_GRP_121', 'TRD_GRP_122', 'TRD_GRP_123', 'TRD_GRP_124', 'TRD_GRP_125', 'TRD_GRP_126', 'TRD_GRP_127', 'TRD_GRP_128', 'TRD_GRP_129', 'TRD_GRP_130', 'TRD_GRP_131', 'TRD_GRP_132', 'TRD_GRP_133', 'TRD_GRP_134', 'TRD_GRP_135', 'TRD_GRP_136', 'TRD_GRP_137', 'TRD_GRP_138', 'TRD_GRP_139', 'TRD_GRP_140', 'TRD_GRP_141', 'TRD_GRP_142', 'TRD_GRP_143', 'TRD_GRP_144', 'TRD_GRP_145', 'TRD_GRP_146', 'TRD_GRP_147', 'TRD_GRP_148', 'TRD_GRP_149', 'TRD_GRP_150', 'TRD_GRP_151', 'TRD_GRP_152', 'TRD_GRP_153', 'TRD_GRP_154', 'TRD_GRP_155', 'TRD_GRP_156', 'TRD_GRP_157', 'TRD_GRP_158', 'TRD_GRP_159', 'TRD_GRP_160', 'TRD_GRP_161', 'TRD_GRP_162', 'TRD_GRP_163', 'TRD_GRP_164', 'TRD_GRP_165', 'TRD_GRP_166', 'TRD_GRP_167', 'TRD_GRP_168', 'TRD_GRP_169', 'TRD_GRP_170', 'TRD_GRP_171', 'TRD_GRP_172', 'TRD_GRP_173', 'TRD_GRP_174', 'TRD_GRP_175', 'TRD_GRP_176', 'TRD_GRP_177', 'TRD_GRP_178', 'TRD_GRP_179', 'TRD_GRP_180', 'TRD_GRP_181', 'TRD_GRP_182', 'TRD_GRP_183', 'TRD_GRP_184', 'TRD_GRP_185', 'TRD_GRP_186', 'TRD_GRP_187', 'TRD_GRP_188', 'TRD_GRP_189', 'TRD_GRP_190', 'TRD_GRP_191', 'TRD_GRP_192', 'TRD_GRP_193', 'TRD_GRP_194', 'TRD_GRP_195', 'TRD_GRP_196', 'TRD_GRP_197', 'TRD_GRP_198', 'TRD_GRP_199', 'TRD_GRP_200', 'TRD_GRP_201', 'TRD_GRP_202', 'TRD_GRP_203', 'TRD_GRP_204', 'TRD_GRP_205', 'TRD_GRP_206', 'TRD_GRP_207', 'TRD_GRP_208', 'TRD_GRP_209', 'TRD_GRP_210', 'TRD_GRP_211', 'TRD_GRP_212', 'TRD_GRP_213', 'TRD_GRP_214', 'TRD_GRP_215', 'TRD_GRP_216', 'TRD_GRP_217', 'TRD_GRP_218', 'TRD_GRP_219', 'TRD_GRP_220', 'TRD_GRP_221', 'TRD_GRP_222', 'TRD_GRP_223', 'TRD_GRP_224', 'TRD_GRP_225', 'TRD_GRP_226', 'TRD_GRP_227', 'TRD_GRP_228', 'TRD_GRP_229', 'TRD_GRP_230', 'TRD_GRP_231', 'TRD_GRP_232', 'TRD_GRP_233', 'TRD_GRP_234', 'TRD_GRP_235']], 'defaultSelfTradePreventionMode': 'EXPIRE_MAKER', 'allowedSelfTradePreventionModes': ['EXPIRE_TAKER', 'EXPIRE_MAKER', 'EXPIRE_BOTH']}
2025-01-18 01:34:35,364 - WARNING - \u26a0\ufe0f Filtro MIN_NOTIONAL não encontrado para ETHUSDT.
2025-01-18 01:34:36,407 - WARNING - \u26a0\ufe0f Não foi possível determinar o valor mínimo de compra para ETHUSDT.
2025-01-18 01:35:07,856 - INFO - \U0001f50d Informações da Binance para BTCUSDT: {'symbol': 'BTCUSDT', 'status': 'TRADING', 'baseAsset': 'BTC', 'baseAssetPrecision': 8, 'quoteAsset': 'USDT', 'quotePrecision': 8, 'quoteAssetPrecision': 8, 'baseCommissionPrecision': 8, 'quoteCommissionPrecision': 8, 'orderTypes': ['LIMIT', 'LIMIT_MAKER', 'MARKET', 'STOP_LOSS', 'STOP_LOSS_LIMIT', 'TAKE_PROFIT', 'TAKE_PROFIT_LIMIT'], 'icebergAllowed': True, 'ocoAllowed': True, 'otoAllowed': True, 'quoteOrderQtyMarketAllowed': True, 'allowTrailingStop': True, 'cancelReplaceAllowed': True, 'isSpotTradingAllowed': True, 'isMarginTradingAllowed': True, 'filters': [{'filterType': 'PRICE_FILTER', 'minPrice': '0.01000000', 'maxPrice': '1000000.00000000', 'tickSize': '0.01000000'}, {'filterType': 'LOT_SIZE', 'minQty': '0.00001000', 'maxQty': '9000.00000000', 'stepSize': '0.00001000'}, {'filterType': 'ICEBERG_PARTS', 'limit': 10}, {'filterType': 'MARKET_LOT_SIZE', 'minQty': '0.00000000', 'maxQty': '89.67500095', 'stepSize': '0.00000000'}, {'filterType': 'TRAILING_DELTA', 'minTrailingAboveDelta': 10, 'maxTrailingAboveDelta': 2000, 'minTrailingBelowDelta': 10, 'maxTrailingBelowDelta': 2000}, {'filterType': 'PERCENT_PRICE_BY_SIDE', 'bidMultiplierUp': '5', 'bidMultiplierDown': '0.2', 'askMultiplierUp': '5', 'askMultiplierDown': '0.2', 'avgPriceMins': 5}, {'filterType': 'NOTIONAL', 'minNotional': '5.00000000', 'applyMinToMarket': True, 'maxNotional': '9000000.00000000', 'applyMaxToMarket': False, 'avgPriceMins': 5}, {'filterType': 'MAX_NUM_ORDERS', 'maxNumOrders': 200}, {'filterType': 'MAX_NUM_ALGO_ORDERS', 'maxNumAlgoOrders': 5}], 'permissions': [], 'permissionSets': [['SPOT', 'MARGIN', 'TRD_GRP_004', 'TRD_GRP_005', 'TRD_GRP_006', 'TRD_GRP_009', 'TRD_GRP_010', 'TRD_GRP_011', 'TRD_GRP_012', 'TRD_GRP_013', 'TRD_GRP_014', 'TRD_GRP_015', 'TRD_GRP_016', 'TRD_GRP_017', 'TRD_GRP_018', 'TRD_GRP_019', 'TRD_GRP_020', 'TRD_GRP_021', 'TRD_GRP_022', 'TRD_GRP_023', 'TRD_GRP_024', 'TRD_GRP_025', 'TRD_GRP_026', 'TRD_GRP_027', 'TRD_GRP_028', 'TRD_GRP_029', 'TRD_GRP_030', 'TRD_GRP_031', 'TRD_GRP_032', 'TRD_GRP_033', 'TRD_GRP_034', 'TRD_GRP_035', 'TRD_GRP_036', 'TRD_GRP_037', 'TRD_GRP_038', 'TRD_GRP_039', 'TRD_GRP_040', 'TRD_GRP_041', 'TRD_GRP_042', 'TRD_GRP_043', 'TRD_GRP_044', 'TRD_GRP_045', 'TRD_GRP_046', 'TRD_GRP_047', 'TRD_GRP_048', 'TRD_GRP_049', 'TRD_GRP_050', 'TRD_GRP_051', 'TRD_GRP_052', 'TRD_GRP_053', 'TRD_GRP_054', 'TRD_GRP_055', 'TRD_GRP_056', 'TRD_GRP_057', 'TRD_GRP_058', 'TRD_GRP_059', 'TRD_GRP_060', 'TRD_GRP_061', 'TRD_GRP_062', 'TRD_GRP_063', 'TRD_GRP_064', 'TRD_GRP_065', 'TRD_GRP_066', 'TRD_GRP_067', 'TRD_GRP_068', 'TRD_GRP_069', 'TRD_GRP_070', 'TRD_GRP_071', 'TRD_GRP_072', 'TRD_GRP_073', 'TRD_GRP_074', 'TRD_GRP_075', 'TRD_GRP_076', 'TRD_GRP_077', 'TRD_GRP_078', 'TRD_GRP_079', 'TRD_GRP_080', 'TRD_GRP_081', 'TRD_GRP_082', 'TRD_GRP_083', 'TRD_GRP_084', 'TRD_GRP_085', 'TRD_GRP_086', 'TRD_GRP_087', 'TRD_GRP_088', 'TRD_GRP_089', 'TRD_GRP_090', 'TRD_GRP_091', 'TRD_GRP_092', 'TRD_GRP_093', 'TRD_GRP_094', 'TRD_GRP_095', 'TRD_GRP_096', 'TRD_GRP_097', 'TRD_GRP_098', 'TRD_GRP_099', 'TRD_GRP_100', 'TRD_GRP_101', 'TRD_GRP_102', 'TRD_GRP_103', 'TRD_GRP_104', 'TRD_GRP_105', 'TRD_GRP_106', 'TRD_GRP_107', 'TRD_GRP_108', 'TRD_GRP_109', 'TRD_GRP_110', 'TRD_GRP_111', 'TRD_GRP_112', 'TRD_GRP_113', 'TRD_GRP_114', 'TRD_GRP_115', 'TRD_GRP_116', 'TRD_GRP_117', 'TRD_GRP_118', 'TRD_GRP_119', 'TRD_GRP_120', 'TRD_GRP_121', 'TRD_GRP_122', 'TRD_GRP_123', 'TRD_GRP_124', 'TRD_GRP_125', 'TRD_GRP_126', 'TRD_GRP_127', 'TRD_GRP_128', 'TRD_GRP_129', 'TRD_GRP_130', 'TRD_GRP_131', 'TRD_GRP_132', 'TRD_GRP_133', 'TRD_GRP_134', 'TRD_GRP_135', 'TRD_GRP_136', 'TRD_GRP_137', 'TRD_GRP_138', 'TRD_GRP_139', 'TRD_GRP_140', 'TRD_GRP_141', 'TRD_GRP_142', 'TRD_GRP_143', 'TRD_GRP_144', 'TRD_GRP_145', 'TRD_GRP_146', 'TRD_GRP_147', 'TRD_GRP_148', 'TRD_GRP_149', 'TRD_GRP_150', 'TRD_GRP_151', 'TRD_GRP_152', 'TRD_GRP_153', 'TRD_GRP_154', 'TRD_GRP_155', 'TRD_GRP_156', 'TRD_GRP_157', 'TRD_GRP_158', 'TRD_GRP_159', 'TRD_GRP_160', 'TRD_GRP_161', 'TRD_GRP_162', 'TRD_GRP_163', 'TRD_GRP_164', 'TRD_GRP_165', 'TRD_GRP_166', 'TRD_GRP_167', 'TRD_GRP_168', 'TRD_GRP_169', 'TRD_GRP_170', 'TRD_GRP_171', 'TRD_GRP_172', 'TRD_GRP_173', 'TRD_GRP_174', 'TRD_GRP_175', 'TRD_GRP_176', 'TRD_GRP_177', 'TRD_GRP_178', 'TRD_GRP_179', 'TRD_GRP_180', 'TRD_GRP_181', 'TRD_GRP_182', 'TRD_GRP_183', 'TRD_GRP_184', 'TRD_GRP_185', 'TRD_GRP_186', 'TRD_GRP_187', 'TRD_GRP_188', 'TRD_GRP_189', 'TRD_GRP_190', 'TRD_GRP_191', 'TRD_GRP_192', 'TRD_GRP_193', 'TRD_GRP_194', 'TRD_GRP_195', 'TRD_GRP_196', 'TRD_GRP_197', 'TRD_GRP_198', 'TRD_GRP_199', 'TRD_GRP_200', 'TRD_GRP_201', 'TRD_GRP_202', 'TRD_GRP_203', 'TRD_GRP_204', 'TRD_GRP_205', 'TRD_GRP_206', 'TRD_GRP_207', 'TRD_GRP_208', 'TRD_GRP_209', 'TRD_GRP_210', 'TRD_GRP_211', 'TRD_GRP_212', 'TRD_GRP_213', 'TRD_GRP_214', 'TRD_GRP_215', 'TRD_GRP_216', 'TRD_GRP_217', 'TRD_GRP_218', 'TRD_GRP_219', 'TRD_GRP_220', 'TRD_GRP_221', 'TRD_GRP_222', 'TRD_GRP_223', 'TRD_GRP_224', 'TRD_GRP_225', 'TRD_GRP_226', 'TRD_GRP_227', 'TRD_GRP_228', 'TRD_GRP_229', 'TRD_GRP_230', 'TRD_GRP_231', 'TRD_GRP_232', 'TRD_GRP_233', 'TRD_GRP_234', 'TRD_GRP_235']], 'defaultSelfTradePreventionMode': 'EXPIRE_MAKER', 'allowedSelfTradePreventionModes': ['EXPIRE_TAKER', 'EXPIRE_MAKER', 'EXPIRE_BOTH']}
2025-01-18 01:35:07,856 - WARNING - \u26a0\ufe0f Filtro MIN_NOTIONAL não encontrado para BTCUSDT.
2025-01-18 01:35:08,633 - WARNING - \u26a0\ufe0f Não foi possível determinar o valor mínimo de compra para BTCUSDT.
2025-01-18 01:35:10,740 - INFO - \U0001f50d Informações da Binance para ETHUSDT: {'symbol': 'ETHUSDT', 'status': 'TRADING', 'baseAsset': 'ETH', 'baseAssetPrecision': 8, 'quoteAsset': 'USDT', 'quotePrecision': 8, 'quoteAssetPrecision': 8, 'baseCommissionPrecision': 8, 'quoteCommissionPrecision': 8, 'orderTypes': ['LIMIT', 'LIMIT_MAKER', 'MARKET', 'STOP_LOSS', 'STOP_LOSS_LIMIT', 'TAKE_PROFIT', 'TAKE_PROFIT_LIMIT'], 'icebergAllowed': True, 'ocoAllowed': True, 'otoAllowed': True, 'quoteOrderQtyMarketAllowed': True, 'allowTrailingStop': True, 'cancelReplaceAllowed': True, 'isSpotTradingAllowed': True, 'isMarginTradingAllowed': True, 'filters': [{'filterType': 'PRICE_FILTER', 'minPrice': '0.01000000', 'maxPrice': '1000000.00000000', 'tickSize': '0.01000000'}, {'filterType': 'LOT_SIZE', 'minQty': '0.00010000', 'maxQty': '9000.00000000', 'stepSize': '0.00010000'}, {'filterType': 'ICEBERG_PARTS', 'limit': 10}, {'filterType': 'MARKET_LOT_SIZE', 'minQty': '0.00000000', 'maxQty': '2418.75700375', 'stepSize': '0.00000000'}, {'filterType': 'TRAILING_DELTA', 'minTrailingAboveDelta': 10, 'maxTrailingAboveDelta': 2000, 'minTrailingBelowDelta': 10, 'maxTrailingBelowDelta': 2000}, {'filterType': 'PERCENT_PRICE_BY_SIDE', 'bidMultiplierUp': '5', 'bidMultiplierDown': '0.2', 'askMultiplierUp': '5', 'askMultiplierDown': '0.2', 'avgPriceMins': 5}, {'filterType': 'NOTIONAL', 'minNotional': '5.00000000', 'applyMinToMarket': True, 'maxNotional': '9000000.00000000', 'applyMaxToMarket': False, 'avgPriceMins': 5}, {'filterType': 'MAX_NUM_ORDERS', 'maxNumOrders': 200}, {'filterType': 'MAX_NUM_ALGO_ORDERS', 'maxNumAlgoOrders': 5}], 'permissions': [], 'permissionSets': [['SPOT', 'MARGIN', 'TRD_GRP_004', 'TRD_GRP_005', 'TRD_GRP_006', 'TRD_GRP_009', 'TRD_GRP_010', 'TRD_GRP_011', 'TRD_GRP_012', 'TRD_GRP_013', 'TRD_GRP_014', 'TRD_GRP_015', 'TRD_GRP_016', 'TRD_GRP_017', 'TRD_GRP_018', 'TRD_GRP_019', 'TRD_GRP_020', 'TRD_GRP_021', 'TRD_GRP_022', 'TRD_GRP_023', 'TRD_GRP_024', 'TRD_GRP_025', 'TRD_GRP_026', 'TRD_GRP_027', 'TRD_GRP_028', 'TRD_GRP_029', 'TRD_GRP_030', 'TRD_GRP_031', 'TRD_GRP_032', 'TRD_GRP_033', 'TRD_GRP_034', 'TRD_GRP_035', 'TRD_GRP_036', 'TRD_GRP_037', 'TRD_GRP_038', 'TRD_GRP_039', 'TRD_GRP_040', 'TRD_GRP_041', 'TRD_GRP_042', 'TRD_GRP_043', 'TRD_GRP_044', 'TRD_GRP_045', 'TRD_GRP_046', 'TRD_GRP_047', 'TRD_GRP_048', 'TRD_GRP_049', 'TRD_GRP_050', 'TRD_GRP_051', 'TRD_GRP_052', 'TRD_GRP_053', 'TRD_GRP_054', 'TRD_GRP_055', 'TRD_GRP_056', 'TRD_GRP_057', 'TRD_GRP_058', 'TRD_GRP_059', 'TRD_GRP_060', 'TRD_GRP_061', 'TRD_GRP_062', 'TRD_GRP_063', 'TRD_GRP_064', 'TRD_GRP_065', 'TRD_GRP_066', 'TRD_GRP_067', 'TRD_GRP_068', 'TRD_GRP_069', 'TRD_GRP_070', 'TRD_GRP_071', 'TRD_GRP_072', 'TRD_GRP_073', 'TRD_GRP_074', 'TRD_GRP_075', 'TRD_GRP_076', 'TRD_GRP_077', 'TRD_GRP_078', 'TRD_GRP_079', 'TRD_GRP_080', 'TRD_GRP_081', 'TRD_GRP_082', 'TRD_GRP_083', 'TRD_GRP_084', 'TRD_GRP_085', 'TRD_GRP_086', 'TRD_GRP_087', 'TRD_GRP_088', 'TRD_GRP_089', 'TRD_GRP_090', 'TRD_GRP_091', 'TRD_GRP_092', 'TRD_GRP_093', 'TRD_GRP_094', 'TRD_GRP_095', 'TRD_GRP_096', 'TRD_GRP_097', 'TRD_GRP_098', 'TRD_GRP_099', 'TRD_GRP_100', 'TRD_GRP_101', 'TRD_GRP_102', 'TRD_GRP_103', 'TRD_GRP_104', 'TRD_GRP_105', 'TRD_GRP_106', 'TRD_GRP_107', 'TRD_GRP_108', 'TRD_GRP_109', 'TRD_GRP_110', 'TRD_GRP_111', 'TRD_GRP_112', 'TRD_GRP_113', 'TRD_GRP_114', 'TRD_GRP_115', 'TRD_GRP_116', 'TRD_GRP_117', 'TRD_GRP_118', 'TRD_GRP_119', 'TRD_GRP_120', 'TRD_GRP_121', 'TRD_GRP_122', 'TRD_GRP_123', 'TRD_GRP_124', 'TRD_GRP_125', 'TRD_GRP_126', 'TRD_GRP_127', 'TRD_GRP_128', 'TRD_GRP_129', 'TRD_GRP_130', 'TRD_GRP_131', 'TRD_GRP_132', 'TRD_GRP_133', 'TRD_GRP_134', 'TRD_GRP_135', 'TRD_GRP_136', 'TRD_GRP_137', 'TRD_GRP_138', 'TRD_GRP_139', 'TRD_GRP_140', 'TRD_GRP_141', 'TRD_GRP_142', 'TRD_GRP_143', 'TRD_GRP_144', 'TRD_GRP_145', 'TRD_GRP_146', 'TRD_GRP_147', 'TRD_GRP_148', 'TRD_GRP_149', 'TRD_GRP_150', 'TRD_GRP_151', 'TRD_GRP_152', 'TRD_GRP_153', 'TRD_GRP_154', 'TRD_GRP_155', 'TRD_GRP_156', 'TRD_GRP_157', 'TRD_GRP_158', 'TRD_GRP_159', 'TRD_GRP_160', 'TRD_GRP_161', 'TRD_GRP_162', 'TRD_GRP_163', 'TRD_GRP_164', 'TRD_GRP_165', 'TRD_GRP_166', 'TRD_GRP_167', 'TRD_GRP_168', 'TRD_GRP_169', 'TRD_GRP_170', 'TRD_GRP_171', 'TRD_GRP_172', 'TRD_GRP_173', 'TRD_GRP_174', 'TRD_GRP_175', 'TRD_GRP_176', 'TRD_GRP_177', 'TRD_GRP_178', 'TRD_GRP_179', 'TRD_GRP_180', 'TRD_GRP_181', 'TRD_GRP_182', 'TRD_GRP_183', 'TRD_GRP_184', 'TRD_GRP_185', 'TRD_GRP_186', 'TRD_GRP_187', 'TRD_GRP_188', 'TRD_GRP_189', 'TRD_GRP_190', 'TRD_GRP_191', 'TRD_GRP_192', 'TRD_GRP_193', 'TRD_GRP_194', 'TRD_GRP_195', 'TRD_GRP_196', 'TRD_GRP_197', 'TRD_GRP_198', 'TRD_GRP_199', 'TRD_GRP_200', 'TRD_GRP_201', 'TRD_GRP_202', 'TRD_GRP_203', 'TRD_GRP_204', 'TRD_GRP_205', 'TRD_GRP_206', 'TRD_GRP_207', 'TRD_GRP_208', 'TRD_GRP_209', 'TRD_GRP_210', 'TRD_GRP_211', 'TRD_GRP_212', 'TRD_GRP_213', 'TRD_GRP_214', 'TRD_GRP_215', 'TRD_GRP_216', 'TRD_GRP_217', 'TRD_GRP_218', 'TRD_GRP_219', 'TRD_GRP_220', 'TRD_GRP_221', 'TRD_GRP_222', 'TRD_GRP_223', 'TRD_GRP_224', 'TRD_GRP_225', 'TRD_GRP_226', 'TRD_GRP_227', 'TRD_GRP_228', 'TRD_GRP_229', 'TRD_GRP_230', 'TRD_GRP_231', 'TRD_GRP_232', 'TRD_GRP_233', 'TRD_GRP_234', 'TRD_GRP_235']], 'defaultSelfTradePreventionMode': 'EXPIRE_MAKER', 'allowedSelfTradePreventionModes': ['EXPIRE_TAKER', 'EXPIRE_MAKER', 'EXPIRE_BOTH']}
2025-01-18 01:35:10,740 - WARNING - \u26a0\ufe0f Filtro MIN_NOTIONAL não encontrado para ETHUSDT.
2025-01-18 01:35:11,503 - WARNING - \u26a0\ufe0f Não foi possível determinar o valor mínimo de compra para ETHUSDT.
2025-01-18 01:35:43,230 - INFO - \U0001f50d Informações da Binance para BTCUSDT: {'symbol': 'BTCUSDT', 'status': 'TRADING', 'baseAsset': 'BTC', 'baseAssetPrecision': 8, 'quoteAsset': 'USDT', 'quotePrecision': 8, 'quoteAssetPrecision': 8, 'baseCommissionPrecision': 8, 'quoteCommissionPrecision': 8, 'orderTypes': ['LIMIT', 'LIMIT_MAKER', 'MARKET', 'STOP_LOSS', 'STOP_LOSS_LIMIT', 'TAKE_PROFIT', 'TAKE_PROFIT_LIMIT'], 'icebergAllowed': True, 'ocoAllowed': True, 'otoAllowed': True, 'quoteOrderQtyMarketAllowed': True, 'allowTrailingStop': True, 'cancelReplaceAllowed': True, 'isSpotTradingAllowed': True, 'isMarginTradingAllowed': True, 'filters': [{'filterType': 'PRICE_FILTER', 'minPrice': '0.01000000', 'maxPrice': '1000000.00000000', 'tickSize': '0.01000000'}, {'filterType': 'LOT_SIZE', 'minQty': '0.00001000', 'maxQty': '9000.00000000', 'stepSize': '0.00001000'}, {'filterType': 'ICEBERG_PARTS', 'limit': 10}, {'filterType': 'MARKET_LOT_SIZE', 'minQty': '0.00000000', 'maxQty': '89.67500095', 'stepSize': '0.00000000'}, {'filterType': 'TRAILING_DELTA', 'minTrailingAboveDelta': 10, 'maxTrailingAboveDelta': 2000, 'minTrailingBelowDelta': 10, 'maxTrailingBelowDelta': 2000}, {'filterType': 'PERCENT_PRICE_BY_SIDE', 'bidMultiplierUp': '5', 'bidMultiplierDown': '0.2', 'askMultiplierUp': '5', 'askMultiplierDown': '0.2', 'avgPriceMins': 5}, {'filterType': 'NOTIONAL', 'minNotional': '5.00000000', 'applyMinToMarket': True, 'maxNotional': '9000000.00000000', 'applyMaxToMarket': False, 'avgPriceMins': 5}, {'filterType': 'MAX_NUM_ORDERS', 'maxNumOrders': 200}, {'filterType': 'MAX_NUM_ALGO_ORDERS', 'maxNumAlgoOrders': 5}], 'permissions': [], 'permissionSets': [['SPOT', 'MARGIN', 'TRD_GRP_004', 'TRD_GRP_005', 'TRD_GRP_006', 'TRD_GRP_009', 'TRD_GRP_010', 'TRD_GRP_011', 'TRD_GRP_012', 'TRD_GRP_013', 'TRD_GRP_014', 'TRD_GRP_015', 'TRD_GRP_016', 'TRD_GRP_017', 'TRD_GRP_018', 'TRD_GRP_019', 'TRD_GRP_020', 'TRD_GRP_021', 'TRD_GRP_022', 'TRD_GRP_023', 'TRD_GRP_024', 'TRD_GRP_025', 'TRD_GRP_026', 'TRD_GRP_027', 'TRD_GRP_028', 'TRD_GRP_029', 'TRD_GRP_030', 'TRD_GRP_031', 'TRD_GRP_032', 'TRD_GRP_033', 'TRD_GRP_034', 'TRD_GRP_035', 'TRD_GRP_036', 'TRD_GRP_037', 'TRD_GRP_038', 'TRD_GRP_039', 'TRD_GRP_040', 'TRD_GRP_041', 'TRD_GRP_042', 'TRD_GRP_043', 'TRD_GRP_044', 'TRD_GRP_045', 'TRD_GRP_046', 'TRD_GRP_047', 'TRD_GRP_048', 'TRD_GRP_049', 'TRD_GRP_050', 'TRD_GRP_051', 'TRD_GRP_052', 'TRD_GRP_053', 'TRD_GRP_054', 'TRD_GRP_055', 'TRD_GRP_056', 'TRD_GRP_057', 'TRD_GRP_058', 'TRD_GRP_059', 'TRD_GRP_060', 'TRD_GRP_061', 'TRD_GRP_062', 'TRD_GRP_063', 'TRD_GRP_064', 'TRD_GRP_065', 'TRD_GRP_066', 'TRD_GRP_067', 'TRD_GRP_068', 'TRD_GRP_069', 'TRD_GRP_070', 'TRD_GRP_071', 'TRD_GRP_072', 'TRD_GRP_073', 'TRD_GRP_074', 'TRD_GRP_075', 'TRD_GRP_076', 'TRD_GRP_077', 'TRD_GRP_078', 'TRD_GRP_079', 'TRD_GRP_080', 'TRD_GRP_081', 'TRD_GRP_082', 'TRD_GRP_083', 'TRD_GRP_084', 'TRD_GRP_085', 'TRD_GRP_086', 'TRD_GRP_087', 'TRD_GRP_088', 'TRD_GRP_089', 'TRD_GRP_090', 'TRD_GRP_091', 'TRD_GRP_092', 'TRD_GRP_093', 'TRD_GRP_094', 'TRD_GRP_095', 'TRD_GRP_096', 'TRD_GRP_097', 'TRD_GRP_098', 'TRD_GRP_099', 'TRD_GRP_100', 'TRD_GRP_101', 'TRD_GRP_102', 'TRD_GRP_103', 'TRD_GRP_104', 'TRD_GRP_105', 'TRD_GRP_106', 'TRD_GRP_107', 'TRD_GRP_108', 'TRD_GRP_109', 'TRD_GRP_110', 'TRD_GRP_111', 'TRD_GRP_112', 'TRD_GRP_113', 'TRD_GRP_114', 'TRD_GRP_115', 'TRD_GRP_116', 'TRD_GRP_117', 'TRD_GRP_118', 'TRD_GRP_119', 'TRD_GRP_120', 'TRD_GRP_121', 'TRD_GRP_122', 'TRD_GRP_123', 'TRD_GRP_124', 'TRD_GRP_125', 'TRD_GRP_126', 'TRD_GRP_127', 'TRD_GRP_128', 'TRD_GRP_129', 'TRD_GRP_130', 'TRD_GRP_131', 'TRD_GRP_132', 'TRD_GRP_133', 'TRD_GRP_134', 'TRD_GRP_135', 'TRD_GRP_136', 'TRD_GRP_137', 'TRD_GRP_138', 'TRD_GRP_139', 'TRD_GRP_140', 'TRD_GRP_141', 'TRD_GRP_142', 'TRD_GRP_143', 'TRD_GRP_144', 'TRD_GRP_145', 'TRD_GRP_146', 'TRD_GRP_147', 'TRD_GRP_148', 'TRD_GRP_149', 'TRD_GRP_150', 'TRD_GRP_151', 'TRD_GRP_152', 'TRD_GRP_153', 'TRD_GRP_154', 'TRD_GRP_155', 'TRD_GRP_156', 'TRD_GRP_157', 'TRD_GRP_158', 'TRD_GRP_159', 'TRD_GRP_160', 'TRD_GRP_161', 'TRD_GRP_162', 'TRD_GRP_163', 'TRD_GRP_164', 'TRD_GRP_165', 'TRD_GRP_166', 'TRD_GRP_167', 'TRD_GRP_168', 'TRD_GRP_169', 'TRD_GRP_170', 'TRD_GRP_171', 'TRD_GRP_172', 'TRD_GRP_173', 'TRD_GRP_174', 'TRD_GRP_175', 'TRD_GRP_176', 'TRD_GRP_177', 'TRD_GRP_178', 'TRD_GRP_179', 'TRD_GRP_180', 'TRD_GRP_181', 'TRD_GRP_182', 'TRD_GRP_183', 'TRD_GRP_184', 'TRD_GRP_185', 'TRD_GRP_186', 'TRD_GRP_187', 'TRD_GRP_188', 'TRD_GRP_189', 'TRD_GRP_190', 'TRD_GRP_191', 'TRD_GRP_192', 'TRD_GRP_193', 'TRD_GRP_194', 'TRD_GRP_195', 'TRD_GRP_196', 'TRD_GRP_197', 'TRD_GRP_198', 'TRD_GRP_199', 'TRD_GRP_200', 'TRD_GRP_201', 'TRD_GRP_202', 'TRD_GRP_203', 'TRD_GRP_204', 'TRD_GRP_205', 'TRD_GRP_206', 'TRD_GRP_207', 'TRD_GRP_208', 'TRD_GRP_209', 'TRD_GRP_210', 'TRD_GRP_211', 'TRD_GRP_212', 'TRD_GRP_213', 'TRD_GRP_214', 'TRD_GRP_215', 'TRD_GRP_216', 'TRD_GRP_217', 'TRD_GRP_218', 'TRD_GRP_219', 'TRD_GRP_220', 'TRD_GRP_221', 'TRD_GRP_222', 'TRD_GRP_223', 'TRD_GRP_224', 'TRD_GRP_225', 'TRD_GRP_226', 'TRD_GRP_227', 'TRD_GRP_228', 'TRD_GRP_229', 'TRD_GRP_230', 'TRD_GRP_231', 'TRD_GRP_232', 'TRD_GRP_233', 'TRD_GRP_234', 'TRD_GRP_235']], 'defaultSelfTradePreventionMode': 'EXPIRE_MAKER', 'allowedSelfTradePreventionModes': ['EXPIRE_TAKER', 'EXPIRE_MAKER', 'EXPIRE_BOTH']}
2025-01-18 01:35:43,230 - WARNING - \u26a0\ufe0f Filtro MIN_NOTIONAL não encontrado para BTCUSDT.
2025-01-18 01:35:44,143 - WARNING - \u26a0\ufe0f Não foi possível determinar o valor mínimo de compra para BTCUSDT.
2025-01-18 01:35:45,302 - INFO - \U0001f50d Informações da Binance para ETHUSDT: {'symbol': 'ETHUSDT', 'status': 'TRADING', 'baseAsset': 'ETH', 'baseAssetPrecision': 8, 'quoteAsset': 'USDT', 'quotePrecision': 8, 'quoteAssetPrecision': 8, 'baseCommissionPrecision': 8, 'quoteCommissionPrecision': 8, 'orderTypes': ['LIMIT', 'LIMIT_MAKER', 'MARKET', 'STOP_LOSS', 'STOP_LOSS_LIMIT', 'TAKE_PROFIT', 'TAKE_PROFIT_LIMIT'], 'icebergAllowed': True, 'ocoAllowed': True, 'otoAllowed': True, 'quoteOrderQtyMarketAllowed': True, 'allowTrailingStop': True, 'cancelReplaceAllowed': True, 'isSpotTradingAllowed': True, 'isMarginTradingAllowed': True, 'filters': [{'filterType': 'PRICE_FILTER', 'minPrice': '0.01000000', 'maxPrice': '1000000.00000000', 'tickSize': '0.01000000'}, {'filterType': 'LOT_SIZE', 'minQty': '0.00010000', 'maxQty': '9000.00000000', 'stepSize': '0.00010000'}, {'filterType': 'ICEBERG_PARTS', 'limit': 10}, {'filterType': 'MARKET_LOT_SIZE', 'minQty': '0.00000000', 'maxQty': '2418.75700375', 'stepSize': '0.00000000'}, {'filterType': 'TRAILING_DELTA', 'minTrailingAboveDelta': 10, 'maxTrailingAboveDelta': 2000, 'minTrailingBelowDelta': 10, 'maxTrailingBelowDelta': 2000}, {'filterType': 'PERCENT_PRICE_BY_SIDE', 'bidMultiplierUp': '5', 'bidMultiplierDown': '0.2', 'askMultiplierUp': '5', 'askMultiplierDown': '0.2', 'avgPriceMins': 5}, {'filterType': 'NOTIONAL', 'minNotional': '5.00000000', 'applyMinToMarket': True, 'maxNotional': '9000000.00000000', 'applyMaxToMarket': False, 'avgPriceMins': 5}, {'filterType': 'MAX_NUM_ORDERS', 'maxNumOrders': 200}, {'filterType': 'MAX_NUM_ALGO_ORDERS', 'maxNumAlgoOrders': 5}], 'permissions': [], 'permissionSets': [['SPOT', 'MARGIN', 'TRD_GRP_004', 'TRD_GRP_005', 'TRD_GRP_006', 'TRD_GRP_009', 'TRD_GRP_010', 'TRD_GRP_011', 'TRD_GRP_012', 'TRD_GRP_013', 'TRD_GRP_014', 'TRD_GRP_015', 'TRD_GRP_016', 'TRD_GRP_017', 'TRD_GRP_018', 'TRD_GRP_019', 'TRD_GRP_020', 'TRD_GRP_021', 'TRD_GRP_022', 'TRD_GRP_023', 'TRD_GRP_024', 'TRD_GRP_025', 'TRD_GRP_026', 'TRD_GRP_027', 'TRD_GRP_028', 'TRD_GRP_029', 'TRD_GRP_030', 'TRD_GRP_031', 'TRD_GRP_032', 'TRD_GRP_033', 'TRD_GRP_034', 'TRD_GRP_035', 'TRD_GRP_036', 'TRD_GRP_037', 'TRD_GRP_038', 'TRD_GRP_039', 'TRD_GRP_040', 'TRD_GRP_041', 'TRD_GRP_042', 'TRD_GRP_043', 'TRD_GRP_044', 'TRD_GRP_045', 'TRD_GRP_046', 'TRD_GRP_047', 'TRD_GRP_048', 'TRD_GRP_049', 'TRD_GRP_050', 'TRD_GRP_051', 'TRD_GRP_052', 'TRD_GRP_053', 'TRD_GRP_054', 'TRD_GRP_055', 'TRD_GRP_056', 'TRD_GRP_057', 'TRD_GRP_058', 'TRD_GRP_059', 'TRD_GRP_060', 'TRD_GRP_061', 'TRD_GRP_062', 'TRD_GRP_063', 'TRD_GRP_064', 'TRD_GRP_065', 'TRD_GRP_066', 'TRD_GRP_067', 'TRD_GRP_068', 'TRD_GRP_069', 'TRD_GRP_070', 'TRD_GRP_071', 'TRD_GRP_072', 'TRD_GRP_073', 'TRD_GRP_074', 'TRD_GRP_075', 'TRD_GRP_076', 'TRD_GRP_077', 'TRD_GRP_078', 'TRD_GRP_079', 'TRD_GRP_080', 'TRD_GRP_081', 'TRD_GRP_082', 'TRD_GRP_083', 'TRD_GRP_084', 'TRD_GRP_085', 'TRD_GRP_086', 'TRD_GRP_087', 'TRD_GRP_088', 'TRD_GRP_089', 'TRD_GRP_090', 'TRD_GRP_091', 'TRD_GRP_092', 'TRD_GRP_093', 'TRD_GRP_094', 'TRD_GRP_095', 'TRD_GRP_096', 'TRD_GRP_097', 'TRD_GRP_098', 'TRD_GRP_099', 'TRD_GRP_100', 'TRD_GRP_101', 'TRD_GRP_102', 'TRD_GRP_103', 'TRD_GRP_104', 'TRD_GRP_105', 'TRD_GRP_106', 'TRD_GRP_107', 'TRD_GRP_108', 'TRD_GRP_109', 'TRD_GRP_110', 'TRD_GRP_111', 'TRD_GRP_112', 'TRD_GRP_113', 'TRD_GRP_114', 'TRD_GRP_115', 'TRD_GRP_116', 'TRD_GRP_117', 'TRD_GRP_118', 'TRD_GRP_119', 'TRD_GRP_120', 'TRD_GRP_121', 'TRD_GRP_122', 'TRD_GRP_123', 'TRD_GRP_124', 'TRD_GRP_125', 'TRD_GRP_126', 'TRD_GRP_127', 'TRD_GRP_128', 'TRD_GRP_129', 'TRD_GRP_130', 'TRD_GRP_131', 'TRD_GRP_132', 'TRD_GRP_133', 'TRD_GRP_134', 'TRD_GRP_135', 'TRD_GRP_136', 'TRD_GRP_137', 'TRD_GRP_138', 'TRD_GRP_139', 'TRD_GRP_140', 'TRD_GRP_141', 'TRD_GRP_142', 'TRD_GRP_143', 'TRD_GRP_144', 'TRD_GRP_145', 'TRD_GRP_146', 'TRD_GRP_147', 'TRD_GRP_148', 'TRD_GRP_149', 'TRD_GRP_150', 'TRD_GRP_151', 'TRD_GRP_152', 'TRD_GRP_153', 'TRD_GRP_154', 'TRD_GRP_155', 'TRD_GRP_156', 'TRD_GRP_157', 'TRD_GRP_158', 'TRD_GRP_159', 'TRD_GRP_160', 'TRD_GRP_161', 'TRD_GRP_162', 'TRD_GRP_163', 'TRD_GRP_164', 'TRD_GRP_165', 'TRD_GRP_166', 'TRD_GRP_167', 'TRD_GRP_168', 'TRD_GRP_169', 'TRD_GRP_170', 'TRD_GRP_171', 'TRD_GRP_172', 'TRD_GRP_173', 'TRD_GRP_174', 'TRD_GRP_175', 'TRD_GRP_176', 'TRD_GRP_177', 'TRD_GRP_178', 'TRD_GRP_179', 'TRD_GRP_180', 'TRD_GRP_181', 'TRD_GRP_182', 'TRD_GRP_183', 'TRD_GRP_184', 'TRD_GRP_185', 'TRD_GRP_186', 'TRD_GRP_187', 'TRD_GRP_188', 'TRD_GRP_189', 'TRD_GRP_190', 'TRD_GRP_191', 'TRD_GRP_192', 'TRD_GRP_193', 'TRD_GRP_194', 'TRD_GRP_195', 'TRD_GRP_196', 'TRD_GRP_197', 'TRD_GRP_198', 'TRD_GRP_199', 'TRD_GRP_200', 'TRD_GRP_201', 'TRD_GRP_202', 'TRD_GRP_203', 'TRD_GRP_204', 'TRD_GRP_205', 'TRD_GRP_206', 'TRD_GRP_207', 'TRD_GRP_208', 'TRD_GRP_209', 'TRD_GRP_210', 'TRD_GRP_211', 'TRD_GRP_212', 'TRD_GRP_213', 'TRD_GRP_214', 'TRD_GRP_215', 'TRD_GRP_216', 'TRD_GRP_217', 'TRD_GRP_218', 'TRD_GRP_219', 'TRD_GRP_220', 'TRD_GRP_221', 'TRD_GRP_222', 'TRD_GRP_223', 'TRD_GRP_224', 'TRD_GRP_225', 'TRD_GRP_226', 'TRD_GRP_227', 'TRD_GRP_228', 'TRD_GRP_229', 'TRD_GRP_230', 'TRD_GRP_231', 'TRD_GRP_232', 'TRD_GRP_233', 'TRD_GRP_234', 'TRD_GRP_235']], 'defaultSelfTradePreventionMode': 'EXPIRE_MAKER', 'allowedSelfTradePreventionModes': ['EXPIRE_TAKER', 'EXPIRE_MAKER', 'EXPIRE_BOTH']}
2025-01-18 01:35:45,302 - WARNING - \u26a0\ufe0f Filtro MIN_NOTIONAL não encontrado para ETHUSDT.
2025-01-18 01:35:46,330 - WARNING - \u26a0\ufe0f Não foi possível determinar o valor mínimo de compra para ETHUSDT.
2025-01-18 01:36:18,007 - INFO - \U0001f50d Informações da Binance para BTCUSDT: {'symbol': 'BTCUSDT', 'status': 'TRADING', 'baseAsset': 'BTC', 'baseAssetPrecision': 8, 'quoteAsset': 'USDT', 'quotePrecision': 8, 'quoteAssetPrecision': 8, 'baseCommissionPrecision': 8, 'quoteCommissionPrecision': 8, 'orderTypes': ['LIMIT', 'LIMIT_MAKER', 'MARKET', 'STOP_LOSS', 'STOP_LOSS_LIMIT', 'TAKE_PROFIT', 'TAKE_PROFIT_LIMIT'], 'icebergAllowed': True, 'ocoAllowed': True, 'otoAllowed': True, 'quoteOrderQtyMarketAllowed': True, 'allowTrailingStop': True, 'cancelReplaceAllowed': True, 'isSpotTradingAllowed': True, 'isMarginTradingAllowed': True, 'filters': [{'filterType': 'PRICE_FILTER', 'minPrice': '0.01000000', 'maxPrice': '1000000.00000000', 'tickSize': '0.01000000'}, {'filterType': 'LOT_SIZE', 'minQty': '0.00001000', 'maxQty': '9000.00000000', 'stepSize': '0.00001000'}, {'filterType': 'ICEBERG_PARTS', 'limit': 10}, {'filterType': 'MARKET_LOT_SIZE', 'minQty': '0.00000000', 'maxQty': '89.67500095', 'stepSize': '0.00000000'}, {'filterType': 'TRAILING_DELTA', 'minTrailingAboveDelta': 10, 'maxTrailingAboveDelta': 2000, 'minTrailingBelowDelta': 10, 'maxTrailingBelowDelta': 2000}, {'filterType': 'PERCENT_PRICE_BY_SIDE', 'bidMultiplierUp': '5', 'bidMultiplierDown': '0.2', 'askMultiplierUp': '5', 'askMultiplierDown': '0.2', 'avgPriceMins': 5}, {'filterType': 'NOTIONAL', 'minNotional': '5.00000000', 'applyMinToMarket': True, 'maxNotional': '9000000.00000000', 'applyMaxToMarket': False, 'avgPriceMins': 5}, {'filterType': 'MAX_NUM_ORDERS', 'maxNumOrders': 200}, {'filterType': 'MAX_NUM_ALGO_ORDERS', 'maxNumAlgoOrders': 5}], 'permissions': [], 'permissionSets': [['SPOT', 'MARGIN', 'TRD_GRP_004', 'TRD_GRP_005', 'TRD_GRP_006', 'TRD_GRP_009', 'TRD_GRP_010', 'TRD_GRP_011', 'TRD_GRP_012', 'TRD_GRP_013', 'TRD_GRP_014', 'TRD_GRP_015', 'TRD_GRP_016', 'TRD_GRP_017', 'TRD_GRP_018', 'TRD_GRP_019', 'TRD_GRP_020', 'TRD_GRP_021', 'TRD_GRP_022', 'TRD_GRP_023', 'TRD_GRP_024', 'TRD_GRP_025', 'TRD_GRP_026', 'TRD_GRP_027', 'TRD_GRP_028', 'TRD_GRP_029', 'TRD_GRP_030', 'TRD_GRP_031', 'TRD_GRP_032', 'TRD_GRP_033', 'TRD_GRP_034', 'TRD_GRP_035', 'TRD_GRP_036', 'TRD_GRP_037', 'TRD_GRP_038', 'TRD_GRP_039', 'TRD_GRP_040', 'TRD_GRP_041', 'TRD_GRP_042', 'TRD_GRP_043', 'TRD_GRP_044', 'TRD_GRP_045', 'TRD_GRP_046', 'TRD_GRP_047', 'TRD_GRP_048', 'TRD_GRP_049', 'TRD_GRP_050', 'TRD_GRP_051', 'TRD_GRP_052', 'TRD_GRP_053', 'TRD_GRP_054', 'TRD_GRP_055', 'TRD_GRP_056', 'TRD_GRP_057', 'TRD_GRP_058', 'TRD_GRP_059', 'TRD_GRP_060', 'TRD_GRP_061', 'TRD_GRP_062', 'TRD_GRP_063', 'TRD_GRP_064', 'TRD_GRP_065', 'TRD_GRP_066', 'TRD_GRP_067', 'TRD_GRP_068', 'TRD_GRP_069', 'TRD_GRP_070', 'TRD_GRP_071', 'TRD_GRP_072', 'TRD_GRP_073', 'TRD_GRP_074', 'TRD_GRP_075', 'TRD_GRP_076', 'TRD_GRP_077', 'TRD_GRP_078', 'TRD_GRP_079', 'TRD_GRP_080', 'TRD_GRP_081', 'TRD_GRP_082', 'TRD_GRP_083', 'TRD_GRP_084', 'TRD_GRP_085', 'TRD_GRP_086', 'TRD_GRP_087', 'TRD_GRP_088', 'TRD_GRP_089', 'TRD_GRP_090', 'TRD_GRP_091', 'TRD_GRP_092', 'TRD_GRP_093', 'TRD_GRP_094', 'TRD_GRP_095', 'TRD_GRP_096', 'TRD_GRP_097', 'TRD_GRP_098', 'TRD_GRP_099', 'TRD_GRP_100', 'TRD_GRP_101', 'TRD_GRP_102', 'TRD_GRP_103', 'TRD_GRP_104', 'TRD_GRP_105', 'TRD_GRP_106', 'TRD_GRP_107', 'TRD_GRP_108', 'TRD_GRP_109', 'TRD_GRP_110', 'TRD_GRP_111', 'TRD_GRP_112', 'TRD_GRP_113', 'TRD_GRP_114', 'TRD_GRP_115', 'TRD_GRP_116', 'TRD_GRP_117', 'TRD_GRP_118', 'TRD_GRP_119', 'TRD_GRP_120', 'TRD_GRP_121', 'TRD_GRP_122', 'TRD_GRP_123', 'TRD_GRP_124', 'TRD_GRP_125', 'TRD_GRP_126', 'TRD_GRP_127', 'TRD_GRP_128', 'TRD_GRP_129', 'TRD_GRP_130', 'TRD_GRP_131', 'TRD_GRP_132', 'TRD_GRP_133', 'TRD_GRP_134', 'TRD_GRP_135', 'TRD_GRP_136', 'TRD_GRP_137', 'TRD_GRP_138', 'TRD_GRP_139', 'TRD_GRP_140', 'TRD_GRP_141', 'TRD_GRP_142', 'TRD_GRP_143', 'TRD_GRP_144', 'TRD_GRP_145', 'TRD_GRP_146', 'TRD_GRP_147', 'TRD_GRP_148', 'TRD_GRP_149', 'TRD_GRP_150', 'TRD_GRP_151', 'TRD_GRP_152', 'TRD_GRP_153', 'TRD_GRP_154', 'TRD_GRP_155', 'TRD_GRP_156', 'TRD_GRP_157', 'TRD_GRP_158', 'TRD_GRP_159', 'TRD_GRP_160', 'TRD_GRP_161', 'TRD_GRP_162', 'TRD_GRP_163', 'TRD_GRP_164', 'TRD_GRP_165', 'TRD_GRP_166', 'TRD_GRP_167', 'TRD_GRP_168', 'TRD_GRP_169', 'TRD_GRP_170', 'TRD_GRP_171', 'TRD_GRP_172', 'TRD_GRP_173', 'TRD_GRP_174', 'TRD_GRP_175', 'TRD_GRP_176', 'TRD_GRP_177', 'TRD_GRP_178', 'TRD_GRP_179', 'TRD_GRP_180', 'TRD_GRP_181', 'TRD_GRP_182', 'TRD_GRP_183', 'TRD_GRP_184', 'TRD_GRP_185', 'TRD_GRP_186', 'TRD_GRP_187', 'TRD_GRP_188', 'TRD_GRP_189', 'TRD_GRP_190', 'TRD_GRP_191', 'TRD_GRP_192', 'TRD_GRP_193', 'TRD_GRP_194', 'TRD_GRP_195', 'TRD_GRP_196', 'TRD_GRP_197', 'TRD_GRP_198', 'TRD_GRP_199', 'TRD_GRP_200', 'TRD_GRP_201', 'TRD_GRP_202', 'TRD_GRP_203', 'TRD_GRP_204', 'TRD_GRP_205', 'TRD_GRP_206', 'TRD_GRP_207', 'TRD_GRP_208', 'TRD_GRP_209', 'TRD_GRP_210', 'TRD_GRP_211', 'TRD_GRP_212', 'TRD_GRP_213', 'TRD_GRP_214', 'TRD_GRP_215', 'TRD_GRP_216', 'TRD_GRP_217', 'TRD_GRP_218', 'TRD_GRP_219', 'TRD_GRP_220', 'TRD_GRP_221', 'TRD_GRP_222', 'TRD_GRP_223', 'TRD_GRP_224', 'TRD_GRP_225', 'TRD_GRP_226', 'TRD_GRP_227', 'TRD_GRP_228', 'TRD_GRP_229', 'TRD_GRP_230', 'TRD_GRP_231', 'TRD_GRP_232', 'TRD_GRP_233', 'TRD_GRP_234', 'TRD_GRP_235']], 'defaultSelfTradePreventionMode': 'EXPIRE_MAKER', 'allowedSelfTradePreventionModes': ['EXPIRE_TAKER', 'EXPIRE_MAKER', 'EXPIRE_BOTH']}
2025-01-18 01:36:18,007 - WARNING - \u26a0\ufe0f Filtro MIN_NOTIONAL não encontrado para BTCUSDT.
2025-01-18 01:36:18,789 - WARNING - \u26a0\ufe0f Não foi possível determinar o valor mínimo de compra para BTCUSDT.
2025-01-18 01:36:19,558 - INFO - \U0001f50d Informações da Binance para ETHUSDT: {'symbol': 'ETHUSDT', 'status': 'TRADING', 'baseAsset': 'ETH', 'baseAssetPrecision': 8, 'quoteAsset': 'USDT', 'quotePrecision': 8, 'quoteAssetPrecision': 8, 'baseCommissionPrecision': 8, 'quoteCommissionPrecision': 8, 'orderTypes': ['LIMIT', 'LIMIT_MAKER', 'MARKET', 'STOP_LOSS', 'STOP_LOSS_LIMIT', 'TAKE_PROFIT', 'TAKE_PROFIT_LIMIT'], 'icebergAllowed': True, 'ocoAllowed': True, 'otoAllowed': True, 'quoteOrderQtyMarketAllowed': True, 'allowTrailingStop': True, 'cancelReplaceAllowed': True, 'isSpotTradingAllowed': True, 'isMarginTradingAllowed': True, 'filters': [{'filterType': 'PRICE_FILTER', 'minPrice': '0.01000000', 'maxPrice': '1000000.00000000', 'tickSize': '0.01000000'}, {'filterType': 'LOT_SIZE', 'minQty': '0.00010000', 'maxQty': '9000.00000000', 'stepSize': '0.00010000'}, {'filterType': 'ICEBERG_PARTS', 'limit': 10}, {'filterType': 'MARKET_LOT_SIZE', 'minQty': '0.00000000', 'maxQty': '2418.75700375', 'stepSize': '0.00000000'}, {'filterType': 'TRAILING_DELTA', 'minTrailingAboveDelta': 10, 'maxTrailingAboveDelta': 2000, 'minTrailingBelowDelta': 10, 'maxTrailingBelowDelta': 2000}, {'filterType': 'PERCENT_PRICE_BY_SIDE', 'bidMultiplierUp': '5', 'bidMultiplierDown': '0.2', 'askMultiplierUp': '5', 'askMultiplierDown': '0.2', 'avgPriceMins': 5}, {'filterType': 'NOTIONAL', 'minNotional': '5.00000000', 'applyMinToMarket': True, 'maxNotional': '9000000.00000000', 'applyMaxToMarket': False, 'avgPriceMins': 5}, {'filterType': 'MAX_NUM_ORDERS', 'maxNumOrders': 200}, {'filterType': 'MAX_NUM_ALGO_ORDERS', 'maxNumAlgoOrders': 5}], 'permissions': [], 'permissionSets': [['SPOT', 'MARGIN', 'TRD_GRP_004', 'TRD_GRP_005', 'TRD_GRP_006', 'TRD_GRP_009', 'TRD_GRP_010', 'TRD_GRP_011', 'TRD_GRP_012', 'TRD_GRP_013', 'TRD_GRP_014', 'TRD_GRP_015', 'TRD_GRP_016', 'TRD_GRP_017', 'TRD_GRP_018', 'TRD_GRP_019', 'TRD_GRP_020', 'TRD_GRP_021', 'TRD_GRP_022', 'TRD_GRP_023', 'TRD_GRP_024', 'TRD_GRP_025', 'TRD_GRP_026', 'TRD_GRP_027', 'TRD_GRP_028', 'TRD_GRP_029', 'TRD_GRP_030', 'TRD_GRP_031', 'TRD_GRP_032', 'TRD_GRP_033', 'TRD_GRP_034', 'TRD_GRP_035', 'TRD_GRP_036', 'TRD_GRP_037', 'TRD_GRP_038', 'TRD_GRP_039', 'TRD_GRP_040', 'TRD_GRP_041', 'TRD_GRP_042', 'TRD_GRP_043', 'TRD_GRP_044', 'TRD_GRP_045', 'TRD_GRP_046', 'TRD_GRP_047', 'TRD_GRP_048', 'TRD_GRP_049', 'TRD_GRP_050', 'TRD_GRP_051', 'TRD_GRP_052', 'TRD_GRP_053', 'TRD_GRP_054', 'TRD_GRP_055', 'TRD_GRP_056', 'TRD_GRP_057', 'TRD_GRP_058', 'TRD_GRP_059', 'TRD_GRP_060', 'TRD_GRP_061', 'TRD_GRP_062', 'TRD_GRP_063', 'TRD_GRP_064', 'TRD_GRP_065', 'TRD_GRP_066', 'TRD_GRP_067', 'TRD_GRP_068', 'TRD_GRP_069', 'TRD_GRP_070', 'TRD_GRP_071', 'TRD_GRP_072', 'TRD_GRP_073', 'TRD_GRP_074', 'TRD_GRP_075', 'TRD_GRP_076', 'TRD_GRP_077', 'TRD_GRP_078', 'TRD_GRP_079', 'TRD_GRP_080', 'TRD_GRP_081', 'TRD_GRP_082', 'TRD_GRP_083', 'TRD_GRP_084', 'TRD_GRP_085', 'TRD_GRP_086', 'TRD_GRP_087', 'TRD_GRP_088', 'TRD_GRP_089', 'TRD_GRP_090', 'TRD_GRP_091', 'TRD_GRP_092', 'TRD_GRP_093', 'TRD_GRP_094', 'TRD_GRP_095', 'TRD_GRP_096', 'TRD_GRP_097', 'TRD_GRP_098', 'TRD_GRP_099', 'TRD_GRP_100', 'TRD_GRP_101', 'TRD_GRP_102', 'TRD_GRP_103', 'TRD_GRP_104', 'TRD_GRP_105', 'TRD_GRP_106', 'TRD_GRP_107', 'TRD_GRP_108', 'TRD_GRP_109', 'TRD_GRP_110', 'TRD_GRP_111', 'TRD_GRP_112', 'TRD_GRP_113', 'TRD_GRP_114', 'TRD_GRP_115', 'TRD_GRP_116', 'TRD_GRP_117', 'TRD_GRP_118', 'TRD_GRP_119', 'TRD_GRP_120', 'TRD_GRP_121', 'TRD_GRP_122', 'TRD_GRP_123', 'TRD_GRP_124', 'TRD_GRP_125', 'TRD_GRP_126', 'TRD_GRP_127', 'TRD_GRP_128', 'TRD_GRP_129', 'TRD_GRP_130', 'TRD_GRP_131', 'TRD_GRP_132', 'TRD_GRP_133', 'TRD_GRP_134', 'TRD_GRP_135', 'TRD_GRP_136', 'TRD_GRP_137', 'TRD_GRP_138', 'TRD_GRP_139', 'TRD_GRP_140', 'TRD_GRP_141', 'TRD_GRP_142', 'TRD_GRP_143', 'TRD_GRP_144', 'TRD_GRP_145', 'TRD_GRP_146', 'TRD_GRP_147', 'TRD_GRP_148', 'TRD_GRP_149', 'TRD_GRP_150', 'TRD_GRP_151', 'TRD_GRP_152', 'TRD_GRP_153', 'TRD_GRP_154', 'TRD_GRP_155', 'TRD_GRP_156', 'TRD_GRP_157', 'TRD_GRP_158', 'TRD_GRP_159', 'TRD_GRP_160', 'TRD_GRP_161', 'TRD_GRP_162', 'TRD_GRP_163', 'TRD_GRP_164', 'TRD_GRP_165', 'TRD_GRP_166', 'TRD_GRP_167', 'TRD_GRP_168', 'TRD_GRP_169', 'TRD_GRP_170', 'TRD_GRP_171', 'TRD_GRP_172', 'TRD_GRP_173', 'TRD_GRP_174', 'TRD_GRP_175', 'TRD_GRP_176', 'TRD_GRP_177', 'TRD_GRP_178', 'TRD_GRP_179', 'TRD_GRP_180', 'TRD_GRP_181', 'TRD_GRP_182', 'TRD_GRP_183', 'TRD_GRP_184', 'TRD_GRP_185', 'TRD_GRP_186', 'TRD_GRP_187', 'TRD_GRP_188', 'TRD_GRP_189', 'TRD_GRP_190', 'TRD_GRP_191', 'TRD_GRP_192', 'TRD_GRP_193', 'TRD_GRP_194', 'TRD_GRP_195', 'TRD_GRP_196', 'TRD_GRP_197', 'TRD_GRP_198', 'TRD_GRP_199', 'TRD_GRP_200', 'TRD_GRP_201', 'TRD_GRP_202', 'TRD_GRP_203', 'TRD_GRP_204', 'TRD_GRP_205', 'TRD_GRP_206', 'TRD_GRP_207', 'TRD_GRP_208', 'TRD_GRP_209', 'TRD_GRP_210', 'TRD_GRP_211', 'TRD_GRP_212', 'TRD_GRP_213', 'TRD_GRP_214', 'TRD_GRP_215', 'TRD_GRP_216', 'TRD_GRP_217', 'TRD_GRP_218', 'TRD_GRP_219', 'TRD_GRP_220', 'TRD_GRP_221', 'TRD_GRP_222', 'TRD_GRP_223', 'TRD_GRP_224', 'TRD_GRP_225', 'TRD_GRP_226', 'TRD_GRP_227', 'TRD_GRP_228', 'TRD_GRP_229', 'TRD_GRP_230', 'TRD_GRP_231', 'TRD_GRP_232', 'TRD_GRP_233', 'TRD_GRP_234', 'TRD_GRP_235']], 'defaultSelfTradePreventionMode': 'EXPIRE_MAKER', 'allowedSelfTradePreventionModes': ['EXPIRE_TAKER', 'EXPIRE_MAKER', 'EXPIRE_BOTH']}
2025-01-18 01:36:19,558 - WARNING - \u26a0\ufe0f Filtro MIN_NOTIONAL não encontrado para ETHUSDT.
2025-01-18 01:36:20,513 - WARNING - \u26a0\ufe0f Não foi possível determinar o valor mínimo de compra para ETHUSDT.
2025-01-18 01:36:52,613 - INFO - \U0001f50d Informações da Binance para BTCUSDT: {'symbol': 'BTCUSDT', 'status': 'TRADING', 'baseAsset': 'BTC', 'baseAssetPrecision': 8, 'quoteAsset': 'USDT', 'quotePrecision': 8, 'quoteAssetPrecision': 8, 'baseCommissionPrecision': 8, 'quoteCommissionPrecision': 8, 'orderTypes': ['LIMIT', 'LIMIT_MAKER', 'MARKET', 'STOP_LOSS', 'STOP_LOSS_LIMIT', 'TAKE_PROFIT', 'TAKE_PROFIT_LIMIT'], 'icebergAllowed': True, 'ocoAllowed': True, 'otoAllowed': True, 'quoteOrderQtyMarketAllowed': True, 'allowTrailingStop': True, 'cancelReplaceAllowed': True, 'isSpotTradingAllowed': True, 'isMarginTradingAllowed': True, 'filters': [{'filterType': 'PRICE_FILTER', 'minPrice': '0.01000000', 'maxPrice': '1000000.00000000', 'tickSize': '0.01000000'}, {'filterType': 'LOT_SIZE', 'minQty': '0.00001000', 'maxQty': '9000.00000000', 'stepSize': '0.00001000'}, {'filterType': 'ICEBERG_PARTS', 'limit': 10}, {'filterType': 'MARKET_LOT_SIZE', 'minQty': '0.00000000', 'maxQty': '89.67500095', 'stepSize': '0.00000000'}, {'filterType': 'TRAILING_DELTA', 'minTrailingAboveDelta': 10, 'maxTrailingAboveDelta': 2000, 'minTrailingBelowDelta': 10, 'maxTrailingBelowDelta': 2000}, {'filterType': 'PERCENT_PRICE_BY_SIDE', 'bidMultiplierUp': '5', 'bidMultiplierDown': '0.2', 'askMultiplierUp': '5', 'askMultiplierDown': '0.2', 'avgPriceMins': 5}, {'filterType': 'NOTIONAL', 'minNotional': '5.00000000', 'applyMinToMarket': True, 'maxNotional': '9000000.00000000', 'applyMaxToMarket': False, 'avgPriceMins': 5}, {'filterType': 'MAX_NUM_ORDERS', 'maxNumOrders': 200}, {'filterType': 'MAX_NUM_ALGO_ORDERS', 'maxNumAlgoOrders': 5}], 'permissions': [], 'permissionSets': [['SPOT', 'MARGIN', 'TRD_GRP_004', 'TRD_GRP_005', 'TRD_GRP_006', 'TRD_GRP_009', 'TRD_GRP_010', 'TRD_GRP_011', 'TRD_GRP_012', 'TRD_GRP_013', 'TRD_GRP_014', 'TRD_GRP_015', 'TRD_GRP_016', 'TRD_GRP_017', 'TRD_GRP_018', 'TRD_GRP_019', 'TRD_GRP_020', 'TRD_GRP_021', 'TRD_GRP_022', 'TRD_GRP_023', 'TRD_GRP_024', 'TRD_GRP_025', 'TRD_GRP_026', 'TRD_GRP_027', 'TRD_GRP_028', 'TRD_GRP_029', 'TRD_GRP_030', 'TRD_GRP_031', 'TRD_GRP_032', 'TRD_GRP_033', 'TRD_GRP_034', 'TRD_GRP_035', 'TRD_GRP_036', 'TRD_GRP_037', 'TRD_GRP_038', 'TRD_GRP_039', 'TRD_GRP_040', 'TRD_GRP_041', 'TRD_GRP_042', 'TRD_GRP_043', 'TRD_GRP_044', 'TRD_GRP_045', 'TRD_GRP_046', 'TRD_GRP_047', 'TRD_GRP_048', 'TRD_GRP_049', 'TRD_GRP_050', 'TRD_GRP_051', 'TRD_GRP_052', 'TRD_GRP_053', 'TRD_GRP_054', 'TRD_GRP_055', 'TRD_GRP_056', 'TRD_GRP_057', 'TRD_GRP_058', 'TRD_GRP_059', 'TRD_GRP_060', 'TRD_GRP_061', 'TRD_GRP_062', 'TRD_GRP_063', 'TRD_GRP_064', 'TRD_GRP_065', 'TRD_GRP_066', 'TRD_GRP_067', 'TRD_GRP_068', 'TRD_GRP_069', 'TRD_GRP_070', 'TRD_GRP_071', 'TRD_GRP_072', 'TRD_GRP_073', 'TRD_GRP_074', 'TRD_GRP_075', 'TRD_GRP_076', 'TRD_GRP_077', 'TRD_GRP_078', 'TRD_GRP_079', 'TRD_GRP_080', 'TRD_GRP_081', 'TRD_GRP_082', 'TRD_GRP_083', 'TRD_GRP_084', 'TRD_GRP_085', 'TRD_GRP_086', 'TRD_GRP_087', 'TRD_GRP_088', 'TRD_GRP_089', 'TRD_GRP_090', 'TRD_GRP_091', 'TRD_GRP_092', 'TRD_GRP_093', 'TRD_GRP_094', 'TRD_GRP_095', 'TRD_GRP_096', 'TRD_GRP_097', 'TRD_GRP_098', 'TRD_GRP_099', 'TRD_GRP_100', 'TRD_GRP_101', 'TRD_GRP_102', 'TRD_GRP_103', 'TRD_GRP_104', 'TRD_GRP_105', 'TRD_GRP_106', 'TRD_GRP_107', 'TRD_GRP_108', 'TRD_GRP_109', 'TRD_GRP_110', 'TRD_GRP_111', 'TRD_GRP_112', 'TRD_GRP_113', 'TRD_GRP_114', 'TRD_GRP_115', 'TRD_GRP_116', 'TRD_GRP_117', 'TRD_GRP_118', 'TRD_GRP_119', 'TRD_GRP_120', 'TRD_GRP_121', 'TRD_GRP_122', 'TRD_GRP_123', 'TRD_GRP_124', 'TRD_GRP_125', 'TRD_GRP_126', 'TRD_GRP_127', 'TRD_GRP_128', 'TRD_GRP_129', 'TRD_GRP_130', 'TRD_GRP_131', 'TRD_GRP_132', 'TRD_GRP_133', 'TRD_GRP_134', 'TRD_GRP_135', 'TRD_GRP_136', 'TRD_GRP_137', 'TRD_GRP_138', 'TRD_GRP_139', 'TRD_GRP_140', 'TRD_GRP_141', 'TRD_GRP_142', 'TRD_GRP_143', 'TRD_GRP_144', 'TRD_GRP_145', 'TRD_GRP_146', 'TRD_GRP_147', 'TRD_GRP_148', 'TRD_GRP_149', 'TRD_GRP_150', 'TRD_GRP_151', 'TRD_GRP_152', 'TRD_GRP_153', 'TRD_GRP_154', 'TRD_GRP_155', 'TRD_GRP_156', 'TRD_GRP_157', 'TRD_GRP_158', 'TRD_GRP_159', 'TRD_GRP_160', 'TRD_GRP_161', 'TRD_GRP_162', 'TRD_GRP_163', 'TRD_GRP_164', 'TRD_GRP_165', 'TRD_GRP_166', 'TRD_GRP_167', 'TRD_GRP_168', 'TRD_GRP_169', 'TRD_GRP_170', 'TRD_GRP_171', 'TRD_GRP_172', 'TRD_GRP_173', 'TRD_GRP_174', 'TRD_GRP_175', 'TRD_GRP_176', 'TRD_GRP_177', 'TRD_GRP_178', 'TRD_GRP_179', 'TRD_GRP_180', 'TRD_GRP_181', 'TRD_GRP_182', 'TRD_GRP_183', 'TRD_GRP_184', 'TRD_GRP_185', 'TRD_GRP_186', 'TRD_GRP_187', 'TRD_GRP_188', 'TRD_GRP_189', 'TRD_GRP_190', 'TRD_GRP_191', 'TRD_GRP_192', 'TRD_GRP_193', 'TRD_GRP_194', 'TRD_GRP_195', 'TRD_GRP_196', 'TRD_GRP_197', 'TRD_GRP_198', 'TRD_GRP_199', 'TRD_GRP_200', 'TRD_GRP_201', 'TRD_GRP_202', 'TRD_GRP_203', 'TRD_GRP_204', 'TRD_GRP_205', 'TRD_GRP_206', 'TRD_GRP_207', 'TRD_GRP_208', 'TRD_GRP_209', 'TRD_GRP_210', 'TRD_GRP_211', 'TRD_GRP_212', 'TRD_GRP_213', 'TRD_GRP_214', 'TRD_GRP_215', 'TRD_GRP_216', 'TRD_GRP_217', 'TRD_GRP_218', 'TRD_GRP_219', 'TRD_GRP_220', 'TRD_GRP_221', 'TRD_GRP_222', 'TRD_GRP_223', 'TRD_GRP_224', 'TRD_GRP_225', 'TRD_GRP_226', 'TRD_GRP_227', 'TRD_GRP_228', 'TRD_GRP_229', 'TRD_GRP_230', 'TRD_GRP_231', 'TRD_GRP_232', 'TRD_GRP_233', 'TRD_GRP_234', 'TRD_GRP_235']], 'defaultSelfTradePreventionMode': 'EXPIRE_MAKER', 'allowedSelfTradePreventionModes': ['EXPIRE_TAKER', 'EXPIRE_MAKER', 'EXPIRE_BOTH']}
2025-01-18 01:36:52,613 - WARNING - \u26a0\ufe0f Filtro MIN_NOTIONAL não encontrado para BTCUSDT.
2025-01-18 01:36:53,398 - WARNING - \u26a0\ufe0f Não foi possível determinar o valor mínimo de compra para BTCUSDT.
2025-01-18 01:36:54,298 - INFO - \U0001f50d Informações da Binance para ETHUSDT: {'symbol': 'ETHUSDT', 'status': 'TRADING', 'baseAsset': 'ETH', 'baseAssetPrecision': 8, 'quoteAsset': 'USDT', 'quotePrecision': 8, 'quoteAssetPrecision': 8, 'baseCommissionPrecision': 8, 'quoteCommissionPrecision': 8, 'orderTypes': ['LIMIT', 'LIMIT_MAKER', 'MARKET', 'STOP_LOSS', 'STOP_LOSS_LIMIT', 'TAKE_PROFIT', 'TAKE_PROFIT_LIMIT'], 'icebergAllowed': True, 'ocoAllowed': True, 'otoAllowed': True, 'quoteOrderQtyMarketAllowed': True, 'allowTrailingStop': True, 'cancelReplaceAllowed': True, 'isSpotTradingAllowed': True, 'isMarginTradingAllowed': True, 'filters': [{'filterType': 'PRICE_FILTER', 'minPrice': '0.01000000', 'maxPrice': '1000000.00000000', 'tickSize': '0.01000000'}, {'filterType': 'LOT_SIZE', 'minQty': '0.00010000', 'maxQty': '9000.00000000', 'stepSize': '0.00010000'}, {'filterType': 'ICEBERG_PARTS', 'limit': 10}, {'filterType': 'MARKET_LOT_SIZE', 'minQty': '0.00000000', 'maxQty': '2418.75700375', 'stepSize': '0.00000000'}, {'filterType': 'TRAILING_DELTA', 'minTrailingAboveDelta': 10, 'maxTrailingAboveDelta': 2000, 'minTrailingBelowDelta': 10, 'maxTrailingBelowDelta': 2000}, {'filterType': 'PERCENT_PRICE_BY_SIDE', 'bidMultiplierUp': '5', 'bidMultiplierDown': '0.2', 'askMultiplierUp': '5', 'askMultiplierDown': '0.2', 'avgPriceMins': 5}, {'filterType': 'NOTIONAL', 'minNotional': '5.00000000', 'applyMinToMarket': True, 'maxNotional': '9000000.00000000', 'applyMaxToMarket': False, 'avgPriceMins': 5}, {'filterType': 'MAX_NUM_ORDERS', 'maxNumOrders': 200}, {'filterType': 'MAX_NUM_ALGO_ORDERS', 'maxNumAlgoOrders': 5}], 'permissions': [], 'permissionSets': [['SPOT', 'MARGIN', 'TRD_GRP_004', 'TRD_GRP_005', 'TRD_GRP_006', 'TRD_GRP_009', 'TRD_GRP_010', 'TRD_GRP_011', 'TRD_GRP_012', 'TRD_GRP_013', 'TRD_GRP_014', 'TRD_GRP_015', 'TRD_GRP_016', 'TRD_GRP_017', 'TRD_GRP_018', 'TRD_GRP_019', 'TRD_GRP_020', 'TRD_GRP_021', 'TRD_GRP_022', 'TRD_GRP_023', 'TRD_GRP_024', 'TRD_GRP_025', 'TRD_GRP_026', 'TRD_GRP_027', 'TRD_GRP_028', 'TRD_GRP_029', 'TRD_GRP_030', 'TRD_GRP_031', 'TRD_GRP_032', 'TRD_GRP_033', 'TRD_GRP_034', 'TRD_GRP_035', 'TRD_GRP_036', 'TRD_GRP_037', 'TRD_GRP_038', 'TRD_GRP_039', 'TRD_GRP_040', 'TRD_GRP_041', 'TRD_GRP_042', 'TRD_GRP_043', 'TRD_GRP_044', 'TRD_GRP_045', 'TRD_GRP_046', 'TRD_GRP_047', 'TRD_GRP_048', 'TRD_GRP_049', 'TRD_GRP_050', 'TRD_GRP_051', 'TRD_GRP_052', 'TRD_GRP_053', 'TRD_GRP_054', 'TRD_GRP_055', 'TRD_GRP_056', 'TRD_GRP_057', 'TRD_GRP_058', 'TRD_GRP_059', 'TRD_GRP_060', 'TRD_GRP_061', 'TRD_GRP_062', 'TRD_GRP_063', 'TRD_GRP_064', 'TRD_GRP_065', 'TRD_GRP_066', 'TRD_GRP_067', 'TRD_GRP_068', 'TRD_GRP_069', 'TRD_GRP_070', 'TRD_GRP_071', 'TRD_GRP_072', 'TRD_GRP_073', 'TRD_GRP_074', 'TRD_GRP_075', 'TRD_GRP_076', 'TRD_GRP_077', 'TRD_GRP_078', 'TRD_GRP_079', 'TRD_GRP_080', 'TRD_GRP_081', 'TRD_GRP_082', 'TRD_GRP_083', 'TRD_GRP_084', 'TRD_GRP_085', 'TRD_GRP_086', 'TRD_GRP_087', 'TRD_GRP_088', 'TRD_GRP_089', 'TRD_GRP_090', 'TRD_GRP_091', 'TRD_GRP_092', 'TRD_GRP_093', 'TRD_GRP_094', 'TRD_GRP_095', 'TRD_GRP_096', 'TRD_GRP_097', 'TRD_GRP_098', 'TRD_GRP_099', 'TRD_GRP_100', 'TRD_GRP_101', 'TRD_GRP_102', 'TRD_GRP_103', 'TRD_GRP_104', 'TRD_GRP_105', 'TRD_GRP_106', 'TRD_GRP_107', 'TRD_GRP_108', 'TRD_GRP_109', 'TRD_GRP_110', 'TRD_GRP_111', 'TRD_GRP_112', 'TRD_GRP_113', 'TRD_GRP_114', 'TRD_GRP_115', 'TRD_GRP_116', 'TRD_GRP_117', 'TRD_GRP_118', 'TRD_GRP_119', 'TRD_GRP_120', 'TRD_GRP_121', 'TRD_GRP_122', 'TRD_GRP_123', 'TRD_GRP_124', 'TRD_GRP_125', 'TRD_GRP_126', 'TRD_GRP_127', 'TRD_GRP_128', 'TRD_GRP_129', 'TRD_GRP_130', 'TRD_GRP_131', 'TRD_GRP_132', 'TRD_GRP_133', 'TRD_GRP_134', 'TRD_GRP_135', 'TRD_GRP_136', 'TRD_GRP_137', 'TRD_GRP_138', 'TRD_GRP_139', 'TRD_GRP_140', 'TRD_GRP_141', 'TRD_GRP_142', 'TRD_GRP_143', 'TRD_GRP_144', 'TRD_GRP_145', 'TRD_GRP_146', 'TRD_GRP_147', 'TRD_GRP_148', 'TRD_GRP_149', 'TRD_GRP_150', 'TRD_GRP_151', 'TRD_GRP_152', 'TRD_GRP_153', 'TRD_GRP_154', 'TRD_GRP_155', 'TRD_GRP_156', 'TRD_GRP_157', 'TRD_GRP_158', 'TRD_GRP_159', 'TRD_GRP_160', 'TRD_GRP_161', 'TRD_GRP_162', 'TRD_GRP_163', 'TRD_GRP_164', 'TRD_GRP_165', 'TRD_GRP_166', 'TRD_GRP_167', 'TRD_GRP_168', 'TRD_GRP_169', 'TRD_GRP_170', 'TRD_GRP_171', 'TRD_GRP_172', 'TRD_GRP_173', 'TRD_GRP_174', 'TRD_GRP_175', 'TRD_GRP_176', 'TRD_GRP_177', 'TRD_GRP_178', 'TRD_GRP_179', 'TRD_GRP_180', 'TRD_GRP_181', 'TRD_GRP_182', 'TRD_GRP_183', 'TRD_GRP_184', 'TRD_GRP_185', 'TRD_GRP_186', 'TRD_GRP_187', 'TRD_GRP_188', 'TRD_GRP_189', 'TRD_GRP_190', 'TRD_GRP_191', 'TRD_GRP_192', 'TRD_GRP_193', 'TRD_GRP_194', 'TRD_GRP_195', 'TRD_GRP_196', 'TRD_GRP_197', 'TRD_GRP_198', 'TRD_GRP_199', 'TRD_GRP_200', 'TRD_GRP_201', 'TRD_GRP_202', 'TRD_GRP_203', 'TRD_GRP_204', 'TRD_GRP_205', 'TRD_GRP_206', 'TRD_GRP_207', 'TRD_GRP_208', 'TRD_GRP_209', 'TRD_GRP_210', 'TRD_GRP_211', 'TRD_GRP_212', 'TRD_GRP_213', 'TRD_GRP_214', 'TRD_GRP_215', 'TRD_GRP_216', 'TRD_GRP_217', 'TRD_GRP_218', 'TRD_GRP_219', 'TRD_GRP_220', 'TRD_GRP_221', 'TRD_GRP_222', 'TRD_GRP_223', 'TRD_GRP_224', 'TRD_GRP_225', 'TRD_GRP_226', 'TRD_GRP_227', 'TRD_GRP_228', 'TRD_GRP_229', 'TRD_GRP_230', 'TRD_GRP_231', 'TRD_GRP_232', 'TRD_GRP_233', 'TRD_GRP_234', 'TRD_GRP_235']], 'defaultSelfTradePreventionMode': 'EXPIRE_MAKER', 'allowedSelfTradePreventionModes': ['EXPIRE_TAKER', 'EXPIRE_MAKER', 'EXPIRE_BOTH']}
2025-01-18 01:36:54,298 - WARNING - \u26a0\ufe0f Filtro MIN_NOTIONAL não encontrado para ETHUSDT.
2025-01-18 01:36:55,049 - WARNING - \u26a0\ufe0f Não foi possível determinar o valor mínimo de compra para ETHUSDT.
2025-01-18 01:37:27,062 - INFO - \U0001f50d Informações da Binance para BTCUSDT: {'symbol': 'BTCUSDT', 'status': 'TRADING', 'baseAsset': 'BTC', 'baseAssetPrecision': 8, 'quoteAsset': 'USDT', 'quotePrecision': 8, 'quoteAssetPrecision': 8, 'baseCommissionPrecision': 8, 'quoteCommissionPrecision': 8, 'orderTypes': ['LIMIT', 'LIMIT_MAKER', 'MARKET', 'STOP_LOSS', 'STOP_LOSS_LIMIT', 'TAKE_PROFIT', 'TAKE_PROFIT_LIMIT'], 'icebergAllowed': True, 'ocoAllowed': True, 'otoAllowed': True, 'quoteOrderQtyMarketAllowed': True, 'allowTrailingStop': True, 'cancelReplaceAllowed': True, 'isSpotTradingAllowed': True, 'isMarginTradingAllowed': True, 'filters': [{'filterType': 'PRICE_FILTER', 'minPrice': '0.01000000', 'maxPrice': '1000000.00000000', 'tickSize': '0.01000000'}, {'filterType': 'LOT_SIZE', 'minQty': '0.00001000', 'maxQty': '9000.00000000', 'stepSize': '0.00001000'}, {'filterType': 'ICEBERG_PARTS', 'limit': 10}, {'filterType': 'MARKET_LOT_SIZE', 'minQty': '0.00000000', 'maxQty': '89.67500095', 'stepSize': '0.00000000'}, {'filterType': 'TRAILING_DELTA', 'minTrailingAboveDelta': 10, 'maxTrailingAboveDelta': 2000, 'minTrailingBelowDelta': 10, 'maxTrailingBelowDelta': 2000}, {'filterType': 'PERCENT_PRICE_BY_SIDE', 'bidMultiplierUp': '5', 'bidMultiplierDown': '0.2', 'askMultiplierUp': '5', 'askMultiplierDown': '0.2', 'avgPriceMins': 5}, {'filterType': 'NOTIONAL', 'minNotional': '5.00000000', 'applyMinToMarket': True, 'maxNotional': '9000000.00000000', 'applyMaxToMarket': False, 'avgPriceMins': 5}, {'filterType': 'MAX_NUM_ORDERS', 'maxNumOrders': 200}, {'filterType': 'MAX_NUM_ALGO_ORDERS', 'maxNumAlgoOrders': 5}], 'permissions': [], 'permissionSets': [['SPOT', 'MARGIN', 'TRD_GRP_004', 'TRD_GRP_005', 'TRD_GRP_006', 'TRD_GRP_009', 'TRD_GRP_010', 'TRD_GRP_011', 'TRD_GRP_012', 'TRD_GRP_013', 'TRD_GRP_014', 'TRD_GRP_015', 'TRD_GRP_016', 'TRD_GRP_017', 'TRD_GRP_018', 'TRD_GRP_019', 'TRD_GRP_020', 'TRD_GRP_021', 'TRD_GRP_022', 'TRD_GRP_023', 'TRD_GRP_024', 'TRD_GRP_025', 'TRD_GRP_026', 'TRD_GRP_027', 'TRD_GRP_028', 'TRD_GRP_029', 'TRD_GRP_030', 'TRD_GRP_031', 'TRD_GRP_032', 'TRD_GRP_033', 'TRD_GRP_034', 'TRD_GRP_035', 'TRD_GRP_036', 'TRD_GRP_037', 'TRD_GRP_038', 'TRD_GRP_039', 'TRD_GRP_040', 'TRD_GRP_041', 'TRD_GRP_042', 'TRD_GRP_043', 'TRD_GRP_044', 'TRD_GRP_045', 'TRD_GRP_046', 'TRD_GRP_047', 'TRD_GRP_048', 'TRD_GRP_049', 'TRD_GRP_050', 'TRD_GRP_051', 'TRD_GRP_052', 'TRD_GRP_053', 'TRD_GRP_054', 'TRD_GRP_055', 'TRD_GRP_056', 'TRD_GRP_057', 'TRD_GRP_058', 'TRD_GRP_059', 'TRD_GRP_060', 'TRD_GRP_061', 'TRD_GRP_062', 'TRD_GRP_063', 'TRD_GRP_064', 'TRD_GRP_065', 'TRD_GRP_066', 'TRD_GRP_067', 'TRD_GRP_068', 'TRD_GRP_069', 'TRD_GRP_070', 'TRD_GRP_071', 'TRD_GRP_072', 'TRD_GRP_073', 'TRD_GRP_074', 'TRD_GRP_075', 'TRD_GRP_076', 'TRD_GRP_077', 'TRD_GRP_078', 'TRD_GRP_079', 'TRD_GRP_080', 'TRD_GRP_081', 'TRD_GRP_082', 'TRD_GRP_083', 'TRD_GRP_084', 'TRD_GRP_085', 'TRD_GRP_086', 'TRD_GRP_087', 'TRD_GRP_088', 'TRD_GRP_089', 'TRD_GRP_090', 'TRD_GRP_091', 'TRD_GRP_092', 'TRD_GRP_093', 'TRD_GRP_094', 'TRD_GRP_095', 'TRD_GRP_096', 'TRD_GRP_097', 'TRD_GRP_098', 'TRD_GRP_099', 'TRD_GRP_100', 'TRD_GRP_101', 'TRD_GRP_102', 'TRD_GRP_103', 'TRD_GRP_104', 'TRD_GRP_105', 'TRD_GRP_106', 'TRD_GRP_107', 'TRD_GRP_108', 'TRD_GRP_109', 'TRD_GRP_110', 'TRD_GRP_111', 'TRD_GRP_112', 'TRD_GRP_113', 'TRD_GRP_114', 'TRD_GRP_115', 'TRD_GRP_116', 'TRD_GRP_117', 'TRD_GRP_118', 'TRD_GRP_119', 'TRD_GRP_120', 'TRD_GRP_121', 'TRD_GRP_122', 'TRD_GRP_123', 'TRD_GRP_124', 'TRD_GRP_125', 'TRD_GRP_126', 'TRD_GRP_127', 'TRD_GRP_128', 'TRD_GRP_129', 'TRD_GRP_130', 'TRD_GRP_131', 'TRD_GRP_132', 'TRD_GRP_133', 'TRD_GRP_134', 'TRD_GRP_135', 'TRD_GRP_136', 'TRD_GRP_137', 'TRD_GRP_138', 'TRD_GRP_139', 'TRD_GRP_140', 'TRD_GRP_141', 'TRD_GRP_142', 'TRD_GRP_143', 'TRD_GRP_144', 'TRD_GRP_145', 'TRD_GRP_146', 'TRD_GRP_147', 'TRD_GRP_148', 'TRD_GRP_149', 'TRD_GRP_150', 'TRD_GRP_151', 'TRD_GRP_152', 'TRD_GRP_153', 'TRD_GRP_154', 'TRD_GRP_155', 'TRD_GRP_156', 'TRD_GRP_157', 'TRD_GRP_158', 'TRD_GRP_159', 'TRD_GRP_160', 'TRD_GRP_161', 'TRD_GRP_162', 'TRD_GRP_163', 'TRD_GRP_164', 'TRD_GRP_165', 'TRD_GRP_166', 'TRD_GRP_167', 'TRD_GRP_168', 'TRD_GRP_169', 'TRD_GRP_170', 'TRD_GRP_171', 'TRD_GRP_172', 'TRD_GRP_173', 'TRD_GRP_174', 'TRD_GRP_175', 'TRD_GRP_176', 'TRD_GRP_177', 'TRD_GRP_178', 'TRD_GRP_179', 'TRD_GRP_180', 'TRD_GRP_181', 'TRD_GRP_182', 'TRD_GRP_183', 'TRD_GRP_184', 'TRD_GRP_185', 'TRD_GRP_186', 'TRD_GRP_187', 'TRD_GRP_188', 'TRD_GRP_189', 'TRD_GRP_190', 'TRD_GRP_191', 'TRD_GRP_192', 'TRD_GRP_193', 'TRD_GRP_194', 'TRD_GRP_195', 'TRD_GRP_196', 'TRD_GRP_197', 'TRD_GRP_198', 'TRD_GRP_199', 'TRD_GRP_200', 'TRD_GRP_201', 'TRD_GRP_202', 'TRD_GRP_203', 'TRD_GRP_204', 'TRD_GRP_205', 'TRD_GRP_206', 'TRD_GRP_207', 'TRD_GRP_208', 'TRD_GRP_209', 'TRD_GRP_210', 'TRD_GRP_211', 'TRD_GRP_212', 'TRD_GRP_213', 'TRD_GRP_214', 'TRD_GRP_215', 'TRD_GRP_216', 'TRD_GRP_217', 'TRD_GRP_218', 'TRD_GRP_219', 'TRD_GRP_220', 'TRD_GRP_221', 'TRD_GRP_222', 'TRD_GRP_223', 'TRD_GRP_224', 'TRD_GRP_225', 'TRD_GRP_226', 'TRD_GRP_227', 'TRD_GRP_228', 'TRD_GRP_229', 'TRD_GRP_230', 'TRD_GRP_231', 'TRD_GRP_232', 'TRD_GRP_233', 'TRD_GRP_234', 'TRD_GRP_235']], 'defaultSelfTradePreventionMode': 'EXPIRE_MAKER', 'allowedSelfTradePreventionModes': ['EXPIRE_TAKER', 'EXPIRE_MAKER', 'EXPIRE_BOTH']}
2025-01-18 01:37:27,062 - WARNING - \u26a0\ufe0f Filtro MIN_NOTIONAL não encontrado para BTCUSDT.
2025-01-18 01:37:27,842 - WARNING - \u26a0\ufe0f Não foi possível determinar o valor mínimo de compra para BTCUSDT.
2025-01-18 01:37:28,724 - INFO - \U0001f50d Informações da Binance para ETHUSDT: {'symbol': 'ETHUSDT', 'status': 'TRADING', 'baseAsset': 'ETH', 'baseAssetPrecision': 8, 'quoteAsset': 'USDT', 'quotePrecision': 8, 'quoteAssetPrecision': 8, 'baseCommissionPrecision': 8, 'quoteCommissionPrecision': 8, 'orderTypes': ['LIMIT', 'LIMIT_MAKER', 'MARKET', 'STOP_LOSS', 'STOP_LOSS_LIMIT', 'TAKE_PROFIT', 'TAKE_PROFIT_LIMIT'], 'icebergAllowed': True, 'ocoAllowed': True, 'otoAllowed': True, 'quoteOrderQtyMarketAllowed': True, 'allowTrailingStop': True, 'cancelReplaceAllowed': True, 'isSpotTradingAllowed': True, 'isMarginTradingAllowed': True, 'filters': [{'filterType': 'PRICE_FILTER', 'minPrice': '0.01000000', 'maxPrice': '1000000.00000000', 'tickSize': '0.01000000'}, {'filterType': 'LOT_SIZE', 'minQty': '0.00010000', 'maxQty': '9000.00000000', 'stepSize': '0.00010000'}, {'filterType': 'ICEBERG_PARTS', 'limit': 10}, {'filterType': 'MARKET_LOT_SIZE', 'minQty': '0.00000000', 'maxQty': '2418.75700375', 'stepSize': '0.00000000'}, {'filterType': 'TRAILING_DELTA', 'minTrailingAboveDelta': 10, 'maxTrailingAboveDelta': 2000, 'minTrailingBelowDelta': 10, 'maxTrailingBelowDelta': 2000}, {'filterType': 'PERCENT_PRICE_BY_SIDE', 'bidMultiplierUp': '5', 'bidMultiplierDown': '0.2', 'askMultiplierUp': '5', 'askMultiplierDown': '0.2', 'avgPriceMins': 5}, {'filterType': 'NOTIONAL', 'minNotional': '5.00000000', 'applyMinToMarket': True, 'maxNotional': '9000000.00000000', 'applyMaxToMarket': False, 'avgPriceMins': 5}, {'filterType': 'MAX_NUM_ORDERS', 'maxNumOrders': 200}, {'filterType': 'MAX_NUM_ALGO_ORDERS', 'maxNumAlgoOrders': 5}], 'permissions': [], 'permissionSets': [['SPOT', 'MARGIN', 'TRD_GRP_004', 'TRD_GRP_005', 'TRD_GRP_006', 'TRD_GRP_009', 'TRD_GRP_010', 'TRD_GRP_011', 'TRD_GRP_012', 'TRD_GRP_013', 'TRD_GRP_014', 'TRD_GRP_015', 'TRD_GRP_016', 'TRD_GRP_017', 'TRD_GRP_018', 'TRD_GRP_019', 'TRD_GRP_020', 'TRD_GRP_021', 'TRD_GRP_022', 'TRD_GRP_023', 'TRD_GRP_024', 'TRD_GRP_025', 'TRD_GRP_026', 'TRD_GRP_027', 'TRD_GRP_028', 'TRD_GRP_029', 'TRD_GRP_030', 'TRD_GRP_031', 'TRD_GRP_032', 'TRD_GRP_033', 'TRD_GRP_034', 'TRD_GRP_035', 'TRD_GRP_036', 'TRD_GRP_037', 'TRD_GRP_038', 'TRD_GRP_039', 'TRD_GRP_040', 'TRD_GRP_041', 'TRD_GRP_042', 'TRD_GRP_043', 'TRD_GRP_044', 'TRD_GRP_045', 'TRD_GRP_046', 'TRD_GRP_047', 'TRD_GRP_048', 'TRD_GRP_049', 'TRD_GRP_050', 'TRD_GRP_051', 'TRD_GRP_052', 'TRD_GRP_053', 'TRD_GRP_054', 'TRD_GRP_055', 'TRD_GRP_056', 'TRD_GRP_057', 'TRD_GRP_058', 'TRD_GRP_059', 'TRD_GRP_060', 'TRD_GRP_061', 'TRD_GRP_062', 'TRD_GRP_063', 'TRD_GRP_064', 'TRD_GRP_065', 'TRD_GRP_066', 'TRD_GRP_067', 'TRD_GRP_068', 'TRD_GRP_069', 'TRD_GRP_070', 'TRD_GRP_071', 'TRD_GRP_072', 'TRD_GRP_073', 'TRD_GRP_074', 'TRD_GRP_075', 'TRD_GRP_076', 'TRD_GRP_077', 'TRD_GRP_078', 'TRD_GRP_079', 'TRD_GRP_080', 'TRD_GRP_081', 'TRD_GRP_082', 'TRD_GRP_083', 'TRD_GRP_084', 'TRD_GRP_085', 'TRD_GRP_086', 'TRD_GRP_087', 'TRD_GRP_088', 'TRD_GRP_089', 'TRD_GRP_090', 'TRD_GRP_091', 'TRD_GRP_092', 'TRD_GRP_093', 'TRD_GRP_094', 'TRD_GRP_095', 'TRD_GRP_096', 'TRD_GRP_097', 'TRD_GRP_098', 'TRD_GRP_099', 'TRD_GRP_100', 'TRD_GRP_101', 'TRD_GRP_102', 'TRD_GRP_103', 'TRD_GRP_104', 'TRD_GRP_105', 'TRD_GRP_106', 'TRD_GRP_107', 'TRD_GRP_108', 'TRD_GRP_109', 'TRD_GRP_110', 'TRD_GRP_111', 'TRD_GRP_112', 'TRD_GRP_113', 'TRD_GRP_114', 'TRD_GRP_115', 'TRD_GRP_116', 'TRD_GRP_117', 'TRD_GRP_118', 'TRD_GRP_119', 'TRD_GRP_120', 'TRD_GRP_121', 'TRD_GRP_122', 'TRD_GRP_123', 'TRD_GRP_124', 'TRD_GRP_125', 'TRD_GRP_126', 'TRD_GRP_127', 'TRD_GRP_128', 'TRD_GRP_129', 'TRD_GRP_130', 'TRD_GRP_131', 'TRD_GRP_132', 'TRD_GRP_133', 'TRD_GRP_134', 'TRD_GRP_135', 'TRD_GRP_136', 'TRD_GRP_137', 'TRD_GRP_138', 'TRD_GRP_139', 'TRD_GRP_140', 'TRD_GRP_141', 'TRD_GRP_142', 'TRD_GRP_143', 'TRD_GRP_144', 'TRD_GRP_145', 'TRD_GRP_146', 'TRD_GRP_147', 'TRD_GRP_148', 'TRD_GRP_149', 'TRD_GRP_150', 'TRD_GRP_151', 'TRD_GRP_152', 'TRD_GRP_153', 'TRD_GRP_154', 'TRD_GRP_155', 'TRD_GRP_156', 'TRD_GRP_157', 'TRD_GRP_158', 'TRD_GRP_159', 'TRD_GRP_160', 'TRD_GRP_161', 'TRD_GRP_162', 'TRD_GRP_163', 'TRD_GRP_164', 'TRD_GRP_165', 'TRD_GRP_166', 'TRD_GRP_167', 'TRD_GRP_168', 'TRD_GRP_169', 'TRD_GRP_170', 'TRD_GRP_171', 'TRD_GRP_172', 'TRD_GRP_173', 'TRD_GRP_174', 'TRD_GRP_175', 'TRD_GRP_176', 'TRD_GRP_177', 'TRD_GRP_178', 'TRD_GRP_179', 'TRD_GRP_180', 'TRD_GRP_181', 'TRD_GRP_182', 'TRD_GRP_183', 'TRD_GRP_184', 'TRD_GRP_185', 'TRD_GRP_186', 'TRD_GRP_187', 'TRD_GRP_188', 'TRD_GRP_189', 'TRD_GRP_190', 'TRD_GRP_191', 'TRD_GRP_192', 'TRD_GRP_193', 'TRD_GRP_194', 'TRD_GRP_195', 'TRD_GRP_196', 'TRD_GRP_197', 'TRD_GRP_198', 'TRD_GRP_199', 'TRD_GRP_200', 'TRD_GRP_201', 'TRD_GRP_202', 'TRD_GRP_203', 'TRD_GRP_204', 'TRD_GRP_205', 'TRD_GRP_206', 'TRD_GRP_207', 'TRD_GRP_208', 'TRD_GRP_209', 'TRD_GRP_210', 'TRD_GRP_211', 'TRD_GRP_212', 'TRD_GRP_213', 'TRD_GRP_214', 'TRD_GRP_215', 'TRD_GRP_216', 'TRD_GRP_217', 'TRD_GRP_218', 'TRD_GRP_219', 'TRD_GRP_220', 'TRD_GRP_221', 'TRD_GRP_222', 'TRD_GRP_223', 'TRD_GRP_224', 'TRD_GRP_225', 'TRD_GRP_226', 'TRD_GRP_227', 'TRD_GRP_228', 'TRD_GRP_229', 'TRD_GRP_230', 'TRD_GRP_231', 'TRD_GRP_232', 'TRD_GRP_233', 'TRD_GRP_234', 'TRD_GRP_235']], 'defaultSelfTradePreventionMode': 'EXPIRE_MAKER', 'allowedSelfTradePreventionModes': ['EXPIRE_TAKER', 'EXPIRE_MAKER', 'EXPIRE_BOTH']}
2025-01-18 01:37:28,725 - WARNING - \u26a0\ufe0f Filtro MIN_NOTIONAL não encontrado para ETHUSDT.
2025-01-18 01:37:29,470 - WARNING - \u26a0\ufe0f Não foi possível determinar o valor mínimo de compra para ETHUSDT.
2025-01-18 01:38:01,243 - INFO - \U0001f50d Informações da Binance para BTCUSDT: {'symbol': 'BTCUSDT', 'status': 'TRADING', 'baseAsset': 'BTC', 'baseAssetPrecision': 8, 'quoteAsset': 'USDT', 'quotePrecision': 8, 'quoteAssetPrecision': 8, 'baseCommissionPrecision': 8, 'quoteCommissionPrecision': 8, 'orderTypes': ['LIMIT', 'LIMIT_MAKER', 'MARKET', 'STOP_LOSS', 'STOP_LOSS_LIMIT', 'TAKE_PROFIT', 'TAKE_PROFIT_LIMIT'], 'icebergAllowed': True, 'ocoAllowed': True, 'otoAllowed': True, 'quoteOrderQtyMarketAllowed': True, 'allowTrailingStop': True, 'cancelReplaceAllowed': True, 'isSpotTradingAllowed': True, 'isMarginTradingAllowed': True, 'filters': [{'filterType': 'PRICE_FILTER', 'minPrice': '0.01000000', 'maxPrice': '1000000.00000000', 'tickSize': '0.01000000'}, {'filterType': 'LOT_SIZE', 'minQty': '0.00001000', 'maxQty': '9000.00000000', 'stepSize': '0.00001000'}, {'filterType': 'ICEBERG_PARTS', 'limit': 10}, {'filterType': 'MARKET_LOT_SIZE', 'minQty': '0.00000000', 'maxQty': '89.67500095', 'stepSize': '0.00000000'}, {'filterType': 'TRAILING_DELTA', 'minTrailingAboveDelta': 10, 'maxTrailingAboveDelta': 2000, 'minTrailingBelowDelta': 10, 'maxTrailingBelowDelta': 2000}, {'filterType': 'PERCENT_PRICE_BY_SIDE', 'bidMultiplierUp': '5', 'bidMultiplierDown': '0.2', 'askMultiplierUp': '5', 'askMultiplierDown': '0.2', 'avgPriceMins': 5}, {'filterType': 'NOTIONAL', 'minNotional': '5.00000000', 'applyMinToMarket': True, 'maxNotional': '9000000.00000000', 'applyMaxToMarket': False, 'avgPriceMins': 5}, {'filterType': 'MAX_NUM_ORDERS', 'maxNumOrders': 200}, {'filterType': 'MAX_NUM_ALGO_ORDERS', 'maxNumAlgoOrders': 5}], 'permissions': [], 'permissionSets': [['SPOT', 'MARGIN', 'TRD_GRP_004', 'TRD_GRP_005', 'TRD_GRP_006', 'TRD_GRP_009', 'TRD_GRP_010', 'TRD_GRP_011', 'TRD_GRP_012', 'TRD_GRP_013', 'TRD_GRP_014', 'TRD_GRP_015', 'TRD_GRP_016', 'TRD_GRP_017', 'TRD_GRP_018', 'TRD_GRP_019', 'TRD_GRP_020', 'TRD_GRP_021', 'TRD_GRP_022', 'TRD_GRP_023', 'TRD_GRP_024', 'TRD_GRP_025', 'TRD_GRP_026', 'TRD_GRP_027', 'TRD_GRP_028', 'TRD_GRP_029', 'TRD_GRP_030', 'TRD_GRP_031', 'TRD_GRP_032', 'TRD_GRP_033', 'TRD_GRP_034', 'TRD_GRP_035', 'TRD_GRP_036', 'TRD_GRP_037', 'TRD_GRP_038', 'TRD_GRP_039', 'TRD_GRP_040', 'TRD_GRP_041', 'TRD_GRP_042', 'TRD_GRP_043', 'TRD_GRP_044', 'TRD_GRP_045', 'TRD_GRP_046', 'TRD_GRP_047', 'TRD_GRP_048', 'TRD_GRP_049', 'TRD_GRP_050', 'TRD_GRP_051', 'TRD_GRP_052', 'TRD_GRP_053', 'TRD_GRP_054', 'TRD_GRP_055', 'TRD_GRP_056', 'TRD_GRP_057', 'TRD_GRP_058', 'TRD_GRP_059', 'TRD_GRP_060', 'TRD_GRP_061', 'TRD_GRP_062', 'TRD_GRP_063', 'TRD_GRP_064', 'TRD_GRP_065', 'TRD_GRP_066', 'TRD_GRP_067', 'TRD_GRP_068', 'TRD_GRP_069', 'TRD_GRP_070', 'TRD_GRP_071', 'TRD_GRP_072', 'TRD_GRP_073', 'TRD_GRP_074', 'TRD_GRP_075', 'TRD_GRP_076', 'TRD_GRP_077', 'TRD_GRP_078', 'TRD_GRP_079', 'TRD_GRP_080', 'TRD_GRP_081', 'TRD_GRP_082', 'TRD_GRP_083', 'TRD_GRP_084', 'TRD_GRP_085', 'TRD_GRP_086', 'TRD_GRP_087', 'TRD_GRP_088', 'TRD_GRP_089', 'TRD_GRP_090', 'TRD_GRP_091', 'TRD_GRP_092', 'TRD_GRP_093', 'TRD_GRP_094', 'TRD_GRP_095', 'TRD_GRP_096', 'TRD_GRP_097', 'TRD_GRP_098', 'TRD_GRP_099', 'TRD_GRP_100', 'TRD_GRP_101', 'TRD_GRP_102', 'TRD_GRP_103', 'TRD_GRP_104', 'TRD_GRP_105', 'TRD_GRP_106', 'TRD_GRP_107', 'TRD_GRP_108', 'TRD_GRP_109', 'TRD_GRP_110', 'TRD_GRP_111', 'TRD_GRP_112', 'TRD_GRP_113', 'TRD_GRP_114', 'TRD_GRP_115', 'TRD_GRP_116', 'TRD_GRP_117', 'TRD_GRP_118', 'TRD_GRP_119', 'TRD_GRP_120', 'TRD_GRP_121', 'TRD_GRP_122', 'TRD_GRP_123', 'TRD_GRP_124', 'TRD_GRP_125', 'TRD_GRP_126', 'TRD_GRP_127', 'TRD_GRP_128', 'TRD_GRP_129', 'TRD_GRP_130', 'TRD_GRP_131', 'TRD_GRP_132', 'TRD_GRP_133', 'TRD_GRP_134', 'TRD_GRP_135', 'TRD_GRP_136', 'TRD_GRP_137', 'TRD_GRP_138', 'TRD_GRP_139', 'TRD_GRP_140', 'TRD_GRP_141', 'TRD_GRP_142', 'TRD_GRP_143', 'TRD_GRP_144', 'TRD_GRP_145', 'TRD_GRP_146', 'TRD_GRP_147', 'TRD_GRP_148', 'TRD_GRP_149', 'TRD_GRP_150', 'TRD_GRP_151', 'TRD_GRP_152', 'TRD_GRP_153', 'TRD_GRP_154', 'TRD_GRP_155', 'TRD_GRP_156', 'TRD_GRP_157', 'TRD_GRP_158', 'TRD_GRP_159', 'TRD_GRP_160', 'TRD_GRP_161', 'TRD_GRP_162', 'TRD_GRP_163', 'TRD_GRP_164', 'TRD_GRP_165', 'TRD_GRP_166', 'TRD_GRP_167', 'TRD_GRP_168', 'TRD_GRP_169', 'TRD_GRP_170', 'TRD_GRP_171', 'TRD_GRP_172', 'TRD_GRP_173', 'TRD_GRP_174', 'TRD_GRP_175', 'TRD_GRP_176', 'TRD_GRP_177', 'TRD_GRP_178', 'TRD_GRP_179', 'TRD_GRP_180', 'TRD_GRP_181', 'TRD_GRP_182', 'TRD_GRP_183', 'TRD_GRP_184', 'TRD_GRP_185', 'TRD_GRP_186', 'TRD_GRP_187', 'TRD_GRP_188', 'TRD_GRP_189', 'TRD_GRP_190', 'TRD_GRP_191', 'TRD_GRP_192', 'TRD_GRP_193', 'TRD_GRP_194', 'TRD_GRP_195', 'TRD_GRP_196', 'TRD_GRP_197', 'TRD_GRP_198', 'TRD_GRP_199', 'TRD_GRP_200', 'TRD_GRP_201', 'TRD_GRP_202', 'TRD_GRP_203', 'TRD_GRP_204', 'TRD_GRP_205', 'TRD_GRP_206', 'TRD_GRP_207', 'TRD_GRP_208', 'TRD_GRP_209', 'TRD_GRP_210', 'TRD_GRP_211', 'TRD_GRP_212', 'TRD_GRP_213', 'TRD_GRP_214', 'TRD_GRP_215', 'TRD_GRP_216', 'TRD_GRP_217', 'TRD_GRP_218', 'TRD_GRP_219', 'TRD_GRP_220', 'TRD_GRP_221', 'TRD_GRP_222', 'TRD_GRP_223', 'TRD_GRP_224', 'TRD_GRP_225', 'TRD_GRP_226', 'TRD_GRP_227', 'TRD_GRP_228', 'TRD_GRP_229', 'TRD_GRP_230', 'TRD_GRP_231', 'TRD_GRP_232', 'TRD_GRP_233', 'TRD_GRP_234', 'TRD_GRP_235']], 'defaultSelfTradePreventionMode': 'EXPIRE_MAKER', 'allowedSelfTradePreventionModes': ['EXPIRE_TAKER', 'EXPIRE_MAKER', 'EXPIRE_BOTH']}
2025-01-18 01:38:01,243 - WARNING - \u26a0\ufe0f Filtro MIN_NOTIONAL não encontrado para BTCUSDT.
2025-01-18 01:38:01,983 - WARNING - \u26a0\ufe0f Não foi possível determinar o valor mínimo de compra para BTCUSDT.
2025-01-18 01:38:02,732 - INFO - \U0001f50d Informações da Binance para ETHUSDT: {'symbol': 'ETHUSDT', 'status': 'TRADING', 'baseAsset': 'ETH', 'baseAssetPrecision': 8, 'quoteAsset': 'USDT', 'quotePrecision': 8, 'quoteAssetPrecision': 8, 'baseCommissionPrecision': 8, 'quoteCommissionPrecision': 8, 'orderTypes': ['LIMIT', 'LIMIT_MAKER', 'MARKET', 'STOP_LOSS', 'STOP_LOSS_LIMIT', 'TAKE_PROFIT', 'TAKE_PROFIT_LIMIT'], 'icebergAllowed': True, 'ocoAllowed': True, 'otoAllowed': True, 'quoteOrderQtyMarketAllowed': True, 'allowTrailingStop': True, 'cancelReplaceAllowed': True, 'isSpotTradingAllowed': True, 'isMarginTradingAllowed': True, 'filters': [{'filterType': 'PRICE_FILTER', 'minPrice': '0.01000000', 'maxPrice': '1000000.00000000', 'tickSize': '0.01000000'}, {'filterType': 'LOT_SIZE', 'minQty': '0.00010000', 'maxQty': '9000.00000000', 'stepSize': '0.00010000'}, {'filterType': 'ICEBERG_PARTS', 'limit': 10}, {'filterType': 'MARKET_LOT_SIZE', 'minQty': '0.00000000', 'maxQty': '2418.75700375', 'stepSize': '0.00000000'}, {'filterType': 'TRAILING_DELTA', 'minTrailingAboveDelta': 10, 'maxTrailingAboveDelta': 2000, 'minTrailingBelowDelta': 10, 'maxTrailingBelowDelta': 2000}, {'filterType': 'PERCENT_PRICE_BY_SIDE', 'bidMultiplierUp': '5', 'bidMultiplierDown': '0.2', 'askMultiplierUp': '5', 'askMultiplierDown': '0.2', 'avgPriceMins': 5}, {'filterType': 'NOTIONAL', 'minNotional': '5.00000000', 'applyMinToMarket': True, 'maxNotional': '9000000.00000000', 'applyMaxToMarket': False, 'avgPriceMins': 5}, {'filterType': 'MAX_NUM_ORDERS', 'maxNumOrders': 200}, {'filterType': 'MAX_NUM_ALGO_ORDERS', 'maxNumAlgoOrders': 5}], 'permissions': [], 'permissionSets': [['SPOT', 'MARGIN', 'TRD_GRP_004', 'TRD_GRP_005', 'TRD_GRP_006', 'TRD_GRP_009', 'TRD_GRP_010', 'TRD_GRP_011', 'TRD_GRP_012', 'TRD_GRP_013', 'TRD_GRP_014', 'TRD_GRP_015', 'TRD_GRP_016', 'TRD_GRP_017', 'TRD_GRP_018', 'TRD_GRP_019', 'TRD_GRP_020', 'TRD_GRP_021', 'TRD_GRP_022', 'TRD_GRP_023', 'TRD_GRP_024', 'TRD_GRP_025', 'TRD_GRP_026', 'TRD_GRP_027', 'TRD_GRP_028', 'TRD_GRP_029', 'TRD_GRP_030', 'TRD_GRP_031', 'TRD_GRP_032', 'TRD_GRP_033', 'TRD_GRP_034', 'TRD_GRP_035', 'TRD_GRP_036', 'TRD_GRP_037', 'TRD_GRP_038', 'TRD_GRP_039', 'TRD_GRP_040', 'TRD_GRP_041', 'TRD_GRP_042', 'TRD_GRP_043', 'TRD_GRP_044', 'TRD_GRP_045', 'TRD_GRP_046', 'TRD_GRP_047', 'TRD_GRP_048', 'TRD_GRP_049', 'TRD_GRP_050', 'TRD_GRP_051', 'TRD_GRP_052', 'TRD_GRP_053', 'TRD_GRP_054', 'TRD_GRP_055', 'TRD_GRP_056', 'TRD_GRP_057', 'TRD_GRP_058', 'TRD_GRP_059', 'TRD_GRP_060', 'TRD_GRP_061', 'TRD_GRP_062', 'TRD_GRP_063', 'TRD_GRP_064', 'TRD_GRP_065', 'TRD_GRP_066', 'TRD_GRP_067', 'TRD_GRP_068', 'TRD_GRP_069', 'TRD_GRP_070', 'TRD_GRP_071', 'TRD_GRP_072', 'TRD_GRP_073', 'TRD_GRP_074', 'TRD_GRP_075', 'TRD_GRP_076', 'TRD_GRP_077', 'TRD_GRP_078', 'TRD_GRP_079', 'TRD_GRP_080', 'TRD_GRP_081', 'TRD_GRP_082', 'TRD_GRP_083', 'TRD_GRP_084', 'TRD_GRP_085', 'TRD_GRP_086', 'TRD_GRP_087', 'TRD_GRP_088', 'TRD_GRP_089', 'TRD_GRP_090', 'TRD_GRP_091', 'TRD_GRP_092', 'TRD_GRP_093', 'TRD_GRP_094', 'TRD_GRP_095', 'TRD_GRP_096', 'TRD_GRP_097', 'TRD_GRP_098', 'TRD_GRP_099', 'TRD_GRP_100', 'TRD_GRP_101', 'TRD_GRP_102', 'TRD_GRP_103', 'TRD_GRP_104', 'TRD_GRP_105', 'TRD_GRP_106', 'TRD_GRP_107', 'TRD_GRP_108', 'TRD_GRP_109', 'TRD_GRP_110', 'TRD_GRP_111', 'TRD_GRP_112', 'TRD_GRP_113', 'TRD_GRP_114', 'TRD_GRP_115', 'TRD_GRP_116', 'TRD_GRP_117', 'TRD_GRP_118', 'TRD_GRP_119', 'TRD_GRP_120', 'TRD_GRP_121', 'TRD_GRP_122', 'TRD_GRP_123', 'TRD_GRP_124', 'TRD_GRP_125', 'TRD_GRP_126', 'TRD_GRP_127', 'TRD_GRP_128', 'TRD_GRP_129', 'TRD_GRP_130', 'TRD_GRP_131', 'TRD_GRP_132', 'TRD_GRP_133', 'TRD_GRP_134', 'TRD_GRP_135', 'TRD_GRP_136', 'TRD_GRP_137', 'TRD_GRP_138', 'TRD_GRP_139', 'TRD_GRP_140', 'TRD_GRP_141', 'TRD_GRP_142', 'TRD_GRP_143', 'TRD_GRP_144', 'TRD_GRP_145', 'TRD_GRP_146', 'TRD_GRP_147', 'TRD_GRP_148', 'TRD_GRP_149', 'TRD_GRP_150', 'TRD_GRP_151', 'TRD_GRP_152', 'TRD_GRP_153', 'TRD_GRP_154', 'TRD_GRP_155', 'TRD_GRP_156', 'TRD_GRP_157', 'TRD_GRP_158', 'TRD_GRP_159', 'TRD_GRP_160', 'TRD_GRP_161', 'TRD_GRP_162', 'TRD_GRP_163', 'TRD_GRP_164', 'TRD_GRP_165', 'TRD_GRP_166', 'TRD_GRP_167', 'TRD_GRP_168', 'TRD_GRP_169', 'TRD_GRP_170', 'TRD_GRP_171', 'TRD_GRP_172', 'TRD_GRP_173', 'TRD_GRP_174', 'TRD_GRP_175', 'TRD_GRP_176', 'TRD_GRP_177', 'TRD_GRP_178', 'TRD_GRP_179', 'TRD_GRP_180', 'TRD_GRP_181', 'TRD_GRP_182', 'TRD_GRP_183', 'TRD_GRP_184', 'TRD_GRP_185', 'TRD_GRP_186', 'TRD_GRP_187', 'TRD_GRP_188', 'TRD_GRP_189', 'TRD_GRP_190', 'TRD_GRP_191', 'TRD_GRP_192', 'TRD_GRP_193', 'TRD_GRP_194', 'TRD_GRP_195', 'TRD_GRP_196', 'TRD_GRP_197', 'TRD_GRP_198', 'TRD_GRP_199', 'TRD_GRP_200', 'TRD_GRP_201', 'TRD_GRP_202', 'TRD_GRP_203', 'TRD_GRP_204', 'TRD_GRP_205', 'TRD_GRP_206', 'TRD_GRP_207', 'TRD_GRP_208', 'TRD_GRP_209', 'TRD_GRP_210', 'TRD_GRP_211', 'TRD_GRP_212', 'TRD_GRP_213', 'TRD_GRP_214', 'TRD_GRP_215', 'TRD_GRP_216', 'TRD_GRP_217', 'TRD_GRP_218', 'TRD_GRP_219', 'TRD_GRP_220', 'TRD_GRP_221', 'TRD_GRP_222', 'TRD_GRP_223', 'TRD_GRP_224', 'TRD_GRP_225', 'TRD_GRP_226', 'TRD_GRP_227', 'TRD_GRP_228', 'TRD_GRP_229', 'TRD_GRP_230', 'TRD_GRP_231', 'TRD_GRP_232', 'TRD_GRP_233', 'TRD_GRP_234', 'TRD_GRP_235']], 'defaultSelfTradePreventionMode': 'EXPIRE_MAKER', 'allowedSelfTradePreventionModes': ['EXPIRE_TAKER', 'EXPIRE_MAKER', 'EXPIRE_BOTH']}
2025-01-18 01:38:02,732 - WARNING - \u26a0\ufe0f Filtro MIN_NOTIONAL não encontrado para ETHUSDT.
2025-01-18 01:38:03,556 - WARNING - \u26a0\ufe0f Não foi possível determinar o valor mínimo de compra para ETHUSDT.
2025-01-18 01:38:35,324 - INFO - \U0001f50d Informações da Binance para BTCUSDT: {'symbol': 'BTCUSDT', 'status': 'TRADING', 'baseAsset': 'BTC', 'baseAssetPrecision': 8, 'quoteAsset': 'USDT', 'quotePrecision': 8, 'quoteAssetPrecision': 8, 'baseCommissionPrecision': 8, 'quoteCommissionPrecision': 8, 'orderTypes': ['LIMIT', 'LIMIT_MAKER', 'MARKET', 'STOP_LOSS', 'STOP_LOSS_LIMIT', 'TAKE_PROFIT', 'TAKE_PROFIT_LIMIT'], 'icebergAllowed': True, 'ocoAllowed': True, 'otoAllowed': True, 'quoteOrderQtyMarketAllowed': True, 'allowTrailingStop': True, 'cancelReplaceAllowed': True, 'isSpotTradingAllowed': True, 'isMarginTradingAllowed': True, 'filters': [{'filterType': 'PRICE_FILTER', 'minPrice': '0.01000000', 'maxPrice': '1000000.00000000', 'tickSize': '0.01000000'}, {'filterType': 'LOT_SIZE', 'minQty': '0.00001000', 'maxQty': '9000.00000000', 'stepSize': '0.00001000'}, {'filterType': 'ICEBERG_PARTS', 'limit': 10}, {'filterType': 'MARKET_LOT_SIZE', 'minQty': '0.00000000', 'maxQty': '89.67500095', 'stepSize': '0.00000000'}, {'filterType': 'TRAILING_DELTA', 'minTrailingAboveDelta': 10, 'maxTrailingAboveDelta': 2000, 'minTrailingBelowDelta': 10, 'maxTrailingBelowDelta': 2000}, {'filterType': 'PERCENT_PRICE_BY_SIDE', 'bidMultiplierUp': '5', 'bidMultiplierDown': '0.2', 'askMultiplierUp': '5', 'askMultiplierDown': '0.2', 'avgPriceMins': 5}, {'filterType': 'NOTIONAL', 'minNotional': '5.00000000', 'applyMinToMarket': True, 'maxNotional': '9000000.00000000', 'applyMaxToMarket': False, 'avgPriceMins': 5}, {'filterType': 'MAX_NUM_ORDERS', 'maxNumOrders': 200}, {'filterType': 'MAX_NUM_ALGO_ORDERS', 'maxNumAlgoOrders': 5}], 'permissions': [], 'permissionSets': [['SPOT', 'MARGIN', 'TRD_GRP_004', 'TRD_GRP_005', 'TRD_GRP_006', 'TRD_GRP_009', 'TRD_GRP_010', 'TRD_GRP_011', 'TRD_GRP_012', 'TRD_GRP_013', 'TRD_GRP_014', 'TRD_GRP_015', 'TRD_GRP_016', 'TRD_GRP_017', 'TRD_GRP_018', 'TRD_GRP_019', 'TRD_GRP_020', 'TRD_GRP_021', 'TRD_GRP_022', 'TRD_GRP_023', 'TRD_GRP_024', 'TRD_GRP_025', 'TRD_GRP_026', 'TRD_GRP_027', 'TRD_GRP_028', 'TRD_GRP_029', 'TRD_GRP_030', 'TRD_GRP_031', 'TRD_GRP_032', 'TRD_GRP_033', 'TRD_GRP_034', 'TRD_GRP_035', 'TRD_GRP_036', 'TRD_GRP_037', 'TRD_GRP_038', 'TRD_GRP_039', 'TRD_GRP_040', 'TRD_GRP_041', 'TRD_GRP_042', 'TRD_GRP_043', 'TRD_GRP_044', 'TRD_GRP_045', 'TRD_GRP_046', 'TRD_GRP_047', 'TRD_GRP_048', 'TRD_GRP_049', 'TRD_GRP_050', 'TRD_GRP_051', 'TRD_GRP_052', 'TRD_GRP_053', 'TRD_GRP_054', 'TRD_GRP_055', 'TRD_GRP_056', 'TRD_GRP_057', 'TRD_GRP_058', 'TRD_GRP_059', 'TRD_GRP_060', 'TRD_GRP_061', 'TRD_GRP_062', 'TRD_GRP_063', 'TRD_GRP_064', 'TRD_GRP_065', 'TRD_GRP_066', 'TRD_GRP_067', 'TRD_GRP_068', 'TRD_GRP_069', 'TRD_GRP_070', 'TRD_GRP_071', 'TRD_GRP_072', 'TRD_GRP_073', 'TRD_GRP_074', 'TRD_GRP_075', 'TRD_GRP_076', 'TRD_GRP_077', 'TRD_GRP_078', 'TRD_GRP_079', 'TRD_GRP_080', 'TRD_GRP_081', 'TRD_GRP_082', 'TRD_GRP_083', 'TRD_GRP_084', 'TRD_GRP_085', 'TRD_GRP_086', 'TRD_GRP_087', 'TRD_GRP_088', 'TRD_GRP_089', 'TRD_GRP_090', 'TRD_GRP_091', 'TRD_GRP_092', 'TRD_GRP_093', 'TRD_GRP_094', 'TRD_GRP_095', 'TRD_GRP_096', 'TRD_GRP_097', 'TRD_GRP_098', 'TRD_GRP_099', 'TRD_GRP_100', 'TRD_GRP_101', 'TRD_GRP_102', 'TRD_GRP_103', 'TRD_GRP_104', 'TRD_GRP_105', 'TRD_GRP_106', 'TRD_GRP_107', 'TRD_GRP_108', 'TRD_GRP_109', 'TRD_GRP_110', 'TRD_GRP_111', 'TRD_GRP_112', 'TRD_GRP_113', 'TRD_GRP_114', 'TRD_GRP_115', 'TRD_GRP_116', 'TRD_GRP_117', 'TRD_GRP_118', 'TRD_GRP_119', 'TRD_GRP_120', 'TRD_GRP_121', 'TRD_GRP_122', 'TRD_GRP_123', 'TRD_GRP_124', 'TRD_GRP_125', 'TRD_GRP_126', 'TRD_GRP_127', 'TRD_GRP_128', 'TRD_GRP_129', 'TRD_GRP_130', 'TRD_GRP_131', 'TRD_GRP_132', 'TRD_GRP_133', 'TRD_GRP_134', 'TRD_GRP_135', 'TRD_GRP_136', 'TRD_GRP_137', 'TRD_GRP_138', 'TRD_GRP_139', 'TRD_GRP_140', 'TRD_GRP_141', 'TRD_GRP_142', 'TRD_GRP_143', 'TRD_GRP_144', 'TRD_GRP_145', 'TRD_GRP_146', 'TRD_GRP_147', 'TRD_GRP_148', 'TRD_GRP_149', 'TRD_GRP_150', 'TRD_GRP_151', 'TRD_GRP_152', 'TRD_GRP_153', 'TRD_GRP_154', 'TRD_GRP_155', 'TRD_GRP_156', 'TRD_GRP_157', 'TRD_GRP_158', 'TRD_GRP_159', 'TRD_GRP_160', 'TRD_GRP_161', 'TRD_GRP_162', 'TRD_GRP_163', 'TRD_GRP_164', 'TRD_GRP_165', 'TRD_GRP_166', 'TRD_GRP_167', 'TRD_GRP_168', 'TRD_GRP_169', 'TRD_GRP_170', 'TRD_GRP_171', 'TRD_GRP_172', 'TRD_GRP_173', 'TRD_GRP_174', 'TRD_GRP_175', 'TRD_GRP_176', 'TRD_GRP_177', 'TRD_GRP_178', 'TRD_GRP_179', 'TRD_GRP_180', 'TRD_GRP_181', 'TRD_GRP_182', 'TRD_GRP_183', 'TRD_GRP_184', 'TRD_GRP_185', 'TRD_GRP_186', 'TRD_GRP_187', 'TRD_GRP_188', 'TRD_GRP_189', 'TRD_GRP_190', 'TRD_GRP_191', 'TRD_GRP_192', 'TRD_GRP_193', 'TRD_GRP_194', 'TRD_GRP_195', 'TRD_GRP_196', 'TRD_GRP_197', 'TRD_GRP_198', 'TRD_GRP_199', 'TRD_GRP_200', 'TRD_GRP_201', 'TRD_GRP_202', 'TRD_GRP_203', 'TRD_GRP_204', 'TRD_GRP_205', 'TRD_GRP_206', 'TRD_GRP_207', 'TRD_GRP_208', 'TRD_GRP_209', 'TRD_GRP_210', 'TRD_GRP_211', 'TRD_GRP_212', 'TRD_GRP_213', 'TRD_GRP_214', 'TRD_GRP_215', 'TRD_GRP_216', 'TRD_GRP_217', 'TRD_GRP_218', 'TRD_GRP_219', 'TRD_GRP_220', 'TRD_GRP_221', 'TRD_GRP_222', 'TRD_GRP_223', 'TRD_GRP_224', 'TRD_GRP_225', 'TRD_GRP_226', 'TRD_GRP_227', 'TRD_GRP_228', 'TRD_GRP_229', 'TRD_GRP_230', 'TRD_GRP_231', 'TRD_GRP_232', 'TRD_GRP_233', 'TRD_GRP_234', 'TRD_GRP_235']], 'defaultSelfTradePreventionMode': 'EXPIRE_MAKER', 'allowedSelfTradePreventionModes': ['EXPIRE_TAKER', 'EXPIRE_MAKER', 'EXPIRE_BOTH']}
2025-01-18 01:38:35,324 - WARNING - \u26a0\ufe0f Filtro MIN_NOTIONAL não encontrado para BTCUSDT.
2025-01-18 01:38:36,075 - WARNING - \u26a0\ufe0f Não foi possível determinar o valor mínimo de compra para BTCUSDT.
2025-01-18 01:38:36,855 - INFO - \U0001f50d Informações da Binance para ETHUSDT: {'symbol': 'ETHUSDT', 'status': 'TRADING', 'baseAsset': 'ETH', 'baseAssetPrecision': 8, 'quoteAsset': 'USDT', 'quotePrecision': 8, 'quoteAssetPrecision': 8, 'baseCommissionPrecision': 8, 'quoteCommissionPrecision': 8, 'orderTypes': ['LIMIT', 'LIMIT_MAKER', 'MARKET', 'STOP_LOSS', 'STOP_LOSS_LIMIT', 'TAKE_PROFIT', 'TAKE_PROFIT_LIMIT'], 'icebergAllowed': True, 'ocoAllowed': True, 'otoAllowed': True, 'quoteOrderQtyMarketAllowed': True, 'allowTrailingStop': True, 'cancelReplaceAllowed': True, 'isSpotTradingAllowed': True, 'isMarginTradingAllowed': True, 'filters': [{'filterType': 'PRICE_FILTER', 'minPrice': '0.01000000', 'maxPrice': '1000000.00000000', 'tickSize': '0.01000000'}, {'filterType': 'LOT_SIZE', 'minQty': '0.00010000', 'maxQty': '9000.00000000', 'stepSize': '0.00010000'}, {'filterType': 'ICEBERG_PARTS', 'limit': 10}, {'filterType': 'MARKET_LOT_SIZE', 'minQty': '0.00000000', 'maxQty': '2418.75700375', 'stepSize': '0.00000000'}, {'filterType': 'TRAILING_DELTA', 'minTrailingAboveDelta': 10, 'maxTrailingAboveDelta': 2000, 'minTrailingBelowDelta': 10, 'maxTrailingBelowDelta': 2000}, {'filterType': 'PERCENT_PRICE_BY_SIDE', 'bidMultiplierUp': '5', 'bidMultiplierDown': '0.2', 'askMultiplierUp': '5', 'askMultiplierDown': '0.2', 'avgPriceMins': 5}, {'filterType': 'NOTIONAL', 'minNotional': '5.00000000', 'applyMinToMarket': True, 'maxNotional': '9000000.00000000', 'applyMaxToMarket': False, 'avgPriceMins': 5}, {'filterType': 'MAX_NUM_ORDERS', 'maxNumOrders': 200}, {'filterType': 'MAX_NUM_ALGO_ORDERS', 'maxNumAlgoOrders': 5}], 'permissions': [], 'permissionSets': [['SPOT', 'MARGIN', 'TRD_GRP_004', 'TRD_GRP_005', 'TRD_GRP_006', 'TRD_GRP_009', 'TRD_GRP_010', 'TRD_GRP_011', 'TRD_GRP_012', 'TRD_GRP_013', 'TRD_GRP_014', 'TRD_GRP_015', 'TRD_GRP_016', 'TRD_GRP_017', 'TRD_GRP_018', 'TRD_GRP_019', 'TRD_GRP_020', 'TRD_GRP_021', 'TRD_GRP_022', 'TRD_GRP_023', 'TRD_GRP_024', 'TRD_GRP_025', 'TRD_GRP_026', 'TRD_GRP_027', 'TRD_GRP_028', 'TRD_GRP_029', 'TRD_GRP_030', 'TRD_GRP_031', 'TRD_GRP_032', 'TRD_GRP_033', 'TRD_GRP_034', 'TRD_GRP_035', 'TRD_GRP_036', 'TRD_GRP_037', 'TRD_GRP_038', 'TRD_GRP_039', 'TRD_GRP_040', 'TRD_GRP_041', 'TRD_GRP_042', 'TRD_GRP_043', 'TRD_GRP_044', 'TRD_GRP_045', 'TRD_GRP_046', 'TRD_GRP_047', 'TRD_GRP_048', 'TRD_GRP_049', 'TRD_GRP_050', 'TRD_GRP_051', 'TRD_GRP_052', 'TRD_GRP_053', 'TRD_GRP_054', 'TRD_GRP_055', 'TRD_GRP_056', 'TRD_GRP_057', 'TRD_GRP_058', 'TRD_GRP_059', 'TRD_GRP_060', 'TRD_GRP_061', 'TRD_GRP_062', 'TRD_GRP_063', 'TRD_GRP_064', 'TRD_GRP_065', 'TRD_GRP_066', 'TRD_GRP_067', 'TRD_GRP_068', 'TRD_GRP_069', 'TRD_GRP_070', 'TRD_GRP_071', 'TRD_GRP_072', 'TRD_GRP_073', 'TRD_GRP_074', 'TRD_GRP_075', 'TRD_GRP_076', 'TRD_GRP_077', 'TRD_GRP_078', 'TRD_GRP_079', 'TRD_GRP_080', 'TRD_GRP_081', 'TRD_GRP_082', 'TRD_GRP_083', 'TRD_GRP_084', 'TRD_GRP_085', 'TRD_GRP_086', 'TRD_GRP_087', 'TRD_GRP_088', 'TRD_GRP_089', 'TRD_GRP_090', 'TRD_GRP_091', 'TRD_GRP_092', 'TRD_GRP_093', 'TRD_GRP_094', 'TRD_GRP_095', 'TRD_GRP_096', 'TRD_GRP_097', 'TRD_GRP_098', 'TRD_GRP_099', 'TRD_GRP_100', 'TRD_GRP_101', 'TRD_GRP_102', 'TRD_GRP_103', 'TRD_GRP_104', 'TRD_GRP_105', 'TRD_GRP_106', 'TRD_GRP_107', 'TRD_GRP_108', 'TRD_GRP_109', 'TRD_GRP_110', 'TRD_GRP_111', 'TRD_GRP_112', 'TRD_GRP_113', 'TRD_GRP_114', 'TRD_GRP_115', 'TRD_GRP_116', 'TRD_GRP_117', 'TRD_GRP_118', 'TRD_GRP_119', 'TRD_GRP_120', 'TRD_GRP_121', 'TRD_GRP_122', 'TRD_GRP_123', 'TRD_GRP_124', 'TRD_GRP_125', 'TRD_GRP_126', 'TRD_GRP_127', 'TRD_GRP_128', 'TRD_GRP_129', 'TRD_GRP_130', 'TRD_GRP_131', 'TRD_GRP_132', 'TRD_GRP_133', 'TRD_GRP_134', 'TRD_GRP_135', 'TRD_GRP_136', 'TRD_GRP_137', 'TRD_GRP_138', 'TRD_GRP_139', 'TRD_GRP_140', 'TRD_GRP_141', 'TRD_GRP_142', 'TRD_GRP_143', 'TRD_GRP_144', 'TRD_GRP_145', 'TRD_GRP_146', 'TRD_GRP_147', 'TRD_GRP_148', 'TRD_GRP_149', 'TRD_GRP_150', 'TRD_GRP_151', 'TRD_GRP_152', 'TRD_GRP_153', 'TRD_GRP_154', 'TRD_GRP_155', 'TRD_GRP_156', 'TRD_GRP_157', 'TRD_GRP_158', 'TRD_GRP_159', 'TRD_GRP_160', 'TRD_GRP_161', 'TRD_GRP_162', 'TRD_GRP_163', 'TRD_GRP_164', 'TRD_GRP_165', 'TRD_GRP_166', 'TRD_GRP_167', 'TRD_GRP_168', 'TRD_GRP_169', 'TRD_GRP_170', 'TRD_GRP_171', 'TRD_GRP_172', 'TRD_GRP_173', 'TRD_GRP_174', 'TRD_GRP_175', 'TRD_GRP_176', 'TRD_GRP_177', 'TRD_GRP_178', 'TRD_GRP_179', 'TRD_GRP_180', 'TRD_GRP_181', 'TRD_GRP_182', 'TRD_GRP_183', 'TRD_GRP_184', 'TRD_GRP_185', 'TRD_GRP_186', 'TRD_GRP_187', 'TRD_GRP_188', 'TRD_GRP_189', 'TRD_GRP_190', 'TRD_GRP_191', 'TRD_GRP_192', 'TRD_GRP_193', 'TRD_GRP_194', 'TRD_GRP_195', 'TRD_GRP_196', 'TRD_GRP_197', 'TRD_GRP_198', 'TRD_GRP_199', 'TRD_GRP_200', 'TRD_GRP_201', 'TRD_GRP_202', 'TRD_GRP_203', 'TRD_GRP_204', 'TRD_GRP_205', 'TRD_GRP_206', 'TRD_GRP_207', 'TRD_GRP_208', 'TRD_GRP_209', 'TRD_GRP_210', 'TRD_GRP_211', 'TRD_GRP_212', 'TRD_GRP_213', 'TRD_GRP_214', 'TRD_GRP_215', 'TRD_GRP_216', 'TRD_GRP_217', 'TRD_GRP_218', 'TRD_GRP_219', 'TRD_GRP_220', 'TRD_GRP_221', 'TRD_GRP_222', 'TRD_GRP_223', 'TRD_GRP_224', 'TRD_GRP_225', 'TRD_GRP_226', 'TRD_GRP_227', 'TRD_GRP_228', 'TRD_GRP_229', 'TRD_GRP_230', 'TRD_GRP_231', 'TRD_GRP_232', 'TRD_GRP_233', 'TRD_GRP_234', 'TRD_GRP_235']], 'defaultSelfTradePreventionMode': 'EXPIRE_MAKER', 'allowedSelfTradePreventionModes': ['EXPIRE_TAKER', 'EXPIRE_MAKER', 'EXPIRE_BOTH']}
2025-01-18 01:38:36,855 - WARNING - \u26a0\ufe0f Filtro MIN_NOTIONAL não encontrado para ETHUSDT.
2025-01-18 01:38:37,639 - WARNING - \u26a0\ufe0f Não foi possível determinar o valor mínimo de compra para ETHUSDT.
2025-01-18 01:39:09,456 - INFO - \U0001f50d Informações da Binance para BTCUSDT: {'symbol': 'BTCUSDT', 'status': 'TRADING', 'baseAsset': 'BTC', 'baseAssetPrecision': 8, 'quoteAsset': 'USDT', 'quotePrecision': 8, 'quoteAssetPrecision': 8, 'baseCommissionPrecision': 8, 'quoteCommissionPrecision': 8, 'orderTypes': ['LIMIT', 'LIMIT_MAKER', 'MARKET', 'STOP_LOSS', 'STOP_LOSS_LIMIT', 'TAKE_PROFIT', 'TAKE_PROFIT_LIMIT'], 'icebergAllowed': True, 'ocoAllowed': True, 'otoAllowed': True, 'quoteOrderQtyMarketAllowed': True, 'allowTrailingStop': True, 'cancelReplaceAllowed': True, 'isSpotTradingAllowed': True, 'isMarginTradingAllowed': True, 'filters': [{'filterType': 'PRICE_FILTER', 'minPrice': '0.01000000', 'maxPrice': '1000000.00000000', 'tickSize': '0.01000000'}, {'filterType': 'LOT_SIZE', 'minQty': '0.00001000', 'maxQty': '9000.00000000', 'stepSize': '0.00001000'}, {'filterType': 'ICEBERG_PARTS', 'limit': 10}, {'filterType': 'MARKET_LOT_SIZE', 'minQty': '0.00000000', 'maxQty': '89.67500095', 'stepSize': '0.00000000'}, {'filterType': 'TRAILING_DELTA', 'minTrailingAboveDelta': 10, 'maxTrailingAboveDelta': 2000, 'minTrailingBelowDelta': 10, 'maxTrailingBelowDelta': 2000}, {'filterType': 'PERCENT_PRICE_BY_SIDE', 'bidMultiplierUp': '5', 'bidMultiplierDown': '0.2', 'askMultiplierUp': '5', 'askMultiplierDown': '0.2', 'avgPriceMins': 5}, {'filterType': 'NOTIONAL', 'minNotional': '5.00000000', 'applyMinToMarket': True, 'maxNotional': '9000000.00000000', 'applyMaxToMarket': False, 'avgPriceMins': 5}, {'filterType': 'MAX_NUM_ORDERS', 'maxNumOrders': 200}, {'filterType': 'MAX_NUM_ALGO_ORDERS', 'maxNumAlgoOrders': 5}], 'permissions': [], 'permissionSets': [['SPOT', 'MARGIN', 'TRD_GRP_004', 'TRD_GRP_005', 'TRD_GRP_006', 'TRD_GRP_009', 'TRD_GRP_010', 'TRD_GRP_011', 'TRD_GRP_012', 'TRD_GRP_013', 'TRD_GRP_014', 'TRD_GRP_015', 'TRD_GRP_016', 'TRD_GRP_017', 'TRD_GRP_018', 'TRD_GRP_019', 'TRD_GRP_020', 'TRD_GRP_021', 'TRD_GRP_022', 'TRD_GRP_023', 'TRD_GRP_024', 'TRD_GRP_025', 'TRD_GRP_026', 'TRD_GRP_027', 'TRD_GRP_028', 'TRD_GRP_029', 'TRD_GRP_030', 'TRD_GRP_031', 'TRD_GRP_032', 'TRD_GRP_033', 'TRD_GRP_034', 'TRD_GRP_035', 'TRD_GRP_036', 'TRD_GRP_037', 'TRD_GRP_038', 'TRD_GRP_039', 'TRD_GRP_040', 'TRD_GRP_041', 'TRD_GRP_042', 'TRD_GRP_043', 'TRD_GRP_044', 'TRD_GRP_045', 'TRD_GRP_046', 'TRD_GRP_047', 'TRD_GRP_048', 'TRD_GRP_049', 'TRD_GRP_050', 'TRD_GRP_051', 'TRD_GRP_052', 'TRD_GRP_053', 'TRD_GRP_054', 'TRD_GRP_055', 'TRD_GRP_056', 'TRD_GRP_057', 'TRD_GRP_058', 'TRD_GRP_059', 'TRD_GRP_060', 'TRD_GRP_061', 'TRD_GRP_062', 'TRD_GRP_063', 'TRD_GRP_064', 'TRD_GRP_065', 'TRD_GRP_066', 'TRD_GRP_067', 'TRD_GRP_068', 'TRD_GRP_069', 'TRD_GRP_070', 'TRD_GRP_071', 'TRD_GRP_072', 'TRD_GRP_073', 'TRD_GRP_074', 'TRD_GRP_075', 'TRD_GRP_076', 'TRD_GRP_077', 'TRD_GRP_078', 'TRD_GRP_079', 'TRD_GRP_080', 'TRD_GRP_081', 'TRD_GRP_082', 'TRD_GRP_083', 'TRD_GRP_084', 'TRD_GRP_085', 'TRD_GRP_086', 'TRD_GRP_087', 'TRD_GRP_088', 'TRD_GRP_089', 'TRD_GRP_090', 'TRD_GRP_091', 'TRD_GRP_092', 'TRD_GRP_093', 'TRD_GRP_094', 'TRD_GRP_095', 'TRD_GRP_096', 'TRD_GRP_097', 'TRD_GRP_098', 'TRD_GRP_099', 'TRD_GRP_100', 'TRD_GRP_101', 'TRD_GRP_102', 'TRD_GRP_103', 'TRD_GRP_104', 'TRD_GRP_105', 'TRD_GRP_106', 'TRD_GRP_107', 'TRD_GRP_108', 'TRD_GRP_109', 'TRD_GRP_110', 'TRD_GRP_111', 'TRD_GRP_112', 'TRD_GRP_113', 'TRD_GRP_114', 'TRD_GRP_115', 'TRD_GRP_116', 'TRD_GRP_117', 'TRD_GRP_118', 'TRD_GRP_119', 'TRD_GRP_120', 'TRD_GRP_121', 'TRD_GRP_122', 'TRD_GRP_123', 'TRD_GRP_124', 'TRD_GRP_125', 'TRD_GRP_126', 'TRD_GRP_127', 'TRD_GRP_128', 'TRD_GRP_129', 'TRD_GRP_130', 'TRD_GRP_131', 'TRD_GRP_132', 'TRD_GRP_133', 'TRD_GRP_134', 'TRD_GRP_135', 'TRD_GRP_136', 'TRD_GRP_137', 'TRD_GRP_138', 'TRD_GRP_139', 'TRD_GRP_140', 'TRD_GRP_141', 'TRD_GRP_142', 'TRD_GRP_143', 'TRD_GRP_144', 'TRD_GRP_145', 'TRD_GRP_146', 'TRD_GRP_147', 'TRD_GRP_148', 'TRD_GRP_149', 'TRD_GRP_150', 'TRD_GRP_151', 'TRD_GRP_152', 'TRD_GRP_153', 'TRD_GRP_154', 'TRD_GRP_155', 'TRD_GRP_156', 'TRD_GRP_157', 'TRD_GRP_158', 'TRD_GRP_159', 'TRD_GRP_160', 'TRD_GRP_161', 'TRD_GRP_162', 'TRD_GRP_163', 'TRD_GRP_164', 'TRD_GRP_165', 'TRD_GRP_166', 'TRD_GRP_167', 'TRD_GRP_168', 'TRD_GRP_169', 'TRD_GRP_170', 'TRD_GRP_171', 'TRD_GRP_172', 'TRD_GRP_173', 'TRD_GRP_174', 'TRD_GRP_175', 'TRD_GRP_176', 'TRD_GRP_177', 'TRD_GRP_178', 'TRD_GRP_179', 'TRD_GRP_180', 'TRD_GRP_181', 'TRD_GRP_182', 'TRD_GRP_183', 'TRD_GRP_184', 'TRD_GRP_185', 'TRD_GRP_186', 'TRD_GRP_187', 'TRD_GRP_188', 'TRD_GRP_189', 'TRD_GRP_190', 'TRD_GRP_191', 'TRD_GRP_192', 'TRD_GRP_193', 'TRD_GRP_194', 'TRD_GRP_195', 'TRD_GRP_196', 'TRD_GRP_197', 'TRD_GRP_198', 'TRD_GRP_199', 'TRD_GRP_200', 'TRD_GRP_201', 'TRD_GRP_202', 'TRD_GRP_203', 'TRD_GRP_204', 'TRD_GRP_205', 'TRD_GRP_206', 'TRD_GRP_207', 'TRD_GRP_208', 'TRD_GRP_209', 'TRD_GRP_210', 'TRD_GRP_211', 'TRD_GRP_212', 'TRD_GRP_213', 'TRD_GRP_214', 'TRD_GRP_215', 'TRD_GRP_216', 'TRD_GRP_217', 'TRD_GRP_218', 'TRD_GRP_219', 'TRD_GRP_220', 'TRD_GRP_221', 'TRD_GRP_222', 'TRD_GRP_223', 'TRD_GRP_224', 'TRD_GRP_225', 'TRD_GRP_226', 'TRD_GRP_227', 'TRD_GRP_228', 'TRD_GRP_229', 'TRD_GRP_230', 'TRD_GRP_231', 'TRD_GRP_232', 'TRD_GRP_233', 'TRD_GRP_234', 'TRD_GRP_235']], 'defaultSelfTradePreventionMode': 'EXPIRE_MAKER', 'allowedSelfTradePreventionModes': ['EXPIRE_TAKER', 'EXPIRE_MAKER', 'EXPIRE_BOTH']}
2025-01-18 01:39:09,456 - WARNING - \u26a0\ufe0f Filtro MIN_NOTIONAL não encontrado para BTCUSDT.
2025-01-18 01:39:10,299 - WARNING - \u26a0\ufe0f Não foi possível determinar o valor mínimo de compra para BTCUSDT.
2025-01-18 01:39:11,044 - INFO - \U0001f50d Informações da Binance para ETHUSDT: {'symbol': 'ETHUSDT', 'status': 'TRADING', 'baseAsset': 'ETH', 'baseAssetPrecision': 8, 'quoteAsset': 'USDT', 'quotePrecision': 8, 'quoteAssetPrecision': 8, 'baseCommissionPrecision': 8, 'quoteCommissionPrecision': 8, 'orderTypes': ['LIMIT', 'LIMIT_MAKER', 'MARKET', 'STOP_LOSS', 'STOP_LOSS_LIMIT', 'TAKE_PROFIT', 'TAKE_PROFIT_LIMIT'], 'icebergAllowed': True, 'ocoAllowed': True, 'otoAllowed': True, 'quoteOrderQtyMarketAllowed': True, 'allowTrailingStop': True, 'cancelReplaceAllowed': True, 'isSpotTradingAllowed': True, 'isMarginTradingAllowed': True, 'filters': [{'filterType': 'PRICE_FILTER', 'minPrice': '0.01000000', 'maxPrice': '1000000.00000000', 'tickSize': '0.01000000'}, {'filterType': 'LOT_SIZE', 'minQty': '0.00010000', 'maxQty': '9000.00000000', 'stepSize': '0.00010000'}, {'filterType': 'ICEBERG_PARTS', 'limit': 10}, {'filterType': 'MARKET_LOT_SIZE', 'minQty': '0.00000000', 'maxQty': '2418.75700375', 'stepSize': '0.00000000'}, {'filterType': 'TRAILING_DELTA', 'minTrailingAboveDelta': 10, 'maxTrailingAboveDelta': 2000, 'minTrailingBelowDelta': 10, 'maxTrailingBelowDelta': 2000}, {'filterType': 'PERCENT_PRICE_BY_SIDE', 'bidMultiplierUp': '5', 'bidMultiplierDown': '0.2', 'askMultiplierUp': '5', 'askMultiplierDown': '0.2', 'avgPriceMins': 5}, {'filterType': 'NOTIONAL', 'minNotional': '5.00000000', 'applyMinToMarket': True, 'maxNotional': '9000000.00000000', 'applyMaxToMarket': False, 'avgPriceMins': 5}, {'filterType': 'MAX_NUM_ORDERS', 'maxNumOrders': 200}, {'filterType': 'MAX_NUM_ALGO_ORDERS', 'maxNumAlgoOrders': 5}], 'permissions': [], 'permissionSets': [['SPOT', 'MARGIN', 'TRD_GRP_004', 'TRD_GRP_005', 'TRD_GRP_006', 'TRD_GRP_009', 'TRD_GRP_010', 'TRD_GRP_011', 'TRD_GRP_012', 'TRD_GRP_013', 'TRD_GRP_014', 'TRD_GRP_015', 'TRD_GRP_016', 'TRD_GRP_017', 'TRD_GRP_018', 'TRD_GRP_019', 'TRD_GRP_020', 'TRD_GRP_021', 'TRD_GRP_022', 'TRD_GRP_023', 'TRD_GRP_024', 'TRD_GRP_025', 'TRD_GRP_026', 'TRD_GRP_027', 'TRD_GRP_028', 'TRD_GRP_029', 'TRD_GRP_030', 'TRD_GRP_031', 'TRD_GRP_032', 'TRD_GRP_033', 'TRD_GRP_034', 'TRD_GRP_035', 'TRD_GRP_036', 'TRD_GRP_037', 'TRD_GRP_038', 'TRD_GRP_039', 'TRD_GRP_040', 'TRD_GRP_041', 'TRD_GRP_042', 'TRD_GRP_043', 'TRD_GRP_044', 'TRD_GRP_045', 'TRD_GRP_046', 'TRD_GRP_047', 'TRD_GRP_048', 'TRD_GRP_049', 'TRD_GRP_050', 'TRD_GRP_051', 'TRD_GRP_052', 'TRD_GRP_053', 'TRD_GRP_054', 'TRD_GRP_055', 'TRD_GRP_056', 'TRD_GRP_057', 'TRD_GRP_058', 'TRD_GRP_059', 'TRD_GRP_060', 'TRD_GRP_061', 'TRD_GRP_062', 'TRD_GRP_063', 'TRD_GRP_064', 'TRD_GRP_065', 'TRD_GRP_066', 'TRD_GRP_067', 'TRD_GRP_068', 'TRD_GRP_069', 'TRD_GRP_070', 'TRD_GRP_071', 'TRD_GRP_072', 'TRD_GRP_073', 'TRD_GRP_074', 'TRD_GRP_075', 'TRD_GRP_076', 'TRD_GRP_077', 'TRD_GRP_078', 'TRD_GRP_079', 'TRD_GRP_080', 'TRD_GRP_081', 'TRD_GRP_082', 'TRD_GRP_083', 'TRD_GRP_084', 'TRD_GRP_085', 'TRD_GRP_086', 'TRD_GRP_087', 'TRD_GRP_088', 'TRD_GRP_089', 'TRD_GRP_090', 'TRD_GRP_091', 'TRD_GRP_092', 'TRD_GRP_093', 'TRD_GRP_094', 'TRD_GRP_095', 'TRD_GRP_096', 'TRD_GRP_097', 'TRD_GRP_098', 'TRD_GRP_099', 'TRD_GRP_100', 'TRD_GRP_101', 'TRD_GRP_102', 'TRD_GRP_103', 'TRD_GRP_104', 'TRD_GRP_105', 'TRD_GRP_106', 'TRD_GRP_107', 'TRD_GRP_108', 'TRD_GRP_109', 'TRD_GRP_110', 'TRD_GRP_111', 'TRD_GRP_112', 'TRD_GRP_113', 'TRD_GRP_114', 'TRD_GRP_115', 'TRD_GRP_116', 'TRD_GRP_117', 'TRD_GRP_118', 'TRD_GRP_119', 'TRD_GRP_120', 'TRD_GRP_121', 'TRD_GRP_122', 'TRD_GRP_123', 'TRD_GRP_124', 'TRD_GRP_125', 'TRD_GRP_126', 'TRD_GRP_127', 'TRD_GRP_128', 'TRD_GRP_129', 'TRD_GRP_130', 'TRD_GRP_131', 'TRD_GRP_132', 'TRD_GRP_133', 'TRD_GRP_134', 'TRD_GRP_135', 'TRD_GRP_136', 'TRD_GRP_137', 'TRD_GRP_138', 'TRD_GRP_139', 'TRD_GRP_140', 'TRD_GRP_141', 'TRD_GRP_142', 'TRD_GRP_143', 'TRD_GRP_144', 'TRD_GRP_145', 'TRD_GRP_146', 'TRD_GRP_147', 'TRD_GRP_148', 'TRD_GRP_149', 'TRD_GRP_150', 'TRD_GRP_151', 'TRD_GRP_152', 'TRD_GRP_153', 'TRD_GRP_154', 'TRD_GRP_155', 'TRD_GRP_156', 'TRD_GRP_157', 'TRD_GRP_158', 'TRD_GRP_159', 'TRD_GRP_160', 'TRD_GRP_161', 'TRD_GRP_162', 'TRD_GRP_163', 'TRD_GRP_164', 'TRD_GRP_165', 'TRD_GRP_166', 'TRD_GRP_167', 'TRD_GRP_168', 'TRD_GRP_169', 'TRD_GRP_170', 'TRD_GRP_171', 'TRD_GRP_172', 'TRD_GRP_173', 'TRD_GRP_174', 'TRD_GRP_175', 'TRD_GRP_176', 'TRD_GRP_177', 'TRD_GRP_178', 'TRD_GRP_179', 'TRD_GRP_180', 'TRD_GRP_181', 'TRD_GRP_182', 'TRD_GRP_183', 'TRD_GRP_184', 'TRD_GRP_185', 'TRD_GRP_186', 'TRD_GRP_187', 'TRD_GRP_188', 'TRD_GRP_189', 'TRD_GRP_190', 'TRD_GRP_191', 'TRD_GRP_192', 'TRD_GRP_193', 'TRD_GRP_194', 'TRD_GRP_195', 'TRD_GRP_196', 'TRD_GRP_197', 'TRD_GRP_198', 'TRD_GRP_199', 'TRD_GRP_200', 'TRD_GRP_201', 'TRD_GRP_202', 'TRD_GRP_203', 'TRD_GRP_204', 'TRD_GRP_205', 'TRD_GRP_206', 'TRD_GRP_207', 'TRD_GRP_208', 'TRD_GRP_209', 'TRD_GRP_210', 'TRD_GRP_211', 'TRD_GRP_212', 'TRD_GRP_213', 'TRD_GRP_214', 'TRD_GRP_215', 'TRD_GRP_216', 'TRD_GRP_217', 'TRD_GRP_218', 'TRD_GRP_219', 'TRD_GRP_220', 'TRD_GRP_221', 'TRD_GRP_222', 'TRD_GRP_223', 'TRD_GRP_224', 'TRD_GRP_225', 'TRD_GRP_226', 'TRD_GRP_227', 'TRD_GRP_228', 'TRD_GRP_229', 'TRD_GRP_230', 'TRD_GRP_231', 'TRD_GRP_232', 'TRD_GRP_233', 'TRD_GRP_234', 'TRD_GRP_235']], 'defaultSelfTradePreventionMode': 'EXPIRE_MAKER', 'allowedSelfTradePreventionModes': ['EXPIRE_TAKER', 'EXPIRE_MAKER', 'EXPIRE_BOTH']}
2025-01-18 01:39:11,044 - WARNING - \u26a0\ufe0f Filtro MIN_NOTIONAL não encontrado para ETHUSDT.
2025-01-18 01:39:11,796 - WARNING - \u26a0\ufe0f Não foi possível determinar o valor mínimo de compra para ETHUSDT.
2025-01-18 01:39:43,130 - INFO - \U0001f50d Informações da Binance para BTCUSDT: {'symbol': 'BTCUSDT', 'status': 'TRADING', 'baseAsset': 'BTC', 'baseAssetPrecision': 8, 'quoteAsset': 'USDT', 'quotePrecision': 8, 'quoteAssetPrecision': 8, 'baseCommissionPrecision': 8, 'quoteCommissionPrecision': 8, 'orderTypes': ['LIMIT', 'LIMIT_MAKER', 'MARKET', 'STOP_LOSS', 'STOP_LOSS_LIMIT', 'TAKE_PROFIT', 'TAKE_PROFIT_LIMIT'], 'icebergAllowed': True, 'ocoAllowed': True, 'otoAllowed': True, 'quoteOrderQtyMarketAllowed': True, 'allowTrailingStop': True, 'cancelReplaceAllowed': True, 'isSpotTradingAllowed': True, 'isMarginTradingAllowed': True, 'filters': [{'filterType': 'PRICE_FILTER', 'minPrice': '0.01000000', 'maxPrice': '1000000.00000000', 'tickSize': '0.01000000'}, {'filterType': 'LOT_SIZE', 'minQty': '0.00001000', 'maxQty': '9000.00000000', 'stepSize': '0.00001000'}, {'filterType': 'ICEBERG_PARTS', 'limit': 10}, {'filterType': 'MARKET_LOT_SIZE', 'minQty': '0.00000000', 'maxQty': '89.67500095', 'stepSize': '0.00000000'}, {'filterType': 'TRAILING_DELTA', 'minTrailingAboveDelta': 10, 'maxTrailingAboveDelta': 2000, 'minTrailingBelowDelta': 10, 'maxTrailingBelowDelta': 2000}, {'filterType': 'PERCENT_PRICE_BY_SIDE', 'bidMultiplierUp': '5', 'bidMultiplierDown': '0.2', 'askMultiplierUp': '5', 'askMultiplierDown': '0.2', 'avgPriceMins': 5}, {'filterType': 'NOTIONAL', 'minNotional': '5.00000000', 'applyMinToMarket': True, 'maxNotional': '9000000.00000000', 'applyMaxToMarket': False, 'avgPriceMins': 5}, {'filterType': 'MAX_NUM_ORDERS', 'maxNumOrders': 200}, {'filterType': 'MAX_NUM_ALGO_ORDERS', 'maxNumAlgoOrders': 5}], 'permissions': [], 'permissionSets': [['SPOT', 'MARGIN', 'TRD_GRP_004', 'TRD_GRP_005', 'TRD_GRP_006', 'TRD_GRP_009', 'TRD_GRP_010', 'TRD_GRP_011', 'TRD_GRP_012', 'TRD_GRP_013', 'TRD_GRP_014', 'TRD_GRP_015', 'TRD_GRP_016', 'TRD_GRP_017', 'TRD_GRP_018', 'TRD_GRP_019', 'TRD_GRP_020', 'TRD_GRP_021', 'TRD_GRP_022', 'TRD_GRP_023', 'TRD_GRP_024', 'TRD_GRP_025', 'TRD_GRP_026', 'TRD_GRP_027', 'TRD_GRP_028', 'TRD_GRP_029', 'TRD_GRP_030', 'TRD_GRP_031', 'TRD_GRP_032', 'TRD_GRP_033', 'TRD_GRP_034', 'TRD_GRP_035', 'TRD_GRP_036', 'TRD_GRP_037', 'TRD_GRP_038', 'TRD_GRP_039', 'TRD_GRP_040', 'TRD_GRP_041', 'TRD_GRP_042', 'TRD_GRP_043', 'TRD_GRP_044', 'TRD_GRP_045', 'TRD_GRP_046', 'TRD_GRP_047', 'TRD_GRP_048', 'TRD_GRP_049', 'TRD_GRP_050', 'TRD_GRP_051', 'TRD_GRP_052', 'TRD_GRP_053', 'TRD_GRP_054', 'TRD_GRP_055', 'TRD_GRP_056', 'TRD_GRP_057', 'TRD_GRP_058', 'TRD_GRP_059', 'TRD_GRP_060', 'TRD_GRP_061', 'TRD_GRP_062', 'TRD_GRP_063', 'TRD_GRP_064', 'TRD_GRP_065', 'TRD_GRP_066', 'TRD_GRP_067', 'TRD_GRP_068', 'TRD_GRP_069', 'TRD_GRP_070', 'TRD_GRP_071', 'TRD_GRP_072', 'TRD_GRP_073', 'TRD_GRP_074', 'TRD_GRP_075', 'TRD_GRP_076', 'TRD_GRP_077', 'TRD_GRP_078', 'TRD_GRP_079', 'TRD_GRP_080', 'TRD_GRP_081', 'TRD_GRP_082', 'TRD_GRP_083', 'TRD_GRP_084', 'TRD_GRP_085', 'TRD_GRP_086', 'TRD_GRP_087', 'TRD_GRP_088', 'TRD_GRP_089', 'TRD_GRP_090', 'TRD_GRP_091', 'TRD_GRP_092', 'TRD_GRP_093', 'TRD_GRP_094', 'TRD_GRP_095', 'TRD_GRP_096', 'TRD_GRP_097', 'TRD_GRP_098', 'TRD_GRP_099', 'TRD_GRP_100', 'TRD_GRP_101', 'TRD_GRP_102', 'TRD_GRP_103', 'TRD_GRP_104', 'TRD_GRP_105', 'TRD_GRP_106', 'TRD_GRP_107', 'TRD_GRP_108', 'TRD_GRP_109', 'TRD_GRP_110', 'TRD_GRP_111', 'TRD_GRP_112', 'TRD_GRP_113', 'TRD_GRP_114', 'TRD_GRP_115', 'TRD_GRP_116', 'TRD_GRP_117', 'TRD_GRP_118', 'TRD_GRP_119', 'TRD_GRP_120', 'TRD_GRP_121', 'TRD_GRP_122', 'TRD_GRP_123', 'TRD_GRP_124', 'TRD_GRP_125', 'TRD_GRP_126', 'TRD_GRP_127', 'TRD_GRP_128', 'TRD_GRP_129', 'TRD_GRP_130', 'TRD_GRP_131', 'TRD_GRP_132', 'TRD_GRP_133', 'TRD_GRP_134', 'TRD_GRP_135', 'TRD_GRP_136', 'TRD_GRP_137', 'TRD_GRP_138', 'TRD_GRP_139', 'TRD_GRP_140', 'TRD_GRP_141', 'TRD_GRP_142', 'TRD_GRP_143', 'TRD_GRP_144', 'TRD_GRP_145', 'TRD_GRP_146', 'TRD_GRP_147', 'TRD_GRP_148', 'TRD_GRP_149', 'TRD_GRP_150', 'TRD_GRP_151', 'TRD_GRP_152', 'TRD_GRP_153', 'TRD_GRP_154', 'TRD_GRP_155', 'TRD_GRP_156', 'TRD_GRP_157', 'TRD_GRP_158', 'TRD_GRP_159', 'TRD_GRP_160', 'TRD_GRP_161', 'TRD_GRP_162', 'TRD_GRP_163', 'TRD_GRP_164', 'TRD_GRP_165', 'TRD_GRP_166', 'TRD_GRP_167', 'TRD_GRP_168', 'TRD_GRP_169', 'TRD_GRP_170', 'TRD_GRP_171', 'TRD_GRP_172', 'TRD_GRP_173', 'TRD_GRP_174', 'TRD_GRP_175', 'TRD_GRP_176', 'TRD_GRP_177', 'TRD_GRP_178', 'TRD_GRP_179', 'TRD_GRP_180', 'TRD_GRP_181', 'TRD_GRP_182', 'TRD_GRP_183', 'TRD_GRP_184', 'TRD_GRP_185', 'TRD_GRP_186', 'TRD_GRP_187', 'TRD_GRP_188', 'TRD_GRP_189', 'TRD_GRP_190', 'TRD_GRP_191', 'TRD_GRP_192', 'TRD_GRP_193', 'TRD_GRP_194', 'TRD_GRP_195', 'TRD_GRP_196', 'TRD_GRP_197', 'TRD_GRP_198', 'TRD_GRP_199', 'TRD_GRP_200', 'TRD_GRP_201', 'TRD_GRP_202', 'TRD_GRP_203', 'TRD_GRP_204', 'TRD_GRP_205', 'TRD_GRP_206', 'TRD_GRP_207', 'TRD_GRP_208', 'TRD_GRP_209', 'TRD_GRP_210', 'TRD_GRP_211', 'TRD_GRP_212', 'TRD_GRP_213', 'TRD_GRP_214', 'TRD_GRP_215', 'TRD_GRP_216', 'TRD_GRP_217', 'TRD_GRP_218', 'TRD_GRP_219', 'TRD_GRP_220', 'TRD_GRP_221', 'TRD_GRP_222', 'TRD_GRP_223', 'TRD_GRP_224', 'TRD_GRP_225', 'TRD_GRP_226', 'TRD_GRP_227', 'TRD_GRP_228', 'TRD_GRP_229', 'TRD_GRP_230', 'TRD_GRP_231', 'TRD_GRP_232', 'TRD_GRP_233', 'TRD_GRP_234', 'TRD_GRP_235']], 'defaultSelfTradePreventionMode': 'EXPIRE_MAKER', 'allowedSelfTradePreventionModes': ['EXPIRE_TAKER', 'EXPIRE_MAKER', 'EXPIRE_BOTH']}
2025-01-18 01:39:43,130 - WARNING - \u26a0\ufe0f Filtro MIN_NOTIONAL não encontrado para BTCUSDT.
2025-01-18 01:39:43,925 - WARNING - \u26a0\ufe0f Não foi possível determinar o valor mínimo de compra para BTCUSDT.
2025-01-18 01:39:44,755 - INFO - \U0001f50d Informações da Binance para ETHUSDT: {'symbol': 'ETHUSDT', 'status': 'TRADING', 'baseAsset': 'ETH', 'baseAssetPrecision': 8, 'quoteAsset': 'USDT', 'quotePrecision': 8, 'quoteAssetPrecision': 8, 'baseCommissionPrecision': 8, 'quoteCommissionPrecision': 8, 'orderTypes': ['LIMIT', 'LIMIT_MAKER', 'MARKET', 'STOP_LOSS', 'STOP_LOSS_LIMIT', 'TAKE_PROFIT', 'TAKE_PROFIT_LIMIT'], 'icebergAllowed': True, 'ocoAllowed': True, 'otoAllowed': True, 'quoteOrderQtyMarketAllowed': True, 'allowTrailingStop': True, 'cancelReplaceAllowed': True, 'isSpotTradingAllowed': True, 'isMarginTradingAllowed': True, 'filters': [{'filterType': 'PRICE_FILTER', 'minPrice': '0.01000000', 'maxPrice': '1000000.00000000', 'tickSize': '0.01000000'}, {'filterType': 'LOT_SIZE', 'minQty': '0.00010000', 'maxQty': '9000.00000000', 'stepSize': '0.00010000'}, {'filterType': 'ICEBERG_PARTS', 'limit': 10}, {'filterType': 'MARKET_LOT_SIZE', 'minQty': '0.00000000', 'maxQty': '2418.75700375', 'stepSize': '0.00000000'}, {'filterType': 'TRAILING_DELTA', 'minTrailingAboveDelta': 10, 'maxTrailingAboveDelta': 2000, 'minTrailingBelowDelta': 10, 'maxTrailingBelowDelta': 2000}, {'filterType': 'PERCENT_PRICE_BY_SIDE', 'bidMultiplierUp': '5', 'bidMultiplierDown': '0.2', 'askMultiplierUp': '5', 'askMultiplierDown': '0.2', 'avgPriceMins': 5}, {'filterType': 'NOTIONAL', 'minNotional': '5.00000000', 'applyMinToMarket': True, 'maxNotional': '9000000.00000000', 'applyMaxToMarket': False, 'avgPriceMins': 5}, {'filterType': 'MAX_NUM_ORDERS', 'maxNumOrders': 200}, {'filterType': 'MAX_NUM_ALGO_ORDERS', 'maxNumAlgoOrders': 5}], 'permissions': [], 'permissionSets': [['SPOT', 'MARGIN', 'TRD_GRP_004', 'TRD_GRP_005', 'TRD_GRP_006', 'TRD_GRP_009', 'TRD_GRP_010', 'TRD_GRP_011', 'TRD_GRP_012', 'TRD_GRP_013', 'TRD_GRP_014', 'TRD_GRP_015', 'TRD_GRP_016', 'TRD_GRP_017', 'TRD_GRP_018', 'TRD_GRP_019', 'TRD_GRP_020', 'TRD_GRP_021', 'TRD_GRP_022', 'TRD_GRP_023', 'TRD_GRP_024', 'TRD_GRP_025', 'TRD_GRP_026', 'TRD_GRP_027', 'TRD_GRP_028', 'TRD_GRP_029', 'TRD_GRP_030', 'TRD_GRP_031', 'TRD_GRP_032', 'TRD_GRP_033', 'TRD_GRP_034', 'TRD_GRP_035', 'TRD_GRP_036', 'TRD_GRP_037', 'TRD_GRP_038', 'TRD_GRP_039', 'TRD_GRP_040', 'TRD_GRP_041', 'TRD_GRP_042', 'TRD_GRP_043', 'TRD_GRP_044', 'TRD_GRP_045', 'TRD_GRP_046', 'TRD_GRP_047', 'TRD_GRP_048', 'TRD_GRP_049', 'TRD_GRP_050', 'TRD_GRP_051', 'TRD_GRP_052', 'TRD_GRP_053', 'TRD_GRP_054', 'TRD_GRP_055', 'TRD_GRP_056', 'TRD_GRP_057', 'TRD_GRP_058', 'TRD_GRP_059', 'TRD_GRP_060', 'TRD_GRP_061', 'TRD_GRP_062', 'TRD_GRP_063', 'TRD_GRP_064', 'TRD_GRP_065', 'TRD_GRP_066', 'TRD_GRP_067', 'TRD_GRP_068', 'TRD_GRP_069', 'TRD_GRP_070', 'TRD_GRP_071', 'TRD_GRP_072', 'TRD_GRP_073', 'TRD_GRP_074', 'TRD_GRP_075', 'TRD_GRP_076', 'TRD_GRP_077', 'TRD_GRP_078', 'TRD_GRP_079', 'TRD_GRP_080', 'TRD_GRP_081', 'TRD_GRP_082', 'TRD_GRP_083', 'TRD_GRP_084', 'TRD_GRP_085', 'TRD_GRP_086', 'TRD_GRP_087', 'TRD_GRP_088', 'TRD_GRP_089', 'TRD_GRP_090', 'TRD_GRP_091', 'TRD_GRP_092', 'TRD_GRP_093', 'TRD_GRP_094', 'TRD_GRP_095', 'TRD_GRP_096', 'TRD_GRP_097', 'TRD_GRP_098', 'TRD_GRP_099', 'TRD_GRP_100', 'TRD_GRP_101', 'TRD_GRP_102', 'TRD_GRP_103', 'TRD_GRP_104', 'TRD_GRP_105', 'TRD_GRP_106', 'TRD_GRP_107', 'TRD_GRP_108', 'TRD_GRP_109', 'TRD_GRP_110', 'TRD_GRP_111', 'TRD_GRP_112', 'TRD_GRP_113', 'TRD_GRP_114', 'TRD_GRP_115', 'TRD_GRP_116', 'TRD_GRP_117', 'TRD_GRP_118', 'TRD_GRP_119', 'TRD_GRP_120', 'TRD_GRP_121', 'TRD_GRP_122', 'TRD_GRP_123', 'TRD_GRP_124', 'TRD_GRP_125', 'TRD_GRP_126', 'TRD_GRP_127', 'TRD_GRP_128', 'TRD_GRP_129', 'TRD_GRP_130', 'TRD_GRP_131', 'TRD_GRP_132', 'TRD_GRP_133', 'TRD_GRP_134', 'TRD_GRP_135', 'TRD_GRP_136', 'TRD_GRP_137', 'TRD_GRP_138', 'TRD_GRP_139', 'TRD_GRP_140', 'TRD_GRP_141', 'TRD_GRP_142', 'TRD_GRP_143', 'TRD_GRP_144', 'TRD_GRP_145', 'TRD_GRP_146', 'TRD_GRP_147', 'TRD_GRP_148', 'TRD_GRP_149', 'TRD_GRP_150', 'TRD_GRP_151', 'TRD_GRP_152', 'TRD_GRP_153', 'TRD_GRP_154', 'TRD_GRP_155', 'TRD_GRP_156', 'TRD_GRP_157', 'TRD_GRP_158', 'TRD_GRP_159', 'TRD_GRP_160', 'TRD_GRP_161', 'TRD_GRP_162', 'TRD_GRP_163', 'TRD_GRP_164', 'TRD_GRP_165', 'TRD_GRP_166', 'TRD_GRP_167', 'TRD_GRP_168', 'TRD_GRP_169', 'TRD_GRP_170', 'TRD_GRP_171', 'TRD_GRP_172', 'TRD_GRP_173', 'TRD_GRP_174', 'TRD_GRP_175', 'TRD_GRP_176', 'TRD_GRP_177', 'TRD_GRP_178', 'TRD_GRP_179', 'TRD_GRP_180', 'TRD_GRP_181', 'TRD_GRP_182', 'TRD_GRP_183', 'TRD_GRP_184', 'TRD_GRP_185', 'TRD_GRP_186', 'TRD_GRP_187', 'TRD_GRP_188', 'TRD_GRP_189', 'TRD_GRP_190', 'TRD_GRP_191', 'TRD_GRP_192', 'TRD_GRP_193', 'TRD_GRP_194', 'TRD_GRP_195', 'TRD_GRP_196', 'TRD_GRP_197', 'TRD_GRP_198', 'TRD_GRP_199', 'TRD_GRP_200', 'TRD_GRP_201', 'TRD_GRP_202', 'TRD_GRP_203', 'TRD_GRP_204', 'TRD_GRP_205', 'TRD_GRP_206', 'TRD_GRP_207', 'TRD_GRP_208', 'TRD_GRP_209', 'TRD_GRP_210', 'TRD_GRP_211', 'TRD_GRP_212', 'TRD_GRP_213', 'TRD_GRP_214', 'TRD_GRP_215', 'TRD_GRP_216', 'TRD_GRP_217', 'TRD_GRP_218', 'TRD_GRP_219', 'TRD_GRP_220', 'TRD_GRP_221', 'TRD_GRP_222', 'TRD_GRP_223', 'TRD_GRP_224', 'TRD_GRP_225', 'TRD_GRP_226', 'TRD_GRP_227', 'TRD_GRP_228', 'TRD_GRP_229', 'TRD_GRP_230', 'TRD_GRP_231', 'TRD_GRP_232', 'TRD_GRP_233', 'TRD_GRP_234', 'TRD_GRP_235']], 'defaultSelfTradePreventionMode': 'EXPIRE_MAKER', 'allowedSelfTradePreventionModes': ['EXPIRE_TAKER', 'EXPIRE_MAKER', 'EXPIRE_BOTH']}
2025-01-18 01:39:44,755 - WARNING - \u26a0\ufe0f Filtro MIN_NOTIONAL não encontrado para ETHUSDT.
2025-01-18 01:39:45,551 - WARNING - \u26a0\ufe0f Não foi possível determinar o valor mínimo de compra para ETHUSDT.
2025-01-18 01:40:17,459 - INFO - \U0001f50d Informações da Binance para BTCUSDT: {'symbol': 'BTCUSDT', 'status': 'TRADING', 'baseAsset': 'BTC', 'baseAssetPrecision': 8, 'quoteAsset': 'USDT', 'quotePrecision': 8, 'quoteAssetPrecision': 8, 'baseCommissionPrecision': 8, 'quoteCommissionPrecision': 8, 'orderTypes': ['LIMIT', 'LIMIT_MAKER', 'MARKET', 'STOP_LOSS', 'STOP_LOSS_LIMIT', 'TAKE_PROFIT', 'TAKE_PROFIT_LIMIT'], 'icebergAllowed': True, 'ocoAllowed': True, 'otoAllowed': True, 'quoteOrderQtyMarketAllowed': True, 'allowTrailingStop': True, 'cancelReplaceAllowed': True, 'isSpotTradingAllowed': True, 'isMarginTradingAllowed': True, 'filters': [{'filterType': 'PRICE_FILTER', 'minPrice': '0.01000000', 'maxPrice': '1000000.00000000', 'tickSize': '0.01000000'}, {'filterType': 'LOT_SIZE', 'minQty': '0.00001000', 'maxQty': '9000.00000000', 'stepSize': '0.00001000'}, {'filterType': 'ICEBERG_PARTS', 'limit': 10}, {'filterType': 'MARKET_LOT_SIZE', 'minQty': '0.00000000', 'maxQty': '89.67500095', 'stepSize': '0.00000000'}, {'filterType': 'TRAILING_DELTA', 'minTrailingAboveDelta': 10, 'maxTrailingAboveDelta': 2000, 'minTrailingBelowDelta': 10, 'maxTrailingBelowDelta': 2000}, {'filterType': 'PERCENT_PRICE_BY_SIDE', 'bidMultiplierUp': '5', 'bidMultiplierDown': '0.2', 'askMultiplierUp': '5', 'askMultiplierDown': '0.2', 'avgPriceMins': 5}, {'filterType': 'NOTIONAL', 'minNotional': '5.00000000', 'applyMinToMarket': True, 'maxNotional': '9000000.00000000', 'applyMaxToMarket': False, 'avgPriceMins': 5}, {'filterType': 'MAX_NUM_ORDERS', 'maxNumOrders': 200}, {'filterType': 'MAX_NUM_ALGO_ORDERS', 'maxNumAlgoOrders': 5}], 'permissions': [], 'permissionSets': [['SPOT', 'MARGIN', 'TRD_GRP_004', 'TRD_GRP_005', 'TRD_GRP_006', 'TRD_GRP_009', 'TRD_GRP_010', 'TRD_GRP_011', 'TRD_GRP_012', 'TRD_GRP_013', 'TRD_GRP_014', 'TRD_GRP_015', 'TRD_GRP_016', 'TRD_GRP_017', 'TRD_GRP_018', 'TRD_GRP_019', 'TRD_GRP_020', 'TRD_GRP_021', 'TRD_GRP_022', 'TRD_GRP_023', 'TRD_GRP_024', 'TRD_GRP_025', 'TRD_GRP_026', 'TRD_GRP_027', 'TRD_GRP_028', 'TRD_GRP_029', 'TRD_GRP_030', 'TRD_GRP_031', 'TRD_GRP_032', 'TRD_GRP_033', 'TRD_GRP_034', 'TRD_GRP_035', 'TRD_GRP_036', 'TRD_GRP_037', 'TRD_GRP_038', 'TRD_GRP_039', 'TRD_GRP_040', 'TRD_GRP_041', 'TRD_GRP_042', 'TRD_GRP_043', 'TRD_GRP_044', 'TRD_GRP_045', 'TRD_GRP_046', 'TRD_GRP_047', 'TRD_GRP_048', 'TRD_GRP_049', 'TRD_GRP_050', 'TRD_GRP_051', 'TRD_GRP_052', 'TRD_GRP_053', 'TRD_GRP_054', 'TRD_GRP_055', 'TRD_GRP_056', 'TRD_GRP_057', 'TRD_GRP_058', 'TRD_GRP_059', 'TRD_GRP_060', 'TRD_GRP_061', 'TRD_GRP_062', 'TRD_GRP_063', 'TRD_GRP_064', 'TRD_GRP_065', 'TRD_GRP_066', 'TRD_GRP_067', 'TRD_GRP_068', 'TRD_GRP_069', 'TRD_GRP_070', 'TRD_GRP_071', 'TRD_GRP_072', 'TRD_GRP_073', 'TRD_GRP_074', 'TRD_GRP_075', 'TRD_GRP_076', 'TRD_GRP_077', 'TRD_GRP_078', 'TRD_GRP_079', 'TRD_GRP_080', 'TRD_GRP_081', 'TRD_GRP_082', 'TRD_GRP_083', 'TRD_GRP_084', 'TRD_GRP_085', 'TRD_GRP_086', 'TRD_GRP_087', 'TRD_GRP_088', 'TRD_GRP_089', 'TRD_GRP_090', 'TRD_GRP_091', 'TRD_GRP_092', 'TRD_GRP_093', 'TRD_GRP_094', 'TRD_GRP_095', 'TRD_GRP_096', 'TRD_GRP_097', 'TRD_GRP_098', 'TRD_GRP_099', 'TRD_GRP_100', 'TRD_GRP_101', 'TRD_GRP_102', 'TRD_GRP_103', 'TRD_GRP_104', 'TRD_GRP_105', 'TRD_GRP_106', 'TRD_GRP_107', 'TRD_GRP_108', 'TRD_GRP_109', 'TRD_GRP_110', 'TRD_GRP_111', 'TRD_GRP_112', 'TRD_GRP_113', 'TRD_GRP_114', 'TRD_GRP_115', 'TRD_GRP_116', 'TRD_GRP_117', 'TRD_GRP_118', 'TRD_GRP_119', 'TRD_GRP_120', 'TRD_GRP_121', 'TRD_GRP_122', 'TRD_GRP_123', 'TRD_GRP_124', 'TRD_GRP_125', 'TRD_GRP_126', 'TRD_GRP_127', 'TRD_GRP_128', 'TRD_GRP_129', 'TRD_GRP_130', 'TRD_GRP_131', 'TRD_GRP_132', 'TRD_GRP_133', 'TRD_GRP_134', 'TRD_GRP_135', 'TRD_GRP_136', 'TRD_GRP_137', 'TRD_GRP_138', 'TRD_GRP_139', 'TRD_GRP_140', 'TRD_GRP_141', 'TRD_GRP_142', 'TRD_GRP_143', 'TRD_GRP_144', 'TRD_GRP_145', 'TRD_GRP_146', 'TRD_GRP_147', 'TRD_GRP_148', 'TRD_GRP_149', 'TRD_GRP_150', 'TRD_GRP_151', 'TRD_GRP_152', 'TRD_GRP_153', 'TRD_GRP_154', 'TRD_GRP_155', 'TRD_GRP_156', 'TRD_GRP_157', 'TRD_GRP_158', 'TRD_GRP_159', 'TRD_GRP_160', 'TRD_GRP_161', 'TRD_GRP_162', 'TRD_GRP_163', 'TRD_GRP_164', 'TRD_GRP_165', 'TRD_GRP_166', 'TRD_GRP_167', 'TRD_GRP_168', 'TRD_GRP_169', 'TRD_GRP_170', 'TRD_GRP_171', 'TRD_GRP_172', 'TRD_GRP_173', 'TRD_GRP_174', 'TRD_GRP_175', 'TRD_GRP_176', 'TRD_GRP_177', 'TRD_GRP_178', 'TRD_GRP_179', 'TRD_GRP_180', 'TRD_GRP_181', 'TRD_GRP_182', 'TRD_GRP_183', 'TRD_GRP_184', 'TRD_GRP_185', 'TRD_GRP_186', 'TRD_GRP_187', 'TRD_GRP_188', 'TRD_GRP_189', 'TRD_GRP_190', 'TRD_GRP_191', 'TRD_GRP_192', 'TRD_GRP_193', 'TRD_GRP_194', 'TRD_GRP_195', 'TRD_GRP_196', 'TRD_GRP_197', 'TRD_GRP_198', 'TRD_GRP_199', 'TRD_GRP_200', 'TRD_GRP_201', 'TRD_GRP_202', 'TRD_GRP_203', 'TRD_GRP_204', 'TRD_GRP_205', 'TRD_GRP_206', 'TRD_GRP_207', 'TRD_GRP_208', 'TRD_GRP_209', 'TRD_GRP_210', 'TRD_GRP_211', 'TRD_GRP_212', 'TRD_GRP_213', 'TRD_GRP_214', 'TRD_GRP_215', 'TRD_GRP_216', 'TRD_GRP_217', 'TRD_GRP_218', 'TRD_GRP_219', 'TRD_GRP_220', 'TRD_GRP_221', 'TRD_GRP_222', 'TRD_GRP_223', 'TRD_GRP_224', 'TRD_GRP_225', 'TRD_GRP_226', 'TRD_GRP_227', 'TRD_GRP_228', 'TRD_GRP_229', 'TRD_GRP_230', 'TRD_GRP_231', 'TRD_GRP_232', 'TRD_GRP_233', 'TRD_GRP_234', 'TRD_GRP_235']], 'defaultSelfTradePreventionMode': 'EXPIRE_MAKER', 'allowedSelfTradePreventionModes': ['EXPIRE_TAKER', 'EXPIRE_MAKER', 'EXPIRE_BOTH']}
2025-01-18 01:40:17,459 - WARNING - \u26a0\ufe0f Filtro MIN_NOTIONAL não encontrado para BTCUSDT.
2025-01-18 01:40:18,247 - WARNING - \u26a0\ufe0f Não foi possível determinar o valor mínimo de compra para BTCUSDT.
2025-01-18 01:40:19,027 - INFO - \U0001f50d Informações da Binance para ETHUSDT: {'symbol': 'ETHUSDT', 'status': 'TRADING', 'baseAsset': 'ETH', 'baseAssetPrecision': 8, 'quoteAsset': 'USDT', 'quotePrecision': 8, 'quoteAssetPrecision': 8, 'baseCommissionPrecision': 8, 'quoteCommissionPrecision': 8, 'orderTypes': ['LIMIT', 'LIMIT_MAKER', 'MARKET', 'STOP_LOSS', 'STOP_LOSS_LIMIT', 'TAKE_PROFIT', 'TAKE_PROFIT_LIMIT'], 'icebergAllowed': True, 'ocoAllowed': True, 'otoAllowed': True, 'quoteOrderQtyMarketAllowed': True, 'allowTrailingStop': True, 'cancelReplaceAllowed': True, 'isSpotTradingAllowed': True, 'isMarginTradingAllowed': True, 'filters': [{'filterType': 'PRICE_FILTER', 'minPrice': '0.01000000', 'maxPrice': '1000000.00000000', 'tickSize': '0.01000000'}, {'filterType': 'LOT_SIZE', 'minQty': '0.00010000', 'maxQty': '9000.00000000', 'stepSize': '0.00010000'}, {'filterType': 'ICEBERG_PARTS', 'limit': 10}, {'filterType': 'MARKET_LOT_SIZE', 'minQty': '0.00000000', 'maxQty': '2418.75700375', 'stepSize': '0.00000000'}, {'filterType': 'TRAILING_DELTA', 'minTrailingAboveDelta': 10, 'maxTrailingAboveDelta': 2000, 'minTrailingBelowDelta': 10, 'maxTrailingBelowDelta': 2000}, {'filterType': 'PERCENT_PRICE_BY_SIDE', 'bidMultiplierUp': '5', 'bidMultiplierDown': '0.2', 'askMultiplierUp': '5', 'askMultiplierDown': '0.2', 'avgPriceMins': 5}, {'filterType': 'NOTIONAL', 'minNotional': '5.00000000', 'applyMinToMarket': True, 'maxNotional': '9000000.00000000', 'applyMaxToMarket': False, 'avgPriceMins': 5}, {'filterType': 'MAX_NUM_ORDERS', 'maxNumOrders': 200}, {'filterType': 'MAX_NUM_ALGO_ORDERS', 'maxNumAlgoOrders': 5}], 'permissions': [], 'permissionSets': [['SPOT', 'MARGIN', 'TRD_GRP_004', 'TRD_GRP_005', 'TRD_GRP_006', 'TRD_GRP_009', 'TRD_GRP_010', 'TRD_GRP_011', 'TRD_GRP_012', 'TRD_GRP_013', 'TRD_GRP_014', 'TRD_GRP_015', 'TRD_GRP_016', 'TRD_GRP_017', 'TRD_GRP_018', 'TRD_GRP_019', 'TRD_GRP_020', 'TRD_GRP_021', 'TRD_GRP_022', 'TRD_GRP_023', 'TRD_GRP_024', 'TRD_GRP_025', 'TRD_GRP_026', 'TRD_GRP_027', 'TRD_GRP_028', 'TRD_GRP_029', 'TRD_GRP_030', 'TRD_GRP_031', 'TRD_GRP_032', 'TRD_GRP_033', 'TRD_GRP_034', 'TRD_GRP_035', 'TRD_GRP_036', 'TRD_GRP_037', 'TRD_GRP_038', 'TRD_GRP_039', 'TRD_GRP_040', 'TRD_GRP_041', 'TRD_GRP_042', 'TRD_GRP_043', 'TRD_GRP_044', 'TRD_GRP_045', 'TRD_GRP_046', 'TRD_GRP_047', 'TRD_GRP_048', 'TRD_GRP_049', 'TRD_GRP_050', 'TRD_GRP_051', 'TRD_GRP_052', 'TRD_GRP_053', 'TRD_GRP_054', 'TRD_GRP_055', 'TRD_GRP_056', 'TRD_GRP_057', 'TRD_GRP_058', 'TRD_GRP_059', 'TRD_GRP_060', 'TRD_GRP_061', 'TRD_GRP_062', 'TRD_GRP_063', 'TRD_GRP_064', 'TRD_GRP_065', 'TRD_GRP_066', 'TRD_GRP_067', 'TRD_GRP_068', 'TRD_GRP_069', 'TRD_GRP_070', 'TRD_GRP_071', 'TRD_GRP_072', 'TRD_GRP_073', 'TRD_GRP_074', 'TRD_GRP_075', 'TRD_GRP_076', 'TRD_GRP_077', 'TRD_GRP_078', 'TRD_GRP_079', 'TRD_GRP_080', 'TRD_GRP_081', 'TRD_GRP_082', 'TRD_GRP_083', 'TRD_GRP_084', 'TRD_GRP_085', 'TRD_GRP_086', 'TRD_GRP_087', 'TRD_GRP_088', 'TRD_GRP_089', 'TRD_GRP_090', 'TRD_GRP_091', 'TRD_GRP_092', 'TRD_GRP_093', 'TRD_GRP_094', 'TRD_GRP_095', 'TRD_GRP_096', 'TRD_GRP_097', 'TRD_GRP_098', 'TRD_GRP_099', 'TRD_GRP_100', 'TRD_GRP_101', 'TRD_GRP_102', 'TRD_GRP_103', 'TRD_GRP_104', 'TRD_GRP_105', 'TRD_GRP_106', 'TRD_GRP_107', 'TRD_GRP_108', 'TRD_GRP_109', 'TRD_GRP_110', 'TRD_GRP_111', 'TRD_GRP_112', 'TRD_GRP_113', 'TRD_GRP_114', 'TRD_GRP_115', 'TRD_GRP_116', 'TRD_GRP_117', 'TRD_GRP_118', 'TRD_GRP_119', 'TRD_GRP_120', 'TRD_GRP_121', 'TRD_GRP_122', 'TRD_GRP_123', 'TRD_GRP_124', 'TRD_GRP_125', 'TRD_GRP_126', 'TRD_GRP_127', 'TRD_GRP_128', 'TRD_GRP_129', 'TRD_GRP_130', 'TRD_GRP_131', 'TRD_GRP_132', 'TRD_GRP_133', 'TRD_GRP_134', 'TRD_GRP_135', 'TRD_GRP_136', 'TRD_GRP_137', 'TRD_GRP_138', 'TRD_GRP_139', 'TRD_GRP_140', 'TRD_GRP_141', 'TRD_GRP_142', 'TRD_GRP_143', 'TRD_GRP_144', 'TRD_GRP_145', 'TRD_GRP_146', 'TRD_GRP_147', 'TRD_GRP_148', 'TRD_GRP_149', 'TRD_GRP_150', 'TRD_GRP_151', 'TRD_GRP_152', 'TRD_GRP_153', 'TRD_GRP_154', 'TRD_GRP_155', 'TRD_GRP_156', 'TRD_GRP_157', 'TRD_GRP_158', 'TRD_GRP_159', 'TRD_GRP_160', 'TRD_GRP_161', 'TRD_GRP_162', 'TRD_GRP_163', 'TRD_GRP_164', 'TRD_GRP_165', 'TRD_GRP_166', 'TRD_GRP_167', 'TRD_GRP_168', 'TRD_GRP_169', 'TRD_GRP_170', 'TRD_GRP_171', 'TRD_GRP_172', 'TRD_GRP_173', 'TRD_GRP_174', 'TRD_GRP_175', 'TRD_GRP_176', 'TRD_GRP_177', 'TRD_GRP_178', 'TRD_GRP_179', 'TRD_GRP_180', 'TRD_GRP_181', 'TRD_GRP_182', 'TRD_GRP_183', 'TRD_GRP_184', 'TRD_GRP_185', 'TRD_GRP_186', 'TRD_GRP_187', 'TRD_GRP_188', 'TRD_GRP_189', 'TRD_GRP_190', 'TRD_GRP_191', 'TRD_GRP_192', 'TRD_GRP_193', 'TRD_GRP_194', 'TRD_GRP_195', 'TRD_GRP_196', 'TRD_GRP_197', 'TRD_GRP_198', 'TRD_GRP_199', 'TRD_GRP_200', 'TRD_GRP_201', 'TRD_GRP_202', 'TRD_GRP_203', 'TRD_GRP_204', 'TRD_GRP_205', 'TRD_GRP_206', 'TRD_GRP_207', 'TRD_GRP_208', 'TRD_GRP_209', 'TRD_GRP_210', 'TRD_GRP_211', 'TRD_GRP_212', 'TRD_GRP_213', 'TRD_GRP_214', 'TRD_GRP_215', 'TRD_GRP_216', 'TRD_GRP_217', 'TRD_GRP_218', 'TRD_GRP_219', 'TRD_GRP_220', 'TRD_GRP_221', 'TRD_GRP_222', 'TRD_GRP_223', 'TRD_GRP_224', 'TRD_GRP_225', 'TRD_GRP_226', 'TRD_GRP_227', 'TRD_GRP_228', 'TRD_GRP_229', 'TRD_GRP_230', 'TRD_GRP_231', 'TRD_GRP_232', 'TRD_GRP_233', 'TRD_GRP_234', 'TRD_GRP_235']], 'defaultSelfTradePreventionMode': 'EXPIRE_MAKER', 'allowedSelfTradePreventionModes': ['EXPIRE_TAKER', 'EXPIRE_MAKER', 'EXPIRE_BOTH']}
2025-01-18 01:40:19,028 - WARNING - \u26a0\ufe0f Filtro MIN_NOTIONAL não encontrado para ETHUSDT.
2025-01-18 01:40:19,789 - WARNING - \u26a0\ufe0f Não foi possível determinar o valor mínimo de compra para ETHUSDT.
2025-01-18 01:40:51,968 - INFO - \U0001f50d Informações da Binance para BTCUSDT: {'symbol': 'BTCUSDT', 'status': 'TRADING', 'baseAsset': 'BTC', 'baseAssetPrecision': 8, 'quoteAsset': 'USDT', 'quotePrecision': 8, 'quoteAssetPrecision': 8, 'baseCommissionPrecision': 8, 'quoteCommissionPrecision': 8, 'orderTypes': ['LIMIT', 'LIMIT_MAKER', 'MARKET', 'STOP_LOSS', 'STOP_LOSS_LIMIT', 'TAKE_PROFIT', 'TAKE_PROFIT_LIMIT'], 'icebergAllowed': True, 'ocoAllowed': True, 'otoAllowed': True, 'quoteOrderQtyMarketAllowed': True, 'allowTrailingStop': True, 'cancelReplaceAllowed': True, 'isSpotTradingAllowed': True, 'isMarginTradingAllowed': True, 'filters': [{'filterType': 'PRICE_FILTER', 'minPrice': '0.01000000', 'maxPrice': '1000000.00000000', 'tickSize': '0.01000000'}, {'filterType': 'LOT_SIZE', 'minQty': '0.00001000', 'maxQty': '9000.00000000', 'stepSize': '0.00001000'}, {'filterType': 'ICEBERG_PARTS', 'limit': 10}, {'filterType': 'MARKET_LOT_SIZE', 'minQty': '0.00000000', 'maxQty': '89.67500095', 'stepSize': '0.00000000'}, {'filterType': 'TRAILING_DELTA', 'minTrailingAboveDelta': 10, 'maxTrailingAboveDelta': 2000, 'minTrailingBelowDelta': 10, 'maxTrailingBelowDelta': 2000}, {'filterType': 'PERCENT_PRICE_BY_SIDE', 'bidMultiplierUp': '5', 'bidMultiplierDown': '0.2', 'askMultiplierUp': '5', 'askMultiplierDown': '0.2', 'avgPriceMins': 5}, {'filterType': 'NOTIONAL', 'minNotional': '5.00000000', 'applyMinToMarket': True, 'maxNotional': '9000000.00000000', 'applyMaxToMarket': False, 'avgPriceMins': 5}, {'filterType': 'MAX_NUM_ORDERS', 'maxNumOrders': 200}, {'filterType': 'MAX_NUM_ALGO_ORDERS', 'maxNumAlgoOrders': 5}], 'permissions': [], 'permissionSets': [['SPOT', 'MARGIN', 'TRD_GRP_004', 'TRD_GRP_005', 'TRD_GRP_006', 'TRD_GRP_009', 'TRD_GRP_010', 'TRD_GRP_011', 'TRD_GRP_012', 'TRD_GRP_013', 'TRD_GRP_014', 'TRD_GRP_015', 'TRD_GRP_016', 'TRD_GRP_017', 'TRD_GRP_018', 'TRD_GRP_019', 'TRD_GRP_020', 'TRD_GRP_021', 'TRD_GRP_022', 'TRD_GRP_023', 'TRD_GRP_024', 'TRD_GRP_025', 'TRD_GRP_026', 'TRD_GRP_027', 'TRD_GRP_028', 'TRD_GRP_029', 'TRD_GRP_030', 'TRD_GRP_031', 'TRD_GRP_032', 'TRD_GRP_033', 'TRD_GRP_034', 'TRD_GRP_035', 'TRD_GRP_036', 'TRD_GRP_037', 'TRD_GRP_038', 'TRD_GRP_039', 'TRD_GRP_040', 'TRD_GRP_041', 'TRD_GRP_042', 'TRD_GRP_043', 'TRD_GRP_044', 'TRD_GRP_045', 'TRD_GRP_046', 'TRD_GRP_047', 'TRD_GRP_048', 'TRD_GRP_049', 'TRD_GRP_050', 'TRD_GRP_051', 'TRD_GRP_052', 'TRD_GRP_053', 'TRD_GRP_054', 'TRD_GRP_055', 'TRD_GRP_056', 'TRD_GRP_057', 'TRD_GRP_058', 'TRD_GRP_059', 'TRD_GRP_060', 'TRD_GRP_061', 'TRD_GRP_062', 'TRD_GRP_063', 'TRD_GRP_064', 'TRD_GRP_065', 'TRD_GRP_066', 'TRD_GRP_067', 'TRD_GRP_068', 'TRD_GRP_069', 'TRD_GRP_070', 'TRD_GRP_071', 'TRD_GRP_072', 'TRD_GRP_073', 'TRD_GRP_074', 'TRD_GRP_075', 'TRD_GRP_076', 'TRD_GRP_077', 'TRD_GRP_078', 'TRD_GRP_079', 'TRD_GRP_080', 'TRD_GRP_081', 'TRD_GRP_082', 'TRD_GRP_083', 'TRD_GRP_084', 'TRD_GRP_085', 'TRD_GRP_086', 'TRD_GRP_087', 'TRD_GRP_088', 'TRD_GRP_089', 'TRD_GRP_090', 'TRD_GRP_091', 'TRD_GRP_092', 'TRD_GRP_093', 'TRD_GRP_094', 'TRD_GRP_095', 'TRD_GRP_096', 'TRD_GRP_097', 'TRD_GRP_098', 'TRD_GRP_099', 'TRD_GRP_100', 'TRD_GRP_101', 'TRD_GRP_102', 'TRD_GRP_103', 'TRD_GRP_104', 'TRD_GRP_105', 'TRD_GRP_106', 'TRD_GRP_107', 'TRD_GRP_108', 'TRD_GRP_109', 'TRD_GRP_110', 'TRD_GRP_111', 'TRD_GRP_112', 'TRD_GRP_113', 'TRD_GRP_114', 'TRD_GRP_115', 'TRD_GRP_116', 'TRD_GRP_117', 'TRD_GRP_118', 'TRD_GRP_119', 'TRD_GRP_120', 'TRD_GRP_121', 'TRD_GRP_122', 'TRD_GRP_123', 'TRD_GRP_124', 'TRD_GRP_125', 'TRD_GRP_126', 'TRD_GRP_127', 'TRD_GRP_128', 'TRD_GRP_129', 'TRD_GRP_130', 'TRD_GRP_131', 'TRD_GRP_132', 'TRD_GRP_133', 'TRD_GRP_134', 'TRD_GRP_135', 'TRD_GRP_136', 'TRD_GRP_137', 'TRD_GRP_138', 'TRD_GRP_139', 'TRD_GRP_140', 'TRD_GRP_141', 'TRD_GRP_142', 'TRD_GRP_143', 'TRD_GRP_144', 'TRD_GRP_145', 'TRD_GRP_146', 'TRD_GRP_147', 'TRD_GRP_148', 'TRD_GRP_149', 'TRD_GRP_150', 'TRD_GRP_151', 'TRD_GRP_152', 'TRD_GRP_153', 'TRD_GRP_154', 'TRD_GRP_155', 'TRD_GRP_156', 'TRD_GRP_157', 'TRD_GRP_158', 'TRD_GRP_159', 'TRD_GRP_160', 'TRD_GRP_161', 'TRD_GRP_162', 'TRD_GRP_163', 'TRD_GRP_164', 'TRD_GRP_165', 'TRD_GRP_166', 'TRD_GRP_167', 'TRD_GRP_168', 'TRD_GRP_169', 'TRD_GRP_170', 'TRD_GRP_171', 'TRD_GRP_172', 'TRD_GRP_173', 'TRD_GRP_174', 'TRD_GRP_175', 'TRD_GRP_176', 'TRD_GRP_177', 'TRD_GRP_178', 'TRD_GRP_179', 'TRD_GRP_180', 'TRD_GRP_181', 'TRD_GRP_182', 'TRD_GRP_183', 'TRD_GRP_184', 'TRD_GRP_185', 'TRD_GRP_186', 'TRD_GRP_187', 'TRD_GRP_188', 'TRD_GRP_189', 'TRD_GRP_190', 'TRD_GRP_191', 'TRD_GRP_192', 'TRD_GRP_193', 'TRD_GRP_194', 'TRD_GRP_195', 'TRD_GRP_196', 'TRD_GRP_197', 'TRD_GRP_198', 'TRD_GRP_199', 'TRD_GRP_200', 'TRD_GRP_201', 'TRD_GRP_202', 'TRD_GRP_203', 'TRD_GRP_204', 'TRD_GRP_205', 'TRD_GRP_206', 'TRD_GRP_207', 'TRD_GRP_208', 'TRD_GRP_209', 'TRD_GRP_210', 'TRD_GRP_211', 'TRD_GRP_212', 'TRD_GRP_213', 'TRD_GRP_214', 'TRD_GRP_215', 'TRD_GRP_216', 'TRD_GRP_217', 'TRD_GRP_218', 'TRD_GRP_219', 'TRD_GRP_220', 'TRD_GRP_221', 'TRD_GRP_222', 'TRD_GRP_223', 'TRD_GRP_224', 'TRD_GRP_225', 'TRD_GRP_226', 'TRD_GRP_227', 'TRD_GRP_228', 'TRD_GRP_229', 'TRD_GRP_230', 'TRD_GRP_231', 'TRD_GRP_232', 'TRD_GRP_233', 'TRD_GRP_234', 'TRD_GRP_235']], 'defaultSelfTradePreventionMode': 'EXPIRE_MAKER', 'allowedSelfTradePreventionModes': ['EXPIRE_TAKER', 'EXPIRE_MAKER', 'EXPIRE_BOTH']}
2025-01-18 01:40:51,968 - WARNING - \u26a0\ufe0f Filtro MIN_NOTIONAL não encontrado para BTCUSDT.
2025-01-18 01:40:52,754 - WARNING - \u26a0\ufe0f Não foi possível determinar o valor mínimo de compra para BTCUSDT.
2025-01-18 01:40:53,569 - INFO - \U0001f50d Informações da Binance para ETHUSDT: {'symbol': 'ETHUSDT', 'status': 'TRADING', 'baseAsset': 'ETH', 'baseAssetPrecision': 8, 'quoteAsset': 'USDT', 'quotePrecision': 8, 'quoteAssetPrecision': 8, 'baseCommissionPrecision': 8, 'quoteCommissionPrecision': 8, 'orderTypes': ['LIMIT', 'LIMIT_MAKER', 'MARKET', 'STOP_LOSS', 'STOP_LOSS_LIMIT', 'TAKE_PROFIT', 'TAKE_PROFIT_LIMIT'], 'icebergAllowed': True, 'ocoAllowed': True, 'otoAllowed': True, 'quoteOrderQtyMarketAllowed': True, 'allowTrailingStop': True, 'cancelReplaceAllowed': True, 'isSpotTradingAllowed': True, 'isMarginTradingAllowed': True, 'filters': [{'filterType': 'PRICE_FILTER', 'minPrice': '0.01000000', 'maxPrice': '1000000.00000000', 'tickSize': '0.01000000'}, {'filterType': 'LOT_SIZE', 'minQty': '0.00010000', 'maxQty': '9000.00000000', 'stepSize': '0.00010000'}, {'filterType': 'ICEBERG_PARTS', 'limit': 10}, {'filterType': 'MARKET_LOT_SIZE', 'minQty': '0.00000000', 'maxQty': '2418.75700375', 'stepSize': '0.00000000'}, {'filterType': 'TRAILING_DELTA', 'minTrailingAboveDelta': 10, 'maxTrailingAboveDelta': 2000, 'minTrailingBelowDelta': 10, 'maxTrailingBelowDelta': 2000}, {'filterType': 'PERCENT_PRICE_BY_SIDE', 'bidMultiplierUp': '5', 'bidMultiplierDown': '0.2', 'askMultiplierUp': '5', 'askMultiplierDown': '0.2', 'avgPriceMins': 5}, {'filterType': 'NOTIONAL', 'minNotional': '5.00000000', 'applyMinToMarket': True, 'maxNotional': '9000000.00000000', 'applyMaxToMarket': False, 'avgPriceMins': 5}, {'filterType': 'MAX_NUM_ORDERS', 'maxNumOrders': 200}, {'filterType': 'MAX_NUM_ALGO_ORDERS', 'maxNumAlgoOrders': 5}], 'permissions': [], 'permissionSets': [['SPOT', 'MARGIN', 'TRD_GRP_004', 'TRD_GRP_005', 'TRD_GRP_006', 'TRD_GRP_009', 'TRD_GRP_010', 'TRD_GRP_011', 'TRD_GRP_012', 'TRD_GRP_013', 'TRD_GRP_014', 'TRD_GRP_015', 'TRD_GRP_016', 'TRD_GRP_017', 'TRD_GRP_018', 'TRD_GRP_019', 'TRD_GRP_020', 'TRD_GRP_021', 'TRD_GRP_022', 'TRD_GRP_023', 'TRD_GRP_024', 'TRD_GRP_025', 'TRD_GRP_026', 'TRD_GRP_027', 'TRD_GRP_028', 'TRD_GRP_029', 'TRD_GRP_030', 'TRD_GRP_031', 'TRD_GRP_032', 'TRD_GRP_033', 'TRD_GRP_034', 'TRD_GRP_035', 'TRD_GRP_036', 'TRD_GRP_037', 'TRD_GRP_038', 'TRD_GRP_039', 'TRD_GRP_040', 'TRD_GRP_041', 'TRD_GRP_042', 'TRD_GRP_043', 'TRD_GRP_044', 'TRD_GRP_045', 'TRD_GRP_046', 'TRD_GRP_047', 'TRD_GRP_048', 'TRD_GRP_049', 'TRD_GRP_050', 'TRD_GRP_051', 'TRD_GRP_052', 'TRD_GRP_053', 'TRD_GRP_054', 'TRD_GRP_055', 'TRD_GRP_056', 'TRD_GRP_057', 'TRD_GRP_058', 'TRD_GRP_059', 'TRD_GRP_060', 'TRD_GRP_061', 'TRD_GRP_062', 'TRD_GRP_063', 'TRD_GRP_064', 'TRD_GRP_065', 'TRD_GRP_066', 'TRD_GRP_067', 'TRD_GRP_068', 'TRD_GRP_069', 'TRD_GRP_070', 'TRD_GRP_071', 'TRD_GRP_072', 'TRD_GRP_073', 'TRD_GRP_074', 'TRD_GRP_075', 'TRD_GRP_076', 'TRD_GRP_077', 'TRD_GRP_078', 'TRD_GRP_079', 'TRD_GRP_080', 'TRD_GRP_081', 'TRD_GRP_082', 'TRD_GRP_083', 'TRD_GRP_084', 'TRD_GRP_085', 'TRD_GRP_086', 'TRD_GRP_087', 'TRD_GRP_088', 'TRD_GRP_089', 'TRD_GRP_090', 'TRD_GRP_091', 'TRD_GRP_092', 'TRD_GRP_093', 'TRD_GRP_094', 'TRD_GRP_095', 'TRD_GRP_096', 'TRD_GRP_097', 'TRD_GRP_098', 'TRD_GRP_099', 'TRD_GRP_100', 'TRD_GRP_101', 'TRD_GRP_102', 'TRD_GRP_103', 'TRD_GRP_104', 'TRD_GRP_105', 'TRD_GRP_106', 'TRD_GRP_107', 'TRD_GRP_108', 'TRD_GRP_109', 'TRD_GRP_110', 'TRD_GRP_111', 'TRD_GRP_112', 'TRD_GRP_113', 'TRD_GRP_114', 'TRD_GRP_115', 'TRD_GRP_116', 'TRD_GRP_117', 'TRD_GRP_118', 'TRD_GRP_119', 'TRD_GRP_120', 'TRD_GRP_121', 'TRD_GRP_122', 'TRD_GRP_123', 'TRD_GRP_124', 'TRD_GRP_125', 'TRD_GRP_126', 'TRD_GRP_127', 'TRD_GRP_128', 'TRD_GRP_129', 'TRD_GRP_130', 'TRD_GRP_131', 'TRD_GRP_132', 'TRD_GRP_133', 'TRD_GRP_134', 'TRD_GRP_135', 'TRD_GRP_136', 'TRD_GRP_137', 'TRD_GRP_138', 'TRD_GRP_139', 'TRD_GRP_140', 'TRD_GRP_141', 'TRD_GRP_142', 'TRD_GRP_143', 'TRD_GRP_144', 'TRD_GRP_145', 'TRD_GRP_146', 'TRD_GRP_147', 'TRD_GRP_148', 'TRD_GRP_149', 'TRD_GRP_150', 'TRD_GRP_151', 'TRD_GRP_152', 'TRD_GRP_153', 'TRD_GRP_154', 'TRD_GRP_155', 'TRD_GRP_156', 'TRD_GRP_157', 'TRD_GRP_158', 'TRD_GRP_159', 'TRD_GRP_160', 'TRD_GRP_161', 'TRD_GRP_162', 'TRD_GRP_163', 'TRD_GRP_164', 'TRD_GRP_165', 'TRD_GRP_166', 'TRD_GRP_167', 'TRD_GRP_168', 'TRD_GRP_169', 'TRD_GRP_170', 'TRD_GRP_171', 'TRD_GRP_172', 'TRD_GRP_173', 'TRD_GRP_174', 'TRD_GRP_175', 'TRD_GRP_176', 'TRD_GRP_177', 'TRD_GRP_178', 'TRD_GRP_179', 'TRD_GRP_180', 'TRD_GRP_181', 'TRD_GRP_182', 'TRD_GRP_183', 'TRD_GRP_184', 'TRD_GRP_185', 'TRD_GRP_186', 'TRD_GRP_187', 'TRD_GRP_188', 'TRD_GRP_189', 'TRD_GRP_190', 'TRD_GRP_191', 'TRD_GRP_192', 'TRD_GRP_193', 'TRD_GRP_194', 'TRD_GRP_195', 'TRD_GRP_196', 'TRD_GRP_197', 'TRD_GRP_198', 'TRD_GRP_199', 'TRD_GRP_200', 'TRD_GRP_201', 'TRD_GRP_202', 'TRD_GRP_203', 'TRD_GRP_204', 'TRD_GRP_205', 'TRD_GRP_206', 'TRD_GRP_207', 'TRD_GRP_208', 'TRD_GRP_209', 'TRD_GRP_210', 'TRD_GRP_211', 'TRD_GRP_212', 'TRD_GRP_213', 'TRD_GRP_214', 'TRD_GRP_215', 'TRD_GRP_216', 'TRD_GRP_217', 'TRD_GRP_218', 'TRD_GRP_219', 'TRD_GRP_220', 'TRD_GRP_221', 'TRD_GRP_222', 'TRD_GRP_223', 'TRD_GRP_224', 'TRD_GRP_225', 'TRD_GRP_226', 'TRD_GRP_227', 'TRD_GRP_228', 'TRD_GRP_229', 'TRD_GRP_230', 'TRD_GRP_231', 'TRD_GRP_232', 'TRD_GRP_233', 'TRD_GRP_234', 'TRD_GRP_235']], 'defaultSelfTradePreventionMode': 'EXPIRE_MAKER', 'allowedSelfTradePreventionModes': ['EXPIRE_TAKER', 'EXPIRE_MAKER', 'EXPIRE_BOTH']}
2025-01-18 01:40:53,569 - WARNING - \u26a0\ufe0f Filtro MIN_NOTIONAL não encontrado para ETHUSDT.
2025-01-18 01:40:54,360 - WARNING - \u26a0\ufe0f Não foi possível determinar o valor mínimo de compra para ETHUSDT.
2025-01-18 01:41:26,245 - INFO - \U0001f50d Informações da Binance para BTCUSDT: {'symbol': 'BTCUSDT', 'status': 'TRADING', 'baseAsset': 'BTC', 'baseAssetPrecision': 8, 'quoteAsset': 'USDT', 'quotePrecision': 8, 'quoteAssetPrecision': 8, 'baseCommissionPrecision': 8, 'quoteCommissionPrecision': 8, 'orderTypes': ['LIMIT', 'LIMIT_MAKER', 'MARKET', 'STOP_LOSS', 'STOP_LOSS_LIMIT', 'TAKE_PROFIT', 'TAKE_PROFIT_LIMIT'], 'icebergAllowed': True, 'ocoAllowed': True, 'otoAllowed': True, 'quoteOrderQtyMarketAllowed': True, 'allowTrailingStop': True, 'cancelReplaceAllowed': True, 'isSpotTradingAllowed': True, 'isMarginTradingAllowed': True, 'filters': [{'filterType': 'PRICE_FILTER', 'minPrice': '0.01000000', 'maxPrice': '1000000.00000000', 'tickSize': '0.01000000'}, {'filterType': 'LOT_SIZE', 'minQty': '0.00001000', 'maxQty': '9000.00000000', 'stepSize': '0.00001000'}, {'filterType': 'ICEBERG_PARTS', 'limit': 10}, {'filterType': 'MARKET_LOT_SIZE', 'minQty': '0.00000000', 'maxQty': '89.67500095', 'stepSize': '0.00000000'}, {'filterType': 'TRAILING_DELTA', 'minTrailingAboveDelta': 10, 'maxTrailingAboveDelta': 2000, 'minTrailingBelowDelta': 10, 'maxTrailingBelowDelta': 2000}, {'filterType': 'PERCENT_PRICE_BY_SIDE', 'bidMultiplierUp': '5', 'bidMultiplierDown': '0.2', 'askMultiplierUp': '5', 'askMultiplierDown': '0.2', 'avgPriceMins': 5}, {'filterType': 'NOTIONAL', 'minNotional': '5.00000000', 'applyMinToMarket': True, 'maxNotional': '9000000.00000000', 'applyMaxToMarket': False, 'avgPriceMins': 5}, {'filterType': 'MAX_NUM_ORDERS', 'maxNumOrders': 200}, {'filterType': 'MAX_NUM_ALGO_ORDERS', 'maxNumAlgoOrders': 5}], 'permissions': [], 'permissionSets': [['SPOT', 'MARGIN', 'TRD_GRP_004', 'TRD_GRP_005', 'TRD_GRP_006', 'TRD_GRP_009', 'TRD_GRP_010', 'TRD_GRP_011', 'TRD_GRP_012', 'TRD_GRP_013', 'TRD_GRP_014', 'TRD_GRP_015', 'TRD_GRP_016', 'TRD_GRP_017', 'TRD_GRP_018', 'TRD_GRP_019', 'TRD_GRP_020', 'TRD_GRP_021', 'TRD_GRP_022', 'TRD_GRP_023', 'TRD_GRP_024', 'TRD_GRP_025', 'TRD_GRP_026', 'TRD_GRP_027', 'TRD_GRP_028', 'TRD_GRP_029', 'TRD_GRP_030', 'TRD_GRP_031', 'TRD_GRP_032', 'TRD_GRP_033', 'TRD_GRP_034', 'TRD_GRP_035', 'TRD_GRP_036', 'TRD_GRP_037', 'TRD_GRP_038', 'TRD_GRP_039', 'TRD_GRP_040', 'TRD_GRP_041', 'TRD_GRP_042', 'TRD_GRP_043', 'TRD_GRP_044', 'TRD_GRP_045', 'TRD_GRP_046', 'TRD_GRP_047', 'TRD_GRP_048', 'TRD_GRP_049', 'TRD_GRP_050', 'TRD_GRP_051', 'TRD_GRP_052', 'TRD_GRP_053', 'TRD_GRP_054', 'TRD_GRP_055', 'TRD_GRP_056', 'TRD_GRP_057', 'TRD_GRP_058', 'TRD_GRP_059', 'TRD_GRP_060', 'TRD_GRP_061', 'TRD_GRP_062', 'TRD_GRP_063', 'TRD_GRP_064', 'TRD_GRP_065', 'TRD_GRP_066', 'TRD_GRP_067', 'TRD_GRP_068', 'TRD_GRP_069', 'TRD_GRP_070', 'TRD_GRP_071', 'TRD_GRP_072', 'TRD_GRP_073', 'TRD_GRP_074', 'TRD_GRP_075', 'TRD_GRP_076', 'TRD_GRP_077', 'TRD_GRP_078', 'TRD_GRP_079', 'TRD_GRP_080', 'TRD_GRP_081', 'TRD_GRP_082', 'TRD_GRP_083', 'TRD_GRP_084', 'TRD_GRP_085', 'TRD_GRP_086', 'TRD_GRP_087', 'TRD_GRP_088', 'TRD_GRP_089', 'TRD_GRP_090', 'TRD_GRP_091', 'TRD_GRP_092', 'TRD_GRP_093', 'TRD_GRP_094', 'TRD_GRP_095', 'TRD_GRP_096', 'TRD_GRP_097', 'TRD_GRP_098', 'TRD_GRP_099', 'TRD_GRP_100', 'TRD_GRP_101', 'TRD_GRP_102', 'TRD_GRP_103', 'TRD_GRP_104', 'TRD_GRP_105', 'TRD_GRP_106', 'TRD_GRP_107', 'TRD_GRP_108', 'TRD_GRP_109', 'TRD_GRP_110', 'TRD_GRP_111', 'TRD_GRP_112', 'TRD_GRP_113', 'TRD_GRP_114', 'TRD_GRP_115', 'TRD_GRP_116', 'TRD_GRP_117', 'TRD_GRP_118', 'TRD_GRP_119', 'TRD_GRP_120', 'TRD_GRP_121', 'TRD_GRP_122', 'TRD_GRP_123', 'TRD_GRP_124', 'TRD_GRP_125', 'TRD_GRP_126', 'TRD_GRP_127', 'TRD_GRP_128', 'TRD_GRP_129', 'TRD_GRP_130', 'TRD_GRP_131', 'TRD_GRP_132', 'TRD_GRP_133', 'TRD_GRP_134', 'TRD_GRP_135', 'TRD_GRP_136', 'TRD_GRP_137', 'TRD_GRP_138', 'TRD_GRP_139', 'TRD_GRP_140', 'TRD_GRP_141', 'TRD_GRP_142', 'TRD_GRP_143', 'TRD_GRP_144', 'TRD_GRP_145', 'TRD_GRP_146', 'TRD_GRP_147', 'TRD_GRP_148', 'TRD_GRP_149', 'TRD_GRP_150', 'TRD_GRP_151', 'TRD_GRP_152', 'TRD_GRP_153', 'TRD_GRP_154', 'TRD_GRP_155', 'TRD_GRP_156', 'TRD_GRP_157', 'TRD_GRP_158', 'TRD_GRP_159', 'TRD_GRP_160', 'TRD_GRP_161', 'TRD_GRP_162', 'TRD_GRP_163', 'TRD_GRP_164', 'TRD_GRP_165', 'TRD_GRP_166', 'TRD_GRP_167', 'TRD_GRP_168', 'TRD_GRP_169', 'TRD_GRP_170', 'TRD_GRP_171', 'TRD_GRP_172', 'TRD_GRP_173', 'TRD_GRP_174', 'TRD_GRP_175', 'TRD_GRP_176', 'TRD_GRP_177', 'TRD_GRP_178', 'TRD_GRP_179', 'TRD_GRP_180', 'TRD_GRP_181', 'TRD_GRP_182', 'TRD_GRP_183', 'TRD_GRP_184', 'TRD_GRP_185', 'TRD_GRP_186', 'TRD_GRP_187', 'TRD_GRP_188', 'TRD_GRP_189', 'TRD_GRP_190', 'TRD_GRP_191', 'TRD_GRP_192', 'TRD_GRP_193', 'TRD_GRP_194', 'TRD_GRP_195', 'TRD_GRP_196', 'TRD_GRP_197', 'TRD_GRP_198', 'TRD_GRP_199', 'TRD_GRP_200', 'TRD_GRP_201', 'TRD_GRP_202', 'TRD_GRP_203', 'TRD_GRP_204', 'TRD_GRP_205', 'TRD_GRP_206', 'TRD_GRP_207', 'TRD_GRP_208', 'TRD_GRP_209', 'TRD_GRP_210', 'TRD_GRP_211', 'TRD_GRP_212', 'TRD_GRP_213', 'TRD_GRP_214', 'TRD_GRP_215', 'TRD_GRP_216', 'TRD_GRP_217', 'TRD_GRP_218', 'TRD_GRP_219', 'TRD_GRP_220', 'TRD_GRP_221', 'TRD_GRP_222', 'TRD_GRP_223', 'TRD_GRP_224', 'TRD_GRP_225', 'TRD_GRP_226', 'TRD_GRP_227', 'TRD_GRP_228', 'TRD_GRP_229', 'TRD_GRP_230', 'TRD_GRP_231', 'TRD_GRP_232', 'TRD_GRP_233', 'TRD_GRP_234', 'TRD_GRP_235']], 'defaultSelfTradePreventionMode': 'EXPIRE_MAKER', 'allowedSelfTradePreventionModes': ['EXPIRE_TAKER', 'EXPIRE_MAKER', 'EXPIRE_BOTH']}
2025-01-18 01:41:26,245 - WARNING - \u26a0\ufe0f Filtro MIN_NOTIONAL não encontrado para BTCUSDT.
2025-01-18 01:41:27,015 - WARNING - \u26a0\ufe0f Não foi possível determinar o valor mínimo de compra para BTCUSDT.
2025-01-18 01:41:27,797 - INFO - \U0001f50d Informações da Binance para ETHUSDT: {'symbol': 'ETHUSDT', 'status': 'TRADING', 'baseAsset': 'ETH', 'baseAssetPrecision': 8, 'quoteAsset': 'USDT', 'quotePrecision': 8, 'quoteAssetPrecision': 8, 'baseCommissionPrecision': 8, 'quoteCommissionPrecision': 8, 'orderTypes': ['LIMIT', 'LIMIT_MAKER', 'MARKET', 'STOP_LOSS', 'STOP_LOSS_LIMIT', 'TAKE_PROFIT', 'TAKE_PROFIT_LIMIT'], 'icebergAllowed': True, 'ocoAllowed': True, 'otoAllowed': True, 'quoteOrderQtyMarketAllowed': True, 'allowTrailingStop': True, 'cancelReplaceAllowed': True, 'isSpotTradingAllowed': True, 'isMarginTradingAllowed': True, 'filters': [{'filterType': 'PRICE_FILTER', 'minPrice': '0.01000000', 'maxPrice': '1000000.00000000', 'tickSize': '0.01000000'}, {'filterType': 'LOT_SIZE', 'minQty': '0.00010000', 'maxQty': '9000.00000000', 'stepSize': '0.00010000'}, {'filterType': 'ICEBERG_PARTS', 'limit': 10}, {'filterType': 'MARKET_LOT_SIZE', 'minQty': '0.00000000', 'maxQty': '2418.75700375', 'stepSize': '0.00000000'}, {'filterType': 'TRAILING_DELTA', 'minTrailingAboveDelta': 10, 'maxTrailingAboveDelta': 2000, 'minTrailingBelowDelta': 10, 'maxTrailingBelowDelta': 2000}, {'filterType': 'PERCENT_PRICE_BY_SIDE', 'bidMultiplierUp': '5', 'bidMultiplierDown': '0.2', 'askMultiplierUp': '5', 'askMultiplierDown': '0.2', 'avgPriceMins': 5}, {'filterType': 'NOTIONAL', 'minNotional': '5.00000000', 'applyMinToMarket': True, 'maxNotional': '9000000.00000000', 'applyMaxToMarket': False, 'avgPriceMins': 5}, {'filterType': 'MAX_NUM_ORDERS', 'maxNumOrders': 200}, {'filterType': 'MAX_NUM_ALGO_ORDERS', 'maxNumAlgoOrders': 5}], 'permissions': [], 'permissionSets': [['SPOT', 'MARGIN', 'TRD_GRP_004', 'TRD_GRP_005', 'TRD_GRP_006', 'TRD_GRP_009', 'TRD_GRP_010', 'TRD_GRP_011', 'TRD_GRP_012', 'TRD_GRP_013', 'TRD_GRP_014', 'TRD_GRP_015', 'TRD_GRP_016', 'TRD_GRP_017', 'TRD_GRP_018', 'TRD_GRP_019', 'TRD_GRP_020', 'TRD_GRP_021', 'TRD_GRP_022', 'TRD_GRP_023', 'TRD_GRP_024', 'TRD_GRP_025', 'TRD_GRP_026', 'TRD_GRP_027', 'TRD_GRP_028', 'TRD_GRP_029', 'TRD_GRP_030', 'TRD_GRP_031', 'TRD_GRP_032', 'TRD_GRP_033', 'TRD_GRP_034', 'TRD_GRP_035', 'TRD_GRP_036', 'TRD_GRP_037', 'TRD_GRP_038', 'TRD_GRP_039', 'TRD_GRP_040', 'TRD_GRP_041', 'TRD_GRP_042', 'TRD_GRP_043', 'TRD_GRP_044', 'TRD_GRP_045', 'TRD_GRP_046', 'TRD_GRP_047', 'TRD_GRP_048', 'TRD_GRP_049', 'TRD_GRP_050', 'TRD_GRP_051', 'TRD_GRP_052', 'TRD_GRP_053', 'TRD_GRP_054', 'TRD_GRP_055', 'TRD_GRP_056', 'TRD_GRP_057', 'TRD_GRP_058', 'TRD_GRP_059', 'TRD_GRP_060', 'TRD_GRP_061', 'TRD_GRP_062', 'TRD_GRP_063', 'TRD_GRP_064', 'TRD_GRP_065', 'TRD_GRP_066', 'TRD_GRP_067', 'TRD_GRP_068', 'TRD_GRP_069', 'TRD_GRP_070', 'TRD_GRP_071', 'TRD_GRP_072', 'TRD_GRP_073', 'TRD_GRP_074', 'TRD_GRP_075', 'TRD_GRP_076', 'TRD_GRP_077', 'TRD_GRP_078', 'TRD_GRP_079', 'TRD_GRP_080', 'TRD_GRP_081', 'TRD_GRP_082', 'TRD_GRP_083', 'TRD_GRP_084', 'TRD_GRP_085', 'TRD_GRP_086', 'TRD_GRP_087', 'TRD_GRP_088', 'TRD_GRP_089', 'TRD_GRP_090', 'TRD_GRP_091', 'TRD_GRP_092', 'TRD_GRP_093', 'TRD_GRP_094', 'TRD_GRP_095', 'TRD_GRP_096', 'TRD_GRP_097', 'TRD_GRP_098', 'TRD_GRP_099', 'TRD_GRP_100', 'TRD_GRP_101', 'TRD_GRP_102', 'TRD_GRP_103', 'TRD_GRP_104', 'TRD_GRP_105', 'TRD_GRP_106', 'TRD_GRP_107', 'TRD_GRP_108', 'TRD_GRP_109', 'TRD_GRP_110', 'TRD_GRP_111', 'TRD_GRP_112', 'TRD_GRP_113', 'TRD_GRP_114', 'TRD_GRP_115', 'TRD_GRP_116', 'TRD_GRP_117', 'TRD_GRP_118', 'TRD_GRP_119', 'TRD_GRP_120', 'TRD_GRP_121', 'TRD_GRP_122', 'TRD_GRP_123', 'TRD_GRP_124', 'TRD_GRP_125', 'TRD_GRP_126', 'TRD_GRP_127', 'TRD_GRP_128', 'TRD_GRP_129', 'TRD_GRP_130', 'TRD_GRP_131', 'TRD_GRP_132', 'TRD_GRP_133', 'TRD_GRP_134', 'TRD_GRP_135', 'TRD_GRP_136', 'TRD_GRP_137', 'TRD_GRP_138', 'TRD_GRP_139', 'TRD_GRP_140', 'TRD_GRP_141', 'TRD_GRP_142', 'TRD_GRP_143', 'TRD_GRP_144', 'TRD_GRP_145', 'TRD_GRP_146', 'TRD_GRP_147', 'TRD_GRP_148', 'TRD_GRP_149', 'TRD_GRP_150', 'TRD_GRP_151', 'TRD_GRP_152', 'TRD_GRP_153', 'TRD_GRP_154', 'TRD_GRP_155', 'TRD_GRP_156', 'TRD_GRP_157', 'TRD_GRP_158', 'TRD_GRP_159', 'TRD_GRP_160', 'TRD_GRP_161', 'TRD_GRP_162', 'TRD_GRP_163', 'TRD_GRP_164', 'TRD_GRP_165', 'TRD_GRP_166', 'TRD_GRP_167', 'TRD_GRP_168', 'TRD_GRP_169', 'TRD_GRP_170', 'TRD_GRP_171', 'TRD_GRP_172', 'TRD_GRP_173', 'TRD_GRP_174', 'TRD_GRP_175', 'TRD_GRP_176', 'TRD_GRP_177', 'TRD_GRP_178', 'TRD_GRP_179', 'TRD_GRP_180', 'TRD_GRP_181', 'TRD_GRP_182', 'TRD_GRP_183', 'TRD_GRP_184', 'TRD_GRP_185', 'TRD_GRP_186', 'TRD_GRP_187', 'TRD_GRP_188', 'TRD_GRP_189', 'TRD_GRP_190', 'TRD_GRP_191', 'TRD_GRP_192', 'TRD_GRP_193', 'TRD_GRP_194', 'TRD_GRP_195', 'TRD_GRP_196', 'TRD_GRP_197', 'TRD_GRP_198', 'TRD_GRP_199', 'TRD_GRP_200', 'TRD_GRP_201', 'TRD_GRP_202', 'TRD_GRP_203', 'TRD_GRP_204', 'TRD_GRP_205', 'TRD_GRP_206', 'TRD_GRP_207', 'TRD_GRP_208', 'TRD_GRP_209', 'TRD_GRP_210', 'TRD_GRP_211', 'TRD_GRP_212', 'TRD_GRP_213', 'TRD_GRP_214', 'TRD_GRP_215', 'TRD_GRP_216', 'TRD_GRP_217', 'TRD_GRP_218', 'TRD_GRP_219', 'TRD_GRP_220', 'TRD_GRP_221', 'TRD_GRP_222', 'TRD_GRP_223', 'TRD_GRP_224', 'TRD_GRP_225', 'TRD_GRP_226', 'TRD_GRP_227', 'TRD_GRP_228', 'TRD_GRP_229', 'TRD_GRP_230', 'TRD_GRP_231', 'TRD_GRP_232', 'TRD_GRP_233', 'TRD_GRP_234', 'TRD_GRP_235']], 'defaultSelfTradePreventionMode': 'EXPIRE_MAKER', 'allowedSelfTradePreventionModes': ['EXPIRE_TAKER', 'EXPIRE_MAKER', 'EXPIRE_BOTH']}
2025-01-18 01:41:27,797 - WARNING - \u26a0\ufe0f Filtro MIN_NOTIONAL não encontrado para ETHUSDT.
2025-01-18 01:41:28,724 - WARNING - \u26a0\ufe0f Não foi possível determinar o valor mínimo de compra para ETHUSDT.
2025-01-18 01:42:00,580 - INFO - \U0001f50d Informações da Binance para BTCUSDT: {'symbol': 'BTCUSDT', 'status': 'TRADING', 'baseAsset': 'BTC', 'baseAssetPrecision': 8, 'quoteAsset': 'USDT', 'quotePrecision': 8, 'quoteAssetPrecision': 8, 'baseCommissionPrecision': 8, 'quoteCommissionPrecision': 8, 'orderTypes': ['LIMIT', 'LIMIT_MAKER', 'MARKET', 'STOP_LOSS', 'STOP_LOSS_LIMIT', 'TAKE_PROFIT', 'TAKE_PROFIT_LIMIT'], 'icebergAllowed': True, 'ocoAllowed': True, 'otoAllowed': True, 'quoteOrderQtyMarketAllowed': True, 'allowTrailingStop': True, 'cancelReplaceAllowed': True, 'isSpotTradingAllowed': True, 'isMarginTradingAllowed': True, 'filters': [{'filterType': 'PRICE_FILTER', 'minPrice': '0.01000000', 'maxPrice': '1000000.00000000', 'tickSize': '0.01000000'}, {'filterType': 'LOT_SIZE', 'minQty': '0.00001000', 'maxQty': '9000.00000000', 'stepSize': '0.00001000'}, {'filterType': 'ICEBERG_PARTS', 'limit': 10}, {'filterType': 'MARKET_LOT_SIZE', 'minQty': '0.00000000', 'maxQty': '89.67500095', 'stepSize': '0.00000000'}, {'filterType': 'TRAILING_DELTA', 'minTrailingAboveDelta': 10, 'maxTrailingAboveDelta': 2000, 'minTrailingBelowDelta': 10, 'maxTrailingBelowDelta': 2000}, {'filterType': 'PERCENT_PRICE_BY_SIDE', 'bidMultiplierUp': '5', 'bidMultiplierDown': '0.2', 'askMultiplierUp': '5', 'askMultiplierDown': '0.2', 'avgPriceMins': 5}, {'filterType': 'NOTIONAL', 'minNotional': '5.00000000', 'applyMinToMarket': True, 'maxNotional': '9000000.00000000', 'applyMaxToMarket': False, 'avgPriceMins': 5}, {'filterType': 'MAX_NUM_ORDERS', 'maxNumOrders': 200}, {'filterType': 'MAX_NUM_ALGO_ORDERS', 'maxNumAlgoOrders': 5}], 'permissions': [], 'permissionSets': [['SPOT', 'MARGIN', 'TRD_GRP_004', 'TRD_GRP_005', 'TRD_GRP_006', 'TRD_GRP_009', 'TRD_GRP_010', 'TRD_GRP_011', 'TRD_GRP_012', 'TRD_GRP_013', 'TRD_GRP_014', 'TRD_GRP_015', 'TRD_GRP_016', 'TRD_GRP_017', 'TRD_GRP_018', 'TRD_GRP_019', 'TRD_GRP_020', 'TRD_GRP_021', 'TRD_GRP_022', 'TRD_GRP_023', 'TRD_GRP_024', 'TRD_GRP_025', 'TRD_GRP_026', 'TRD_GRP_027', 'TRD_GRP_028', 'TRD_GRP_029', 'TRD_GRP_030', 'TRD_GRP_031', 'TRD_GRP_032', 'TRD_GRP_033', 'TRD_GRP_034', 'TRD_GRP_035', 'TRD_GRP_036', 'TRD_GRP_037', 'TRD_GRP_038', 'TRD_GRP_039', 'TRD_GRP_040', 'TRD_GRP_041', 'TRD_GRP_042', 'TRD_GRP_043', 'TRD_GRP_044', 'TRD_GRP_045', 'TRD_GRP_046', 'TRD_GRP_047', 'TRD_GRP_048', 'TRD_GRP_049', 'TRD_GRP_050', 'TRD_GRP_051', 'TRD_GRP_052', 'TRD_GRP_053', 'TRD_GRP_054', 'TRD_GRP_055', 'TRD_GRP_056', 'TRD_GRP_057', 'TRD_GRP_058', 'TRD_GRP_059', 'TRD_GRP_060', 'TRD_GRP_061', 'TRD_GRP_062', 'TRD_GRP_063', 'TRD_GRP_064', 'TRD_GRP_065', 'TRD_GRP_066', 'TRD_GRP_067', 'TRD_GRP_068', 'TRD_GRP_069', 'TRD_GRP_070', 'TRD_GRP_071', 'TRD_GRP_072', 'TRD_GRP_073', 'TRD_GRP_074', 'TRD_GRP_075', 'TRD_GRP_076', 'TRD_GRP_077', 'TRD_GRP_078', 'TRD_GRP_079', 'TRD_GRP_080', 'TRD_GRP_081', 'TRD_GRP_082', 'TRD_GRP_083', 'TRD_GRP_084', 'TRD_GRP_085', 'TRD_GRP_086', 'TRD_GRP_087', 'TRD_GRP_088', 'TRD_GRP_089', 'TRD_GRP_090', 'TRD_GRP_091', 'TRD_GRP_092', 'TRD_GRP_093', 'TRD_GRP_094', 'TRD_GRP_095', 'TRD_GRP_096', 'TRD_GRP_097', 'TRD_GRP_098', 'TRD_GRP_099', 'TRD_GRP_100', 'TRD_GRP_101', 'TRD_GRP_102', 'TRD_GRP_103', 'TRD_GRP_104', 'TRD_GRP_105', 'TRD_GRP_106', 'TRD_GRP_107', 'TRD_GRP_108', 'TRD_GRP_109', 'TRD_GRP_110', 'TRD_GRP_111', 'TRD_GRP_112', 'TRD_GRP_113', 'TRD_GRP_114', 'TRD_GRP_115', 'TRD_GRP_116', 'TRD_GRP_117', 'TRD_GRP_118', 'TRD_GRP_119', 'TRD_GRP_120', 'TRD_GRP_121', 'TRD_GRP_122', 'TRD_GRP_123', 'TRD_GRP_124', 'TRD_GRP_125', 'TRD_GRP_126', 'TRD_GRP_127', 'TRD_GRP_128', 'TRD_GRP_129', 'TRD_GRP_130', 'TRD_GRP_131', 'TRD_GRP_132', 'TRD_GRP_133', 'TRD_GRP_134', 'TRD_GRP_135', 'TRD_GRP_136', 'TRD_GRP_137', 'TRD_GRP_138', 'TRD_GRP_139', 'TRD_GRP_140', 'TRD_GRP_141', 'TRD_GRP_142', 'TRD_GRP_143', 'TRD_GRP_144', 'TRD_GRP_145', 'TRD_GRP_146', 'TRD_GRP_147', 'TRD_GRP_148', 'TRD_GRP_149', 'TRD_GRP_150', 'TRD_GRP_151', 'TRD_GRP_152', 'TRD_GRP_153', 'TRD_GRP_154', 'TRD_GRP_155', 'TRD_GRP_156', 'TRD_GRP_157', 'TRD_GRP_158', 'TRD_GRP_159', 'TRD_GRP_160', 'TRD_GRP_161', 'TRD_GRP_162', 'TRD_GRP_163', 'TRD_GRP_164', 'TRD_GRP_165', 'TRD_GRP_166', 'TRD_GRP_167', 'TRD_GRP_168', 'TRD_GRP_169', 'TRD_GRP_170', 'TRD_GRP_171', 'TRD_GRP_172', 'TRD_GRP_173', 'TRD_GRP_174', 'TRD_GRP_175', 'TRD_GRP_176', 'TRD_GRP_177', 'TRD_GRP_178', 'TRD_GRP_179', 'TRD_GRP_180', 'TRD_GRP_181', 'TRD_GRP_182', 'TRD_GRP_183', 'TRD_GRP_184', 'TRD_GRP_185', 'TRD_GRP_186', 'TRD_GRP_187', 'TRD_GRP_188', 'TRD_GRP_189', 'TRD_GRP_190', 'TRD_GRP_191', 'TRD_GRP_192', 'TRD_GRP_193', 'TRD_GRP_194', 'TRD_GRP_195', 'TRD_GRP_196', 'TRD_GRP_197', 'TRD_GRP_198', 'TRD_GRP_199', 'TRD_GRP_200', 'TRD_GRP_201', 'TRD_GRP_202', 'TRD_GRP_203', 'TRD_GRP_204', 'TRD_GRP_205', 'TRD_GRP_206', 'TRD_GRP_207', 'TRD_GRP_208', 'TRD_GRP_209', 'TRD_GRP_210', 'TRD_GRP_211', 'TRD_GRP_212', 'TRD_GRP_213', 'TRD_GRP_214', 'TRD_GRP_215', 'TRD_GRP_216', 'TRD_GRP_217', 'TRD_GRP_218', 'TRD_GRP_219', 'TRD_GRP_220', 'TRD_GRP_221', 'TRD_GRP_222', 'TRD_GRP_223', 'TRD_GRP_224', 'TRD_GRP_225', 'TRD_GRP_226', 'TRD_GRP_227', 'TRD_GRP_228', 'TRD_GRP_229', 'TRD_GRP_230', 'TRD_GRP_231', 'TRD_GRP_232', 'TRD_GRP_233', 'TRD_GRP_234', 'TRD_GRP_235']], 'defaultSelfTradePreventionMode': 'EXPIRE_MAKER', 'allowedSelfTradePreventionModes': ['EXPIRE_TAKER', 'EXPIRE_MAKER', 'EXPIRE_BOTH']}
2025-01-18 01:42:00,581 - WARNING - \u26a0\ufe0f Filtro MIN_NOTIONAL não encontrado para BTCUSDT.
2025-01-18 01:42:01,362 - WARNING - \u26a0\ufe0f Não foi possível determinar o valor mínimo de compra para BTCUSDT.
2025-01-18 01:42:02,409 - INFO - \U0001f50d Informações da Binance para ETHUSDT: {'symbol': 'ETHUSDT', 'status': 'TRADING', 'baseAsset': 'ETH', 'baseAssetPrecision': 8, 'quoteAsset': 'USDT', 'quotePrecision': 8, 'quoteAssetPrecision': 8, 'baseCommissionPrecision': 8, 'quoteCommissionPrecision': 8, 'orderTypes': ['LIMIT', 'LIMIT_MAKER', 'MARKET', 'STOP_LOSS', 'STOP_LOSS_LIMIT', 'TAKE_PROFIT', 'TAKE_PROFIT_LIMIT'], 'icebergAllowed': True, 'ocoAllowed': True, 'otoAllowed': True, 'quoteOrderQtyMarketAllowed': True, 'allowTrailingStop': True, 'cancelReplaceAllowed': True, 'isSpotTradingAllowed': True, 'isMarginTradingAllowed': True, 'filters': [{'filterType': 'PRICE_FILTER', 'minPrice': '0.01000000', 'maxPrice': '1000000.00000000', 'tickSize': '0.01000000'}, {'filterType': 'LOT_SIZE', 'minQty': '0.00010000', 'maxQty': '9000.00000000', 'stepSize': '0.00010000'}, {'filterType': 'ICEBERG_PARTS', 'limit': 10}, {'filterType': 'MARKET_LOT_SIZE', 'minQty': '0.00000000', 'maxQty': '2418.75700375', 'stepSize': '0.00000000'}, {'filterType': 'TRAILING_DELTA', 'minTrailingAboveDelta': 10, 'maxTrailingAboveDelta': 2000, 'minTrailingBelowDelta': 10, 'maxTrailingBelowDelta': 2000}, {'filterType': 'PERCENT_PRICE_BY_SIDE', 'bidMultiplierUp': '5', 'bidMultiplierDown': '0.2', 'askMultiplierUp': '5', 'askMultiplierDown': '0.2', 'avgPriceMins': 5}, {'filterType': 'NOTIONAL', 'minNotional': '5.00000000', 'applyMinToMarket': True, 'maxNotional': '9000000.00000000', 'applyMaxToMarket': False, 'avgPriceMins': 5}, {'filterType': 'MAX_NUM_ORDERS', 'maxNumOrders': 200}, {'filterType': 'MAX_NUM_ALGO_ORDERS', 'maxNumAlgoOrders': 5}], 'permissions': [], 'permissionSets': [['SPOT', 'MARGIN', 'TRD_GRP_004', 'TRD_GRP_005', 'TRD_GRP_006', 'TRD_GRP_009', 'TRD_GRP_010', 'TRD_GRP_011', 'TRD_GRP_012', 'TRD_GRP_013', 'TRD_GRP_014', 'TRD_GRP_015', 'TRD_GRP_016', 'TRD_GRP_017', 'TRD_GRP_018', 'TRD_GRP_019', 'TRD_GRP_020', 'TRD_GRP_021', 'TRD_GRP_022', 'TRD_GRP_023', 'TRD_GRP_024', 'TRD_GRP_025', 'TRD_GRP_026', 'TRD_GRP_027', 'TRD_GRP_028', 'TRD_GRP_029', 'TRD_GRP_030', 'TRD_GRP_031', 'TRD_GRP_032', 'TRD_GRP_033', 'TRD_GRP_034', 'TRD_GRP_035', 'TRD_GRP_036', 'TRD_GRP_037', 'TRD_GRP_038', 'TRD_GRP_039', 'TRD_GRP_040', 'TRD_GRP_041', 'TRD_GRP_042', 'TRD_GRP_043', 'TRD_GRP_044', 'TRD_GRP_045', 'TRD_GRP_046', 'TRD_GRP_047', 'TRD_GRP_048', 'TRD_GRP_049', 'TRD_GRP_050', 'TRD_GRP_051', 'TRD_GRP_052', 'TRD_GRP_053', 'TRD_GRP_054', 'TRD_GRP_055', 'TRD_GRP_056', 'TRD_GRP_057', 'TRD_GRP_058', 'TRD_GRP_059', 'TRD_GRP_060', 'TRD_GRP_061', 'TRD_GRP_062', 'TRD_GRP_063', 'TRD_GRP_064', 'TRD_GRP_065', 'TRD_GRP_066', 'TRD_GRP_067', 'TRD_GRP_068', 'TRD_GRP_069', 'TRD_GRP_070', 'TRD_GRP_071', 'TRD_GRP_072', 'TRD_GRP_073', 'TRD_GRP_074', 'TRD_GRP_075', 'TRD_GRP_076', 'TRD_GRP_077', 'TRD_GRP_078', 'TRD_GRP_079', 'TRD_GRP_080', 'TRD_GRP_081', 'TRD_GRP_082', 'TRD_GRP_083', 'TRD_GRP_084', 'TRD_GRP_085', 'TRD_GRP_086', 'TRD_GRP_087', 'TRD_GRP_088', 'TRD_GRP_089', 'TRD_GRP_090', 'TRD_GRP_091', 'TRD_GRP_092', 'TRD_GRP_093', 'TRD_GRP_094', 'TRD_GRP_095', 'TRD_GRP_096', 'TRD_GRP_097', 'TRD_GRP_098', 'TRD_GRP_099', 'TRD_GRP_100', 'TRD_GRP_101', 'TRD_GRP_102', 'TRD_GRP_103', 'TRD_GRP_104', 'TRD_GRP_105', 'TRD_GRP_106', 'TRD_GRP_107', 'TRD_GRP_108', 'TRD_GRP_109', 'TRD_GRP_110', 'TRD_GRP_111', 'TRD_GRP_112', 'TRD_GRP_113', 'TRD_GRP_114', 'TRD_GRP_115', 'TRD_GRP_116', 'TRD_GRP_117', 'TRD_GRP_118', 'TRD_GRP_119', 'TRD_GRP_120', 'TRD_GRP_121', 'TRD_GRP_122', 'TRD_GRP_123', 'TRD_GRP_124', 'TRD_GRP_125', 'TRD_GRP_126', 'TRD_GRP_127', 'TRD_GRP_128', 'TRD_GRP_129', 'TRD_GRP_130', 'TRD_GRP_131', 'TRD_GRP_132', 'TRD_GRP_133', 'TRD_GRP_134', 'TRD_GRP_135', 'TRD_GRP_136', 'TRD_GRP_137', 'TRD_GRP_138', 'TRD_GRP_139', 'TRD_GRP_140', 'TRD_GRP_141', 'TRD_GRP_142', 'TRD_GRP_143', 'TRD_GRP_144', 'TRD_GRP_145', 'TRD_GRP_146', 'TRD_GRP_147', 'TRD_GRP_148', 'TRD_GRP_149', 'TRD_GRP_150', 'TRD_GRP_151', 'TRD_GRP_152', 'TRD_GRP_153', 'TRD_GRP_154', 'TRD_GRP_155', 'TRD_GRP_156', 'TRD_GRP_157', 'TRD_GRP_158', 'TRD_GRP_159', 'TRD_GRP_160', 'TRD_GRP_161', 'TRD_GRP_162', 'TRD_GRP_163', 'TRD_GRP_164', 'TRD_GRP_165', 'TRD_GRP_166', 'TRD_GRP_167', 'TRD_GRP_168', 'TRD_GRP_169', 'TRD_GRP_170', 'TRD_GRP_171', 'TRD_GRP_172', 'TRD_GRP_173', 'TRD_GRP_174', 'TRD_GRP_175', 'TRD_GRP_176', 'TRD_GRP_177', 'TRD_GRP_178', 'TRD_GRP_179', 'TRD_GRP_180', 'TRD_GRP_181', 'TRD_GRP_182', 'TRD_GRP_183', 'TRD_GRP_184', 'TRD_GRP_185', 'TRD_GRP_186', 'TRD_GRP_187', 'TRD_GRP_188', 'TRD_GRP_189', 'TRD_GRP_190', 'TRD_GRP_191', 'TRD_GRP_192', 'TRD_GRP_193', 'TRD_GRP_194', 'TRD_GRP_195', 'TRD_GRP_196', 'TRD_GRP_197', 'TRD_GRP_198', 'TRD_GRP_199', 'TRD_GRP_200', 'TRD_GRP_201', 'TRD_GRP_202', 'TRD_GRP_203', 'TRD_GRP_204', 'TRD_GRP_205', 'TRD_GRP_206', 'TRD_GRP_207', 'TRD_GRP_208', 'TRD_GRP_209', 'TRD_GRP_210', 'TRD_GRP_211', 'TRD_GRP_212', 'TRD_GRP_213', 'TRD_GRP_214', 'TRD_GRP_215', 'TRD_GRP_216', 'TRD_GRP_217', 'TRD_GRP_218', 'TRD_GRP_219', 'TRD_GRP_220', 'TRD_GRP_221', 'TRD_GRP_222', 'TRD_GRP_223', 'TRD_GRP_224', 'TRD_GRP_225', 'TRD_GRP_226', 'TRD_GRP_227', 'TRD_GRP_228', 'TRD_GRP_229', 'TRD_GRP_230', 'TRD_GRP_231', 'TRD_GRP_232', 'TRD_GRP_233', 'TRD_GRP_234', 'TRD_GRP_235']], 'defaultSelfTradePreventionMode': 'EXPIRE_MAKER', 'allowedSelfTradePreventionModes': ['EXPIRE_TAKER', 'EXPIRE_MAKER', 'EXPIRE_BOTH']}
2025-01-18 01:42:02,410 - WARNING - \u26a0\ufe0f Filtro MIN_NOTIONAL não encontrado para ETHUSDT.
2025-01-18 01:42:03,173 - WARNING - \u26a0\ufe0f Não foi possível determinar o valor mínimo de compra para ETHUSDT.
2025-01-18 01:42:35,000 - INFO - \U0001f50d Informações da Binance para BTCUSDT: {'symbol': 'BTCUSDT', 'status': 'TRADING', 'baseAsset': 'BTC', 'baseAssetPrecision': 8, 'quoteAsset': 'USDT', 'quotePrecision': 8, 'quoteAssetPrecision': 8, 'baseCommissionPrecision': 8, 'quoteCommissionPrecision': 8, 'orderTypes': ['LIMIT', 'LIMIT_MAKER', 'MARKET', 'STOP_LOSS', 'STOP_LOSS_LIMIT', 'TAKE_PROFIT', 'TAKE_PROFIT_LIMIT'], 'icebergAllowed': True, 'ocoAllowed': True, 'otoAllowed': True, 'quoteOrderQtyMarketAllowed': True, 'allowTrailingStop': True, 'cancelReplaceAllowed': True, 'isSpotTradingAllowed': True, 'isMarginTradingAllowed': True, 'filters': [{'filterType': 'PRICE_FILTER', 'minPrice': '0.01000000', 'maxPrice': '1000000.00000000', 'tickSize': '0.01000000'}, {'filterType': 'LOT_SIZE', 'minQty': '0.00001000', 'maxQty': '9000.00000000', 'stepSize': '0.00001000'}, {'filterType': 'ICEBERG_PARTS', 'limit': 10}, {'filterType': 'MARKET_LOT_SIZE', 'minQty': '0.00000000', 'maxQty': '89.67500095', 'stepSize': '0.00000000'}, {'filterType': 'TRAILING_DELTA', 'minTrailingAboveDelta': 10, 'maxTrailingAboveDelta': 2000, 'minTrailingBelowDelta': 10, 'maxTrailingBelowDelta': 2000}, {'filterType': 'PERCENT_PRICE_BY_SIDE', 'bidMultiplierUp': '5', 'bidMultiplierDown': '0.2', 'askMultiplierUp': '5', 'askMultiplierDown': '0.2', 'avgPriceMins': 5}, {'filterType': 'NOTIONAL', 'minNotional': '5.00000000', 'applyMinToMarket': True, 'maxNotional': '9000000.00000000', 'applyMaxToMarket': False, 'avgPriceMins': 5}, {'filterType': 'MAX_NUM_ORDERS', 'maxNumOrders': 200}, {'filterType': 'MAX_NUM_ALGO_ORDERS', 'maxNumAlgoOrders': 5}], 'permissions': [], 'permissionSets': [['SPOT', 'MARGIN', 'TRD_GRP_004', 'TRD_GRP_005', 'TRD_GRP_006', 'TRD_GRP_009', 'TRD_GRP_010', 'TRD_GRP_011', 'TRD_GRP_012', 'TRD_GRP_013', 'TRD_GRP_014', 'TRD_GRP_015', 'TRD_GRP_016', 'TRD_GRP_017', 'TRD_GRP_018', 'TRD_GRP_019', 'TRD_GRP_020', 'TRD_GRP_021', 'TRD_GRP_022', 'TRD_GRP_023', 'TRD_GRP_024', 'TRD_GRP_025', 'TRD_GRP_026', 'TRD_GRP_027', 'TRD_GRP_028', 'TRD_GRP_029', 'TRD_GRP_030', 'TRD_GRP_031', 'TRD_GRP_032', 'TRD_GRP_033', 'TRD_GRP_034', 'TRD_GRP_035', 'TRD_GRP_036', 'TRD_GRP_037', 'TRD_GRP_038', 'TRD_GRP_039', 'TRD_GRP_040', 'TRD_GRP_041', 'TRD_GRP_042', 'TRD_GRP_043', 'TRD_GRP_044', 'TRD_GRP_045', 'TRD_GRP_046', 'TRD_GRP_047', 'TRD_GRP_048', 'TRD_GRP_049', 'TRD_GRP_050', 'TRD_GRP_051', 'TRD_GRP_052', 'TRD_GRP_053', 'TRD_GRP_054', 'TRD_GRP_055', 'TRD_GRP_056', 'TRD_GRP_057', 'TRD_GRP_058', 'TRD_GRP_059', 'TRD_GRP_060', 'TRD_GRP_061', 'TRD_GRP_062', 'TRD_GRP_063', 'TRD_GRP_064', 'TRD_GRP_065', 'TRD_GRP_066', 'TRD_GRP_067', 'TRD_GRP_068', 'TRD_GRP_069', 'TRD_GRP_070', 'TRD_GRP_071', 'TRD_GRP_072', 'TRD_GRP_073', 'TRD_GRP_074', 'TRD_GRP_075', 'TRD_GRP_076', 'TRD_GRP_077', 'TRD_GRP_078', 'TRD_GRP_079', 'TRD_GRP_080', 'TRD_GRP_081', 'TRD_GRP_082', 'TRD_GRP_083', 'TRD_GRP_084', 'TRD_GRP_085', 'TRD_GRP_086', 'TRD_GRP_087', 'TRD_GRP_088', 'TRD_GRP_089', 'TRD_GRP_090', 'TRD_GRP_091', 'TRD_GRP_092', 'TRD_GRP_093', 'TRD_GRP_094', 'TRD_GRP_095', 'TRD_GRP_096', 'TRD_GRP_097', 'TRD_GRP_098', 'TRD_GRP_099', 'TRD_GRP_100', 'TRD_GRP_101', 'TRD_GRP_102', 'TRD_GRP_103', 'TRD_GRP_104', 'TRD_GRP_105', 'TRD_GRP_106', 'TRD_GRP_107', 'TRD_GRP_108', 'TRD_GRP_109', 'TRD_GRP_110', 'TRD_GRP_111', 'TRD_GRP_112', 'TRD_GRP_113', 'TRD_GRP_114', 'TRD_GRP_115', 'TRD_GRP_116', 'TRD_GRP_117', 'TRD_GRP_118', 'TRD_GRP_119', 'TRD_GRP_120', 'TRD_GRP_121', 'TRD_GRP_122', 'TRD_GRP_123', 'TRD_GRP_124', 'TRD_GRP_125', 'TRD_GRP_126', 'TRD_GRP_127', 'TRD_GRP_128', 'TRD_GRP_129', 'TRD_GRP_130', 'TRD_GRP_131', 'TRD_GRP_132', 'TRD_GRP_133', 'TRD_GRP_134', 'TRD_GRP_135', 'TRD_GRP_136', 'TRD_GRP_137', 'TRD_GRP_138', 'TRD_GRP_139', 'TRD_GRP_140', 'TRD_GRP_141', 'TRD_GRP_142', 'TRD_GRP_143', 'TRD_GRP_144', 'TRD_GRP_145', 'TRD_GRP_146', 'TRD_GRP_147', 'TRD_GRP_148', 'TRD_GRP_149', 'TRD_GRP_150', 'TRD_GRP_151', 'TRD_GRP_152', 'TRD_GRP_153', 'TRD_GRP_154', 'TRD_GRP_155', 'TRD_GRP_156', 'TRD_GRP_157', 'TRD_GRP_158', 'TRD_GRP_159', 'TRD_GRP_160', 'TRD_GRP_161', 'TRD_GRP_162', 'TRD_GRP_163', 'TRD_GRP_164', 'TRD_GRP_165', 'TRD_GRP_166', 'TRD_GRP_167', 'TRD_GRP_168', 'TRD_GRP_169', 'TRD_GRP_170', 'TRD_GRP_171', 'TRD_GRP_172', 'TRD_GRP_173', 'TRD_GRP_174', 'TRD_GRP_175', 'TRD_GRP_176', 'TRD_GRP_177', 'TRD_GRP_178', 'TRD_GRP_179', 'TRD_GRP_180', 'TRD_GRP_181', 'TRD_GRP_182', 'TRD_GRP_183', 'TRD_GRP_184', 'TRD_GRP_185', 'TRD_GRP_186', 'TRD_GRP_187', 'TRD_GRP_188', 'TRD_GRP_189', 'TRD_GRP_190', 'TRD_GRP_191', 'TRD_GRP_192', 'TRD_GRP_193', 'TRD_GRP_194', 'TRD_GRP_195', 'TRD_GRP_196', 'TRD_GRP_197', 'TRD_GRP_198', 'TRD_GRP_199', 'TRD_GRP_200', 'TRD_GRP_201', 'TRD_GRP_202', 'TRD_GRP_203', 'TRD_GRP_204', 'TRD_GRP_205', 'TRD_GRP_206', 'TRD_GRP_207', 'TRD_GRP_208', 'TRD_GRP_209', 'TRD_GRP_210', 'TRD_GRP_211', 'TRD_GRP_212', 'TRD_GRP_213', 'TRD_GRP_214', 'TRD_GRP_215', 'TRD_GRP_216', 'TRD_GRP_217', 'TRD_GRP_218', 'TRD_GRP_219', 'TRD_GRP_220', 'TRD_GRP_221', 'TRD_GRP_222', 'TRD_GRP_223', 'TRD_GRP_224', 'TRD_GRP_225', 'TRD_GRP_226', 'TRD_GRP_227', 'TRD_GRP_228', 'TRD_GRP_229', 'TRD_GRP_230', 'TRD_GRP_231', 'TRD_GRP_232', 'TRD_GRP_233', 'TRD_GRP_234', 'TRD_GRP_235']], 'defaultSelfTradePreventionMode': 'EXPIRE_MAKER', 'allowedSelfTradePreventionModes': ['EXPIRE_TAKER', 'EXPIRE_MAKER', 'EXPIRE_BOTH']}
2025-01-18 01:42:35,001 - WARNING - \u26a0\ufe0f Filtro MIN_NOTIONAL não encontrado para BTCUSDT.
2025-01-18 01:42:35,904 - WARNING - \u26a0\ufe0f Não foi possível determinar o valor mínimo de compra para BTCUSDT.
2025-01-18 01:42:36,674 - INFO - \U0001f50d Informações da Binance para ETHUSDT: {'symbol': 'ETHUSDT', 'status': 'TRADING', 'baseAsset': 'ETH', 'baseAssetPrecision': 8, 'quoteAsset': 'USDT', 'quotePrecision': 8, 'quoteAssetPrecision': 8, 'baseCommissionPrecision': 8, 'quoteCommissionPrecision': 8, 'orderTypes': ['LIMIT', 'LIMIT_MAKER', 'MARKET', 'STOP_LOSS', 'STOP_LOSS_LIMIT', 'TAKE_PROFIT', 'TAKE_PROFIT_LIMIT'], 'icebergAllowed': True, 'ocoAllowed': True, 'otoAllowed': True, 'quoteOrderQtyMarketAllowed': True, 'allowTrailingStop': True, 'cancelReplaceAllowed': True, 'isSpotTradingAllowed': True, 'isMarginTradingAllowed': True, 'filters': [{'filterType': 'PRICE_FILTER', 'minPrice': '0.01000000', 'maxPrice': '1000000.00000000', 'tickSize': '0.01000000'}, {'filterType': 'LOT_SIZE', 'minQty': '0.00010000', 'maxQty': '9000.00000000', 'stepSize': '0.00010000'}, {'filterType': 'ICEBERG_PARTS', 'limit': 10}, {'filterType': 'MARKET_LOT_SIZE', 'minQty': '0.00000000', 'maxQty': '2418.75700375', 'stepSize': '0.00000000'}, {'filterType': 'TRAILING_DELTA', 'minTrailingAboveDelta': 10, 'maxTrailingAboveDelta': 2000, 'minTrailingBelowDelta': 10, 'maxTrailingBelowDelta': 2000}, {'filterType': 'PERCENT_PRICE_BY_SIDE', 'bidMultiplierUp': '5', 'bidMultiplierDown': '0.2', 'askMultiplierUp': '5', 'askMultiplierDown': '0.2', 'avgPriceMins': 5}, {'filterType': 'NOTIONAL', 'minNotional': '5.00000000', 'applyMinToMarket': True, 'maxNotional': '9000000.00000000', 'applyMaxToMarket': False, 'avgPriceMins': 5}, {'filterType': 'MAX_NUM_ORDERS', 'maxNumOrders': 200}, {'filterType': 'MAX_NUM_ALGO_ORDERS', 'maxNumAlgoOrders': 5}], 'permissions': [], 'permissionSets': [['SPOT', 'MARGIN', 'TRD_GRP_004', 'TRD_GRP_005', 'TRD_GRP_006', 'TRD_GRP_009', 'TRD_GRP_010', 'TRD_GRP_011', 'TRD_GRP_012', 'TRD_GRP_013', 'TRD_GRP_014', 'TRD_GRP_015', 'TRD_GRP_016', 'TRD_GRP_017', 'TRD_GRP_018', 'TRD_GRP_019', 'TRD_GRP_020', 'TRD_GRP_021', 'TRD_GRP_022', 'TRD_GRP_023', 'TRD_GRP_024', 'TRD_GRP_025', 'TRD_GRP_026', 'TRD_GRP_027', 'TRD_GRP_028', 'TRD_GRP_029', 'TRD_GRP_030', 'TRD_GRP_031', 'TRD_GRP_032', 'TRD_GRP_033', 'TRD_GRP_034', 'TRD_GRP_035', 'TRD_GRP_036', 'TRD_GRP_037', 'TRD_GRP_038', 'TRD_GRP_039', 'TRD_GRP_040', 'TRD_GRP_041', 'TRD_GRP_042', 'TRD_GRP_043', 'TRD_GRP_044', 'TRD_GRP_045', 'TRD_GRP_046', 'TRD_GRP_047', 'TRD_GRP_048', 'TRD_GRP_049', 'TRD_GRP_050', 'TRD_GRP_051', 'TRD_GRP_052', 'TRD_GRP_053', 'TRD_GRP_054', 'TRD_GRP_055', 'TRD_GRP_056', 'TRD_GRP_057', 'TRD_GRP_058', 'TRD_GRP_059', 'TRD_GRP_060', 'TRD_GRP_061', 'TRD_GRP_062', 'TRD_GRP_063', 'TRD_GRP_064', 'TRD_GRP_065', 'TRD_GRP_066', 'TRD_GRP_067', 'TRD_GRP_068', 'TRD_GRP_069', 'TRD_GRP_070', 'TRD_GRP_071', 'TRD_GRP_072', 'TRD_GRP_073', 'TRD_GRP_074', 'TRD_GRP_075', 'TRD_GRP_076', 'TRD_GRP_077', 'TRD_GRP_078', 'TRD_GRP_079', 'TRD_GRP_080', 'TRD_GRP_081', 'TRD_GRP_082', 'TRD_GRP_083', 'TRD_GRP_084', 'TRD_GRP_085', 'TRD_GRP_086', 'TRD_GRP_087', 'TRD_GRP_088', 'TRD_GRP_089', 'TRD_GRP_090', 'TRD_GRP_091', 'TRD_GRP_092', 'TRD_GRP_093', 'TRD_GRP_094', 'TRD_GRP_095', 'TRD_GRP_096', 'TRD_GRP_097', 'TRD_GRP_098', 'TRD_GRP_099', 'TRD_GRP_100', 'TRD_GRP_101', 'TRD_GRP_102', 'TRD_GRP_103', 'TRD_GRP_104', 'TRD_GRP_105', 'TRD_GRP_106', 'TRD_GRP_107', 'TRD_GRP_108', 'TRD_GRP_109', 'TRD_GRP_110', 'TRD_GRP_111', 'TRD_GRP_112', 'TRD_GRP_113', 'TRD_GRP_114', 'TRD_GRP_115', 'TRD_GRP_116', 'TRD_GRP_117', 'TRD_GRP_118', 'TRD_GRP_119', 'TRD_GRP_120', 'TRD_GRP_121', 'TRD_GRP_122', 'TRD_GRP_123', 'TRD_GRP_124', 'TRD_GRP_125', 'TRD_GRP_126', 'TRD_GRP_127', 'TRD_GRP_128', 'TRD_GRP_129', 'TRD_GRP_130', 'TRD_GRP_131', 'TRD_GRP_132', 'TRD_GRP_133', 'TRD_GRP_134', 'TRD_GRP_135', 'TRD_GRP_136', 'TRD_GRP_137', 'TRD_GRP_138', 'TRD_GRP_139', 'TRD_GRP_140', 'TRD_GRP_141', 'TRD_GRP_142', 'TRD_GRP_143', 'TRD_GRP_144', 'TRD_GRP_145', 'TRD_GRP_146', 'TRD_GRP_147', 'TRD_GRP_148', 'TRD_GRP_149', 'TRD_GRP_150', 'TRD_GRP_151', 'TRD_GRP_152', 'TRD_GRP_153', 'TRD_GRP_154', 'TRD_GRP_155', 'TRD_GRP_156', 'TRD_GRP_157', 'TRD_GRP_158', 'TRD_GRP_159', 'TRD_GRP_160', 'TRD_GRP_161', 'TRD_GRP_162', 'TRD_GRP_163', 'TRD_GRP_164', 'TRD_GRP_165', 'TRD_GRP_166', 'TRD_GRP_167', 'TRD_GRP_168', 'TRD_GRP_169', 'TRD_GRP_170', 'TRD_GRP_171', 'TRD_GRP_172', 'TRD_GRP_173', 'TRD_GRP_174', 'TRD_GRP_175', 'TRD_GRP_176', 'TRD_GRP_177', 'TRD_GRP_178', 'TRD_GRP_179', 'TRD_GRP_180', 'TRD_GRP_181', 'TRD_GRP_182', 'TRD_GRP_183', 'TRD_GRP_184', 'TRD_GRP_185', 'TRD_GRP_186', 'TRD_GRP_187', 'TRD_GRP_188', 'TRD_GRP_189', 'TRD_GRP_190', 'TRD_GRP_191', 'TRD_GRP_192', 'TRD_GRP_193', 'TRD_GRP_194', 'TRD_GRP_195', 'TRD_GRP_196', 'TRD_GRP_197', 'TRD_GRP_198', 'TRD_GRP_199', 'TRD_GRP_200', 'TRD_GRP_201', 'TRD_GRP_202', 'TRD_GRP_203', 'TRD_GRP_204', 'TRD_GRP_205', 'TRD_GRP_206', 'TRD_GRP_207', 'TRD_GRP_208', 'TRD_GRP_209', 'TRD_GRP_210', 'TRD_GRP_211', 'TRD_GRP_212', 'TRD_GRP_213', 'TRD_GRP_214', 'TRD_GRP_215', 'TRD_GRP_216', 'TRD_GRP_217', 'TRD_GRP_218', 'TRD_GRP_219', 'TRD_GRP_220', 'TRD_GRP_221', 'TRD_GRP_222', 'TRD_GRP_223', 'TRD_GRP_224', 'TRD_GRP_225', 'TRD_GRP_226', 'TRD_GRP_227', 'TRD_GRP_228', 'TRD_GRP_229', 'TRD_GRP_230', 'TRD_GRP_231', 'TRD_GRP_232', 'TRD_GRP_233', 'TRD_GRP_234', 'TRD_GRP_235']], 'defaultSelfTradePreventionMode': 'EXPIRE_MAKER', 'allowedSelfTradePreventionModes': ['EXPIRE_TAKER', 'EXPIRE_MAKER', 'EXPIRE_BOTH']}
2025-01-18 01:42:36,674 - WARNING - \u26a0\ufe0f Filtro MIN_NOTIONAL não encontrado para ETHUSDT.
2025-01-18 01:42:37,469 - WARNING - \u26a0\ufe0f Não foi possível determinar o valor mínimo de compra para ETHUSDT.
2025-01-18 01:43:08,862 - INFO - \U0001f50d Informações da Binance para BTCUSDT: {'symbol': 'BTCUSDT', 'status': 'TRADING', 'baseAsset': 'BTC', 'baseAssetPrecision': 8, 'quoteAsset': 'USDT', 'quotePrecision': 8, 'quoteAssetPrecision': 8, 'baseCommissionPrecision': 8, 'quoteCommissionPrecision': 8, 'orderTypes': ['LIMIT', 'LIMIT_MAKER', 'MARKET', 'STOP_LOSS', 'STOP_LOSS_LIMIT', 'TAKE_PROFIT', 'TAKE_PROFIT_LIMIT'], 'icebergAllowed': True, 'ocoAllowed': True, 'otoAllowed': True, 'quoteOrderQtyMarketAllowed': True, 'allowTrailingStop': True, 'cancelReplaceAllowed': True, 'isSpotTradingAllowed': True, 'isMarginTradingAllowed': True, 'filters': [{'filterType': 'PRICE_FILTER', 'minPrice': '0.01000000', 'maxPrice': '1000000.00000000', 'tickSize': '0.01000000'}, {'filterType': 'LOT_SIZE', 'minQty': '0.00001000', 'maxQty': '9000.00000000', 'stepSize': '0.00001000'}, {'filterType': 'ICEBERG_PARTS', 'limit': 10}, {'filterType': 'MARKET_LOT_SIZE', 'minQty': '0.00000000', 'maxQty': '89.67500095', 'stepSize': '0.00000000'}, {'filterType': 'TRAILING_DELTA', 'minTrailingAboveDelta': 10, 'maxTrailingAboveDelta': 2000, 'minTrailingBelowDelta': 10, 'maxTrailingBelowDelta': 2000}, {'filterType': 'PERCENT_PRICE_BY_SIDE', 'bidMultiplierUp': '5', 'bidMultiplierDown': '0.2', 'askMultiplierUp': '5', 'askMultiplierDown': '0.2', 'avgPriceMins': 5}, {'filterType': 'NOTIONAL', 'minNotional': '5.00000000', 'applyMinToMarket': True, 'maxNotional': '9000000.00000000', 'applyMaxToMarket': False, 'avgPriceMins': 5}, {'filterType': 'MAX_NUM_ORDERS', 'maxNumOrders': 200}, {'filterType': 'MAX_NUM_ALGO_ORDERS', 'maxNumAlgoOrders': 5}], 'permissions': [], 'permissionSets': [['SPOT', 'MARGIN', 'TRD_GRP_004', 'TRD_GRP_005', 'TRD_GRP_006', 'TRD_GRP_009', 'TRD_GRP_010', 'TRD_GRP_011', 'TRD_GRP_012', 'TRD_GRP_013', 'TRD_GRP_014', 'TRD_GRP_015', 'TRD_GRP_016', 'TRD_GRP_017', 'TRD_GRP_018', 'TRD_GRP_019', 'TRD_GRP_020', 'TRD_GRP_021', 'TRD_GRP_022', 'TRD_GRP_023', 'TRD_GRP_024', 'TRD_GRP_025', 'TRD_GRP_026', 'TRD_GRP_027', 'TRD_GRP_028', 'TRD_GRP_029', 'TRD_GRP_030', 'TRD_GRP_031', 'TRD_GRP_032', 'TRD_GRP_033', 'TRD_GRP_034', 'TRD_GRP_035', 'TRD_GRP_036', 'TRD_GRP_037', 'TRD_GRP_038', 'TRD_GRP_039', 'TRD_GRP_040', 'TRD_GRP_041', 'TRD_GRP_042', 'TRD_GRP_043', 'TRD_GRP_044', 'TRD_GRP_045', 'TRD_GRP_046', 'TRD_GRP_047', 'TRD_GRP_048', 'TRD_GRP_049', 'TRD_GRP_050', 'TRD_GRP_051', 'TRD_GRP_052', 'TRD_GRP_053', 'TRD_GRP_054', 'TRD_GRP_055', 'TRD_GRP_056', 'TRD_GRP_057', 'TRD_GRP_058', 'TRD_GRP_059', 'TRD_GRP_060', 'TRD_GRP_061', 'TRD_GRP_062', 'TRD_GRP_063', 'TRD_GRP_064', 'TRD_GRP_065', 'TRD_GRP_066', 'TRD_GRP_067', 'TRD_GRP_068', 'TRD_GRP_069', 'TRD_GRP_070', 'TRD_GRP_071', 'TRD_GRP_072', 'TRD_GRP_073', 'TRD_GRP_074', 'TRD_GRP_075', 'TRD_GRP_076', 'TRD_GRP_077', 'TRD_GRP_078', 'TRD_GRP_079', 'TRD_GRP_080', 'TRD_GRP_081', 'TRD_GRP_082', 'TRD_GRP_083', 'TRD_GRP_084', 'TRD_GRP_085', 'TRD_GRP_086', 'TRD_GRP_087', 'TRD_GRP_088', 'TRD_GRP_089', 'TRD_GRP_090', 'TRD_GRP_091', 'TRD_GRP_092', 'TRD_GRP_093', 'TRD_GRP_094', 'TRD_GRP_095', 'TRD_GRP_096', 'TRD_GRP_097', 'TRD_GRP_098', 'TRD_GRP_099', 'TRD_GRP_100', 'TRD_GRP_101', 'TRD_GRP_102', 'TRD_GRP_103', 'TRD_GRP_104', 'TRD_GRP_105', 'TRD_GRP_106', 'TRD_GRP_107', 'TRD_GRP_108', 'TRD_GRP_109', 'TRD_GRP_110', 'TRD_GRP_111', 'TRD_GRP_112', 'TRD_GRP_113', 'TRD_GRP_114', 'TRD_GRP_115', 'TRD_GRP_116', 'TRD_GRP_117', 'TRD_GRP_118', 'TRD_GRP_119', 'TRD_GRP_120', 'TRD_GRP_121', 'TRD_GRP_122', 'TRD_GRP_123', 'TRD_GRP_124', 'TRD_GRP_125', 'TRD_GRP_126', 'TRD_GRP_127', 'TRD_GRP_128', 'TRD_GRP_129', 'TRD_GRP_130', 'TRD_GRP_131', 'TRD_GRP_132', 'TRD_GRP_133', 'TRD_GRP_134', 'TRD_GRP_135', 'TRD_GRP_136', 'TRD_GRP_137', 'TRD_GRP_138', 'TRD_GRP_139', 'TRD_GRP_140', 'TRD_GRP_141', 'TRD_GRP_142', 'TRD_GRP_143', 'TRD_GRP_144', 'TRD_GRP_145', 'TRD_GRP_146', 'TRD_GRP_147', 'TRD_GRP_148', 'TRD_GRP_149', 'TRD_GRP_150', 'TRD_GRP_151', 'TRD_GRP_152', 'TRD_GRP_153', 'TRD_GRP_154', 'TRD_GRP_155', 'TRD_GRP_156', 'TRD_GRP_157', 'TRD_GRP_158', 'TRD_GRP_159', 'TRD_GRP_160', 'TRD_GRP_161', 'TRD_GRP_162', 'TRD_GRP_163', 'TRD_GRP_164', 'TRD_GRP_165', 'TRD_GRP_166', 'TRD_GRP_167', 'TRD_GRP_168', 'TRD_GRP_169', 'TRD_GRP_170', 'TRD_GRP_171', 'TRD_GRP_172', 'TRD_GRP_173', 'TRD_GRP_174', 'TRD_GRP_175', 'TRD_GRP_176', 'TRD_GRP_177', 'TRD_GRP_178', 'TRD_GRP_179', 'TRD_GRP_180', 'TRD_GRP_181', 'TRD_GRP_182', 'TRD_GRP_183', 'TRD_GRP_184', 'TRD_GRP_185', 'TRD_GRP_186', 'TRD_GRP_187', 'TRD_GRP_188', 'TRD_GRP_189', 'TRD_GRP_190', 'TRD_GRP_191', 'TRD_GRP_192', 'TRD_GRP_193', 'TRD_GRP_194', 'TRD_GRP_195', 'TRD_GRP_196', 'TRD_GRP_197', 'TRD_GRP_198', 'TRD_GRP_199', 'TRD_GRP_200', 'TRD_GRP_201', 'TRD_GRP_202', 'TRD_GRP_203', 'TRD_GRP_204', 'TRD_GRP_205', 'TRD_GRP_206', 'TRD_GRP_207', 'TRD_GRP_208', 'TRD_GRP_209', 'TRD_GRP_210', 'TRD_GRP_211', 'TRD_GRP_212', 'TRD_GRP_213', 'TRD_GRP_214', 'TRD_GRP_215', 'TRD_GRP_216', 'TRD_GRP_217', 'TRD_GRP_218', 'TRD_GRP_219', 'TRD_GRP_220', 'TRD_GRP_221', 'TRD_GRP_222', 'TRD_GRP_223', 'TRD_GRP_224', 'TRD_GRP_225', 'TRD_GRP_226', 'TRD_GRP_227', 'TRD_GRP_228', 'TRD_GRP_229', 'TRD_GRP_230', 'TRD_GRP_231', 'TRD_GRP_232', 'TRD_GRP_233', 'TRD_GRP_234', 'TRD_GRP_235']], 'defaultSelfTradePreventionMode': 'EXPIRE_MAKER', 'allowedSelfTradePreventionModes': ['EXPIRE_TAKER', 'EXPIRE_MAKER', 'EXPIRE_BOTH']}
2025-01-18 01:43:08,862 - WARNING - \u26a0\ufe0f Filtro MIN_NOTIONAL não encontrado para BTCUSDT.
2025-01-18 01:43:09,632 - WARNING - \u26a0\ufe0f Não foi possível determinar o valor mínimo de compra para BTCUSDT.
2025-01-18 01:43:10,393 - INFO - \U0001f50d Informações da Binance para ETHUSDT: {'symbol': 'ETHUSDT', 'status': 'TRADING', 'baseAsset': 'ETH', 'baseAssetPrecision': 8, 'quoteAsset': 'USDT', 'quotePrecision': 8, 'quoteAssetPrecision': 8, 'baseCommissionPrecision': 8, 'quoteCommissionPrecision': 8, 'orderTypes': ['LIMIT', 'LIMIT_MAKER', 'MARKET', 'STOP_LOSS', 'STOP_LOSS_LIMIT', 'TAKE_PROFIT', 'TAKE_PROFIT_LIMIT'], 'icebergAllowed': True, 'ocoAllowed': True, 'otoAllowed': True, 'quoteOrderQtyMarketAllowed': True, 'allowTrailingStop': True, 'cancelReplaceAllowed': True, 'isSpotTradingAllowed': True, 'isMarginTradingAllowed': True, 'filters': [{'filterType': 'PRICE_FILTER', 'minPrice': '0.01000000', 'maxPrice': '1000000.00000000', 'tickSize': '0.01000000'}, {'filterType': 'LOT_SIZE', 'minQty': '0.00010000', 'maxQty': '9000.00000000', 'stepSize': '0.00010000'}, {'filterType': 'ICEBERG_PARTS', 'limit': 10}, {'filterType': 'MARKET_LOT_SIZE', 'minQty': '0.00000000', 'maxQty': '2418.75700375', 'stepSize': '0.00000000'}, {'filterType': 'TRAILING_DELTA', 'minTrailingAboveDelta': 10, 'maxTrailingAboveDelta': 2000, 'minTrailingBelowDelta': 10, 'maxTrailingBelowDelta': 2000}, {'filterType': 'PERCENT_PRICE_BY_SIDE', 'bidMultiplierUp': '5', 'bidMultiplierDown': '0.2', 'askMultiplierUp': '5', 'askMultiplierDown': '0.2', 'avgPriceMins': 5}, {'filterType': 'NOTIONAL', 'minNotional': '5.00000000', 'applyMinToMarket': True, 'maxNotional': '9000000.00000000', 'applyMaxToMarket': False, 'avgPriceMins': 5}, {'filterType': 'MAX_NUM_ORDERS', 'maxNumOrders': 200}, {'filterType': 'MAX_NUM_ALGO_ORDERS', 'maxNumAlgoOrders': 5}], 'permissions': [], 'permissionSets': [['SPOT', 'MARGIN', 'TRD_GRP_004', 'TRD_GRP_005', 'TRD_GRP_006', 'TRD_GRP_009', 'TRD_GRP_010', 'TRD_GRP_011', 'TRD_GRP_012', 'TRD_GRP_013', 'TRD_GRP_014', 'TRD_GRP_015', 'TRD_GRP_016', 'TRD_GRP_017', 'TRD_GRP_018', 'TRD_GRP_019', 'TRD_GRP_020', 'TRD_GRP_021', 'TRD_GRP_022', 'TRD_GRP_023', 'TRD_GRP_024', 'TRD_GRP_025', 'TRD_GRP_026', 'TRD_GRP_027', 'TRD_GRP_028', 'TRD_GRP_029', 'TRD_GRP_030', 'TRD_GRP_031', 'TRD_GRP_032', 'TRD_GRP_033', 'TRD_GRP_034', 'TRD_GRP_035', 'TRD_GRP_036', 'TRD_GRP_037', 'TRD_GRP_038', 'TRD_GRP_039', 'TRD_GRP_040', 'TRD_GRP_041', 'TRD_GRP_042', 'TRD_GRP_043', 'TRD_GRP_044', 'TRD_GRP_045', 'TRD_GRP_046', 'TRD_GRP_047', 'TRD_GRP_048', 'TRD_GRP_049', 'TRD_GRP_050', 'TRD_GRP_051', 'TRD_GRP_052', 'TRD_GRP_053', 'TRD_GRP_054', 'TRD_GRP_055', 'TRD_GRP_056', 'TRD_GRP_057', 'TRD_GRP_058', 'TRD_GRP_059', 'TRD_GRP_060', 'TRD_GRP_061', 'TRD_GRP_062', 'TRD_GRP_063', 'TRD_GRP_064', 'TRD_GRP_065', 'TRD_GRP_066', 'TRD_GRP_067', 'TRD_GRP_068', 'TRD_GRP_069', 'TRD_GRP_070', 'TRD_GRP_071', 'TRD_GRP_072', 'TRD_GRP_073', 'TRD_GRP_074', 'TRD_GRP_075', 'TRD_GRP_076', 'TRD_GRP_077', 'TRD_GRP_078', 'TRD_GRP_079', 'TRD_GRP_080', 'TRD_GRP_081', 'TRD_GRP_082', 'TRD_GRP_083', 'TRD_GRP_084', 'TRD_GRP_085', 'TRD_GRP_086', 'TRD_GRP_087', 'TRD_GRP_088', 'TRD_GRP_089', 'TRD_GRP_090', 'TRD_GRP_091', 'TRD_GRP_092', 'TRD_GRP_093', 'TRD_GRP_094', 'TRD_GRP_095', 'TRD_GRP_096', 'TRD_GRP_097', 'TRD_GRP_098', 'TRD_GRP_099', 'TRD_GRP_100', 'TRD_GRP_101', 'TRD_GRP_102', 'TRD_GRP_103', 'TRD_GRP_104', 'TRD_GRP_105', 'TRD_GRP_106', 'TRD_GRP_107', 'TRD_GRP_108', 'TRD_GRP_109', 'TRD_GRP_110', 'TRD_GRP_111', 'TRD_GRP_112', 'TRD_GRP_113', 'TRD_GRP_114', 'TRD_GRP_115', 'TRD_GRP_116', 'TRD_GRP_117', 'TRD_GRP_118', 'TRD_GRP_119', 'TRD_GRP_120', 'TRD_GRP_121', 'TRD_GRP_122', 'TRD_GRP_123', 'TRD_GRP_124', 'TRD_GRP_125', 'TRD_GRP_126', 'TRD_GRP_127', 'TRD_GRP_128', 'TRD_GRP_129', 'TRD_GRP_130', 'TRD_GRP_131', 'TRD_GRP_132', 'TRD_GRP_133', 'TRD_GRP_134', 'TRD_GRP_135', 'TRD_GRP_136', 'TRD_GRP_137', 'TRD_GRP_138', 'TRD_GRP_139', 'TRD_GRP_140', 'TRD_GRP_141', 'TRD_GRP_142', 'TRD_GRP_143', 'TRD_GRP_144', 'TRD_GRP_145', 'TRD_GRP_146', 'TRD_GRP_147', 'TRD_GRP_148', 'TRD_GRP_149', 'TRD_GRP_150', 'TRD_GRP_151', 'TRD_GRP_152', 'TRD_GRP_153', 'TRD_GRP_154', 'TRD_GRP_155', 'TRD_GRP_156', 'TRD_GRP_157', 'TRD_GRP_158', 'TRD_GRP_159', 'TRD_GRP_160', 'TRD_GRP_161', 'TRD_GRP_162', 'TRD_GRP_163', 'TRD_GRP_164', 'TRD_GRP_165', 'TRD_GRP_166', 'TRD_GRP_167', 'TRD_GRP_168', 'TRD_GRP_169', 'TRD_GRP_170', 'TRD_GRP_171', 'TRD_GRP_172', 'TRD_GRP_173', 'TRD_GRP_174', 'TRD_GRP_175', 'TRD_GRP_176', 'TRD_GRP_177', 'TRD_GRP_178', 'TRD_GRP_179', 'TRD_GRP_180', 'TRD_GRP_181', 'TRD_GRP_182', 'TRD_GRP_183', 'TRD_GRP_184', 'TRD_GRP_185', 'TRD_GRP_186', 'TRD_GRP_187', 'TRD_GRP_188', 'TRD_GRP_189', 'TRD_GRP_190', 'TRD_GRP_191', 'TRD_GRP_192', 'TRD_GRP_193', 'TRD_GRP_194', 'TRD_GRP_195', 'TRD_GRP_196', 'TRD_GRP_197', 'TRD_GRP_198', 'TRD_GRP_199', 'TRD_GRP_200', 'TRD_GRP_201', 'TRD_GRP_202', 'TRD_GRP_203', 'TRD_GRP_204', 'TRD_GRP_205', 'TRD_GRP_206', 'TRD_GRP_207', 'TRD_GRP_208', 'TRD_GRP_209', 'TRD_GRP_210', 'TRD_GRP_211', 'TRD_GRP_212', 'TRD_GRP_213', 'TRD_GRP_214', 'TRD_GRP_215', 'TRD_GRP_216', 'TRD_GRP_217', 'TRD_GRP_218', 'TRD_GRP_219', 'TRD_GRP_220', 'TRD_GRP_221', 'TRD_GRP_222', 'TRD_GRP_223', 'TRD_GRP_224', 'TRD_GRP_225', 'TRD_GRP_226', 'TRD_GRP_227', 'TRD_GRP_228', 'TRD_GRP_229', 'TRD_GRP_230', 'TRD_GRP_231', 'TRD_GRP_232', 'TRD_GRP_233', 'TRD_GRP_234', 'TRD_GRP_235']], 'defaultSelfTradePreventionMode': 'EXPIRE_MAKER', 'allowedSelfTradePreventionModes': ['EXPIRE_TAKER', 'EXPIRE_MAKER', 'EXPIRE_BOTH']}
2025-01-18 01:43:10,393 - WARNING - \u26a0\ufe0f Filtro MIN_NOTIONAL não encontrado para ETHUSDT.
2025-01-18 01:43:11,138 - WARNING - \u26a0\ufe0f Não foi possível determinar o valor mínimo de compra para ETHUSDT.
2025-01-18 01:43:43,026 - INFO - \U0001f50d Informações da Binance para BTCUSDT: {'symbol': 'BTCUSDT', 'status': 'TRADING', 'baseAsset': 'BTC', 'baseAssetPrecision': 8, 'quoteAsset': 'USDT', 'quotePrecision': 8, 'quoteAssetPrecision': 8, 'baseCommissionPrecision': 8, 'quoteCommissionPrecision': 8, 'orderTypes': ['LIMIT', 'LIMIT_MAKER', 'MARKET', 'STOP_LOSS', 'STOP_LOSS_LIMIT', 'TAKE_PROFIT', 'TAKE_PROFIT_LIMIT'], 'icebergAllowed': True, 'ocoAllowed': True, 'otoAllowed': True, 'quoteOrderQtyMarketAllowed': True, 'allowTrailingStop': True, 'cancelReplaceAllowed': True, 'isSpotTradingAllowed': True, 'isMarginTradingAllowed': True, 'filters': [{'filterType': 'PRICE_FILTER', 'minPrice': '0.01000000', 'maxPrice': '1000000.00000000', 'tickSize': '0.01000000'}, {'filterType': 'LOT_SIZE', 'minQty': '0.00001000', 'maxQty': '9000.00000000', 'stepSize': '0.00001000'}, {'filterType': 'ICEBERG_PARTS', 'limit': 10}, {'filterType': 'MARKET_LOT_SIZE', 'minQty': '0.00000000', 'maxQty': '89.67500095', 'stepSize': '0.00000000'}, {'filterType': 'TRAILING_DELTA', 'minTrailingAboveDelta': 10, 'maxTrailingAboveDelta': 2000, 'minTrailingBelowDelta': 10, 'maxTrailingBelowDelta': 2000}, {'filterType': 'PERCENT_PRICE_BY_SIDE', 'bidMultiplierUp': '5', 'bidMultiplierDown': '0.2', 'askMultiplierUp': '5', 'askMultiplierDown': '0.2', 'avgPriceMins': 5}, {'filterType': 'NOTIONAL', 'minNotional': '5.00000000', 'applyMinToMarket': True, 'maxNotional': '9000000.00000000', 'applyMaxToMarket': False, 'avgPriceMins': 5}, {'filterType': 'MAX_NUM_ORDERS', 'maxNumOrders': 200}, {'filterType': 'MAX_NUM_ALGO_ORDERS', 'maxNumAlgoOrders': 5}], 'permissions': [], 'permissionSets': [['SPOT', 'MARGIN', 'TRD_GRP_004', 'TRD_GRP_005', 'TRD_GRP_006', 'TRD_GRP_009', 'TRD_GRP_010', 'TRD_GRP_011', 'TRD_GRP_012', 'TRD_GRP_013', 'TRD_GRP_014', 'TRD_GRP_015', 'TRD_GRP_016', 'TRD_GRP_017', 'TRD_GRP_018', 'TRD_GRP_019', 'TRD_GRP_020', 'TRD_GRP_021', 'TRD_GRP_022', 'TRD_GRP_023', 'TRD_GRP_024', 'TRD_GRP_025', 'TRD_GRP_026', 'TRD_GRP_027', 'TRD_GRP_028', 'TRD_GRP_029', 'TRD_GRP_030', 'TRD_GRP_031', 'TRD_GRP_032', 'TRD_GRP_033', 'TRD_GRP_034', 'TRD_GRP_035', 'TRD_GRP_036', 'TRD_GRP_037', 'TRD_GRP_038', 'TRD_GRP_039', 'TRD_GRP_040', 'TRD_GRP_041', 'TRD_GRP_042', 'TRD_GRP_043', 'TRD_GRP_044', 'TRD_GRP_045', 'TRD_GRP_046', 'TRD_GRP_047', 'TRD_GRP_048', 'TRD_GRP_049', 'TRD_GRP_050', 'TRD_GRP_051', 'TRD_GRP_052', 'TRD_GRP_053', 'TRD_GRP_054', 'TRD_GRP_055', 'TRD_GRP_056', 'TRD_GRP_057', 'TRD_GRP_058', 'TRD_GRP_059', 'TRD_GRP_060', 'TRD_GRP_061', 'TRD_GRP_062', 'TRD_GRP_063', 'TRD_GRP_064', 'TRD_GRP_065', 'TRD_GRP_066', 'TRD_GRP_067', 'TRD_GRP_068', 'TRD_GRP_069', 'TRD_GRP_070', 'TRD_GRP_071', 'TRD_GRP_072', 'TRD_GRP_073', 'TRD_GRP_074', 'TRD_GRP_075', 'TRD_GRP_076', 'TRD_GRP_077', 'TRD_GRP_078', 'TRD_GRP_079', 'TRD_GRP_080', 'TRD_GRP_081', 'TRD_GRP_082', 'TRD_GRP_083', 'TRD_GRP_084', 'TRD_GRP_085', 'TRD_GRP_086', 'TRD_GRP_087', 'TRD_GRP_088', 'TRD_GRP_089', 'TRD_GRP_090', 'TRD_GRP_091', 'TRD_GRP_092', 'TRD_GRP_093', 'TRD_GRP_094', 'TRD_GRP_095', 'TRD_GRP_096', 'TRD_GRP_097', 'TRD_GRP_098', 'TRD_GRP_099', 'TRD_GRP_100', 'TRD_GRP_101', 'TRD_GRP_102', 'TRD_GRP_103', 'TRD_GRP_104', 'TRD_GRP_105', 'TRD_GRP_106', 'TRD_GRP_107', 'TRD_GRP_108', 'TRD_GRP_109', 'TRD_GRP_110', 'TRD_GRP_111', 'TRD_GRP_112', 'TRD_GRP_113', 'TRD_GRP_114', 'TRD_GRP_115', 'TRD_GRP_116', 'TRD_GRP_117', 'TRD_GRP_118', 'TRD_GRP_119', 'TRD_GRP_120', 'TRD_GRP_121', 'TRD_GRP_122', 'TRD_GRP_123', 'TRD_GRP_124', 'TRD_GRP_125', 'TRD_GRP_126', 'TRD_GRP_127', 'TRD_GRP_128', 'TRD_GRP_129', 'TRD_GRP_130', 'TRD_GRP_131', 'TRD_GRP_132', 'TRD_GRP_133', 'TRD_GRP_134', 'TRD_GRP_135', 'TRD_GRP_136', 'TRD_GRP_137', 'TRD_GRP_138', 'TRD_GRP_139', 'TRD_GRP_140', 'TRD_GRP_141', 'TRD_GRP_142', 'TRD_GRP_143', 'TRD_GRP_144', 'TRD_GRP_145', 'TRD_GRP_146', 'TRD_GRP_147', 'TRD_GRP_148', 'TRD_GRP_149', 'TRD_GRP_150', 'TRD_GRP_151', 'TRD_GRP_152', 'TRD_GRP_153', 'TRD_GRP_154', 'TRD_GRP_155', 'TRD_GRP_156', 'TRD_GRP_157', 'TRD_GRP_158', 'TRD_GRP_159', 'TRD_GRP_160', 'TRD_GRP_161', 'TRD_GRP_162', 'TRD_GRP_163', 'TRD_GRP_164', 'TRD_GRP_165', 'TRD_GRP_166', 'TRD_GRP_167', 'TRD_GRP_168', 'TRD_GRP_169', 'TRD_GRP_170', 'TRD_GRP_171', 'TRD_GRP_172', 'TRD_GRP_173', 'TRD_GRP_174', 'TRD_GRP_175', 'TRD_GRP_176', 'TRD_GRP_177', 'TRD_GRP_178', 'TRD_GRP_179', 'TRD_GRP_180', 'TRD_GRP_181', 'TRD_GRP_182', 'TRD_GRP_183', 'TRD_GRP_184', 'TRD_GRP_185', 'TRD_GRP_186', 'TRD_GRP_187', 'TRD_GRP_188', 'TRD_GRP_189', 'TRD_GRP_190', 'TRD_GRP_191', 'TRD_GRP_192', 'TRD_GRP_193', 'TRD_GRP_194', 'TRD_GRP_195', 'TRD_GRP_196', 'TRD_GRP_197', 'TRD_GRP_198', 'TRD_GRP_199', 'TRD_GRP_200', 'TRD_GRP_201', 'TRD_GRP_202', 'TRD_GRP_203', 'TRD_GRP_204', 'TRD_GRP_205', 'TRD_GRP_206', 'TRD_GRP_207', 'TRD_GRP_208', 'TRD_GRP_209', 'TRD_GRP_210', 'TRD_GRP_211', 'TRD_GRP_212', 'TRD_GRP_213', 'TRD_GRP_214', 'TRD_GRP_215', 'TRD_GRP_216', 'TRD_GRP_217', 'TRD_GRP_218', 'TRD_GRP_219', 'TRD_GRP_220', 'TRD_GRP_221', 'TRD_GRP_222', 'TRD_GRP_223', 'TRD_GRP_224', 'TRD_GRP_225', 'TRD_GRP_226', 'TRD_GRP_227', 'TRD_GRP_228', 'TRD_GRP_229', 'TRD_GRP_230', 'TRD_GRP_231', 'TRD_GRP_232', 'TRD_GRP_233', 'TRD_GRP_234', 'TRD_GRP_235']], 'defaultSelfTradePreventionMode': 'EXPIRE_MAKER', 'allowedSelfTradePreventionModes': ['EXPIRE_TAKER', 'EXPIRE_MAKER', 'EXPIRE_BOTH']}
2025-01-18 01:43:43,026 - WARNING - \u26a0\ufe0f Filtro MIN_NOTIONAL não encontrado para BTCUSDT.
2025-01-18 01:43:43,765 - WARNING - \u26a0\ufe0f Não foi possível determinar o valor mínimo de compra para BTCUSDT.
2025-01-18 01:43:44,523 - INFO - \U0001f50d Informações da Binance para ETHUSDT: {'symbol': 'ETHUSDT', 'status': 'TRADING', 'baseAsset': 'ETH', 'baseAssetPrecision': 8, 'quoteAsset': 'USDT', 'quotePrecision': 8, 'quoteAssetPrecision': 8, 'baseCommissionPrecision': 8, 'quoteCommissionPrecision': 8, 'orderTypes': ['LIMIT', 'LIMIT_MAKER', 'MARKET', 'STOP_LOSS', 'STOP_LOSS_LIMIT', 'TAKE_PROFIT', 'TAKE_PROFIT_LIMIT'], 'icebergAllowed': True, 'ocoAllowed': True, 'otoAllowed': True, 'quoteOrderQtyMarketAllowed': True, 'allowTrailingStop': True, 'cancelReplaceAllowed': True, 'isSpotTradingAllowed': True, 'isMarginTradingAllowed': True, 'filters': [{'filterType': 'PRICE_FILTER', 'minPrice': '0.01000000', 'maxPrice': '1000000.00000000', 'tickSize': '0.01000000'}, {'filterType': 'LOT_SIZE', 'minQty': '0.00010000', 'maxQty': '9000.00000000', 'stepSize': '0.00010000'}, {'filterType': 'ICEBERG_PARTS', 'limit': 10}, {'filterType': 'MARKET_LOT_SIZE', 'minQty': '0.00000000', 'maxQty': '2418.75700375', 'stepSize': '0.00000000'}, {'filterType': 'TRAILING_DELTA', 'minTrailingAboveDelta': 10, 'maxTrailingAboveDelta': 2000, 'minTrailingBelowDelta': 10, 'maxTrailingBelowDelta': 2000}, {'filterType': 'PERCENT_PRICE_BY_SIDE', 'bidMultiplierUp': '5', 'bidMultiplierDown': '0.2', 'askMultiplierUp': '5', 'askMultiplierDown': '0.2', 'avgPriceMins': 5}, {'filterType': 'NOTIONAL', 'minNotional': '5.00000000', 'applyMinToMarket': True, 'maxNotional': '9000000.00000000', 'applyMaxToMarket': False, 'avgPriceMins': 5}, {'filterType': 'MAX_NUM_ORDERS', 'maxNumOrders': 200}, {'filterType': 'MAX_NUM_ALGO_ORDERS', 'maxNumAlgoOrders': 5}], 'permissions': [], 'permissionSets': [['SPOT', 'MARGIN', 'TRD_GRP_004', 'TRD_GRP_005', 'TRD_GRP_006', 'TRD_GRP_009', 'TRD_GRP_010', 'TRD_GRP_011', 'TRD_GRP_012', 'TRD_GRP_013', 'TRD_GRP_014', 'TRD_GRP_015', 'TRD_GRP_016', 'TRD_GRP_017', 'TRD_GRP_018', 'TRD_GRP_019', 'TRD_GRP_020', 'TRD_GRP_021', 'TRD_GRP_022', 'TRD_GRP_023', 'TRD_GRP_024', 'TRD_GRP_025', 'TRD_GRP_026', 'TRD_GRP_027', 'TRD_GRP_028', 'TRD_GRP_029', 'TRD_GRP_030', 'TRD_GRP_031', 'TRD_GRP_032', 'TRD_GRP_033', 'TRD_GRP_034', 'TRD_GRP_035', 'TRD_GRP_036', 'TRD_GRP_037', 'TRD_GRP_038', 'TRD_GRP_039', 'TRD_GRP_040', 'TRD_GRP_041', 'TRD_GRP_042', 'TRD_GRP_043', 'TRD_GRP_044', 'TRD_GRP_045', 'TRD_GRP_046', 'TRD_GRP_047', 'TRD_GRP_048', 'TRD_GRP_049', 'TRD_GRP_050', 'TRD_GRP_051', 'TRD_GRP_052', 'TRD_GRP_053', 'TRD_GRP_054', 'TRD_GRP_055', 'TRD_GRP_056', 'TRD_GRP_057', 'TRD_GRP_058', 'TRD_GRP_059', 'TRD_GRP_060', 'TRD_GRP_061', 'TRD_GRP_062', 'TRD_GRP_063', 'TRD_GRP_064', 'TRD_GRP_065', 'TRD_GRP_066', 'TRD_GRP_067', 'TRD_GRP_068', 'TRD_GRP_069', 'TRD_GRP_070', 'TRD_GRP_071', 'TRD_GRP_072', 'TRD_GRP_073', 'TRD_GRP_074', 'TRD_GRP_075', 'TRD_GRP_076', 'TRD_GRP_077', 'TRD_GRP_078', 'TRD_GRP_079', 'TRD_GRP_080', 'TRD_GRP_081', 'TRD_GRP_082', 'TRD_GRP_083', 'TRD_GRP_084', 'TRD_GRP_085', 'TRD_GRP_086', 'TRD_GRP_087', 'TRD_GRP_088', 'TRD_GRP_089', 'TRD_GRP_090', 'TRD_GRP_091', 'TRD_GRP_092', 'TRD_GRP_093', 'TRD_GRP_094', 'TRD_GRP_095', 'TRD_GRP_096', 'TRD_GRP_097', 'TRD_GRP_098', 'TRD_GRP_099', 'TRD_GRP_100', 'TRD_GRP_101', 'TRD_GRP_102', 'TRD_GRP_103', 'TRD_GRP_104', 'TRD_GRP_105', 'TRD_GRP_106', 'TRD_GRP_107', 'TRD_GRP_108', 'TRD_GRP_109', 'TRD_GRP_110', 'TRD_GRP_111', 'TRD_GRP_112', 'TRD_GRP_113', 'TRD_GRP_114', 'TRD_GRP_115', 'TRD_GRP_116', 'TRD_GRP_117', 'TRD_GRP_118', 'TRD_GRP_119', 'TRD_GRP_120', 'TRD_GRP_121', 'TRD_GRP_122', 'TRD_GRP_123', 'TRD_GRP_124', 'TRD_GRP_125', 'TRD_GRP_126', 'TRD_GRP_127', 'TRD_GRP_128', 'TRD_GRP_129', 'TRD_GRP_130', 'TRD_GRP_131', 'TRD_GRP_132', 'TRD_GRP_133', 'TRD_GRP_134', 'TRD_GRP_135', 'TRD_GRP_136', 'TRD_GRP_137', 'TRD_GRP_138', 'TRD_GRP_139', 'TRD_GRP_140', 'TRD_GRP_141', 'TRD_GRP_142', 'TRD_GRP_143', 'TRD_GRP_144', 'TRD_GRP_145', 'TRD_GRP_146', 'TRD_GRP_147', 'TRD_GRP_148', 'TRD_GRP_149', 'TRD_GRP_150', 'TRD_GRP_151', 'TRD_GRP_152', 'TRD_GRP_153', 'TRD_GRP_154', 'TRD_GRP_155', 'TRD_GRP_156', 'TRD_GRP_157', 'TRD_GRP_158', 'TRD_GRP_159', 'TRD_GRP_160', 'TRD_GRP_161', 'TRD_GRP_162', 'TRD_GRP_163', 'TRD_GRP_164', 'TRD_GRP_165', 'TRD_GRP_166', 'TRD_GRP_167', 'TRD_GRP_168', 'TRD_GRP_169', 'TRD_GRP_170', 'TRD_GRP_171', 'TRD_GRP_172', 'TRD_GRP_173', 'TRD_GRP_174', 'TRD_GRP_175', 'TRD_GRP_176', 'TRD_GRP_177', 'TRD_GRP_178', 'TRD_GRP_179', 'TRD_GRP_180', 'TRD_GRP_181', 'TRD_GRP_182', 'TRD_GRP_183', 'TRD_GRP_184', 'TRD_GRP_185', 'TRD_GRP_186', 'TRD_GRP_187', 'TRD_GRP_188', 'TRD_GRP_189', 'TRD_GRP_190', 'TRD_GRP_191', 'TRD_GRP_192', 'TRD_GRP_193', 'TRD_GRP_194', 'TRD_GRP_195', 'TRD_GRP_196', 'TRD_GRP_197', 'TRD_GRP_198', 'TRD_GRP_199', 'TRD_GRP_200', 'TRD_GRP_201', 'TRD_GRP_202', 'TRD_GRP_203', 'TRD_GRP_204', 'TRD_GRP_205', 'TRD_GRP_206', 'TRD_GRP_207', 'TRD_GRP_208', 'TRD_GRP_209', 'TRD_GRP_210', 'TRD_GRP_211', 'TRD_GRP_212', 'TRD_GRP_213', 'TRD_GRP_214', 'TRD_GRP_215', 'TRD_GRP_216', 'TRD_GRP_217', 'TRD_GRP_218', 'TRD_GRP_219', 'TRD_GRP_220', 'TRD_GRP_221', 'TRD_GRP_222', 'TRD_GRP_223', 'TRD_GRP_224', 'TRD_GRP_225', 'TRD_GRP_226', 'TRD_GRP_227', 'TRD_GRP_228', 'TRD_GRP_229', 'TRD_GRP_230', 'TRD_GRP_231', 'TRD_GRP_232', 'TRD_GRP_233', 'TRD_GRP_234', 'TRD_GRP_235']], 'defaultSelfTradePreventionMode': 'EXPIRE_MAKER', 'allowedSelfTradePreventionModes': ['EXPIRE_TAKER', 'EXPIRE_MAKER', 'EXPIRE_BOTH']}
2025-01-18 01:43:44,523 - WARNING - \u26a0\ufe0f Filtro MIN_NOTIONAL não encontrado para ETHUSDT.
2025-01-18 01:43:45,253 - WARNING - \u26a0\ufe0f Não foi possível determinar o valor mínimo de compra para ETHUSDT.
2025-01-18 01:44:17,065 - INFO - \U0001f50d Informações da Binance para BTCUSDT: {'symbol': 'BTCUSDT', 'status': 'TRADING', 'baseAsset': 'BTC', 'baseAssetPrecision': 8, 'quoteAsset': 'USDT', 'quotePrecision': 8, 'quoteAssetPrecision': 8, 'baseCommissionPrecision': 8, 'quoteCommissionPrecision': 8, 'orderTypes': ['LIMIT', 'LIMIT_MAKER', 'MARKET', 'STOP_LOSS', 'STOP_LOSS_LIMIT', 'TAKE_PROFIT', 'TAKE_PROFIT_LIMIT'], 'icebergAllowed': True, 'ocoAllowed': True, 'otoAllowed': True, 'quoteOrderQtyMarketAllowed': True, 'allowTrailingStop': True, 'cancelReplaceAllowed': True, 'isSpotTradingAllowed': True, 'isMarginTradingAllowed': True, 'filters': [{'filterType': 'PRICE_FILTER', 'minPrice': '0.01000000', 'maxPrice': '1000000.00000000', 'tickSize': '0.01000000'}, {'filterType': 'LOT_SIZE', 'minQty': '0.00001000', 'maxQty': '9000.00000000', 'stepSize': '0.00001000'}, {'filterType': 'ICEBERG_PARTS', 'limit': 10}, {'filterType': 'MARKET_LOT_SIZE', 'minQty': '0.00000000', 'maxQty': '89.67500095', 'stepSize': '0.00000000'}, {'filterType': 'TRAILING_DELTA', 'minTrailingAboveDelta': 10, 'maxTrailingAboveDelta': 2000, 'minTrailingBelowDelta': 10, 'maxTrailingBelowDelta': 2000}, {'filterType': 'PERCENT_PRICE_BY_SIDE', 'bidMultiplierUp': '5', 'bidMultiplierDown': '0.2', 'askMultiplierUp': '5', 'askMultiplierDown': '0.2', 'avgPriceMins': 5}, {'filterType': 'NOTIONAL', 'minNotional': '5.00000000', 'applyMinToMarket': True, 'maxNotional': '9000000.00000000', 'applyMaxToMarket': False, 'avgPriceMins': 5}, {'filterType': 'MAX_NUM_ORDERS', 'maxNumOrders': 200}, {'filterType': 'MAX_NUM_ALGO_ORDERS', 'maxNumAlgoOrders': 5}], 'permissions': [], 'permissionSets': [['SPOT', 'MARGIN', 'TRD_GRP_004', 'TRD_GRP_005', 'TRD_GRP_006', 'TRD_GRP_009', 'TRD_GRP_010', 'TRD_GRP_011', 'TRD_GRP_012', 'TRD_GRP_013', 'TRD_GRP_014', 'TRD_GRP_015', 'TRD_GRP_016', 'TRD_GRP_017', 'TRD_GRP_018', 'TRD_GRP_019', 'TRD_GRP_020', 'TRD_GRP_021', 'TRD_GRP_022', 'TRD_GRP_023', 'TRD_GRP_024', 'TRD_GRP_025', 'TRD_GRP_026', 'TRD_GRP_027', 'TRD_GRP_028', 'TRD_GRP_029', 'TRD_GRP_030', 'TRD_GRP_031', 'TRD_GRP_032', 'TRD_GRP_033', 'TRD_GRP_034', 'TRD_GRP_035', 'TRD_GRP_036', 'TRD_GRP_037', 'TRD_GRP_038', 'TRD_GRP_039', 'TRD_GRP_040', 'TRD_GRP_041', 'TRD_GRP_042', 'TRD_GRP_043', 'TRD_GRP_044', 'TRD_GRP_045', 'TRD_GRP_046', 'TRD_GRP_047', 'TRD_GRP_048', 'TRD_GRP_049', 'TRD_GRP_050', 'TRD_GRP_051', 'TRD_GRP_052', 'TRD_GRP_053', 'TRD_GRP_054', 'TRD_GRP_055', 'TRD_GRP_056', 'TRD_GRP_057', 'TRD_GRP_058', 'TRD_GRP_059', 'TRD_GRP_060', 'TRD_GRP_061', 'TRD_GRP_062', 'TRD_GRP_063', 'TRD_GRP_064', 'TRD_GRP_065', 'TRD_GRP_066', 'TRD_GRP_067', 'TRD_GRP_068', 'TRD_GRP_069', 'TRD_GRP_070', 'TRD_GRP_071', 'TRD_GRP_072', 'TRD_GRP_073', 'TRD_GRP_074', 'TRD_GRP_075', 'TRD_GRP_076', 'TRD_GRP_077', 'TRD_GRP_078', 'TRD_GRP_079', 'TRD_GRP_080', 'TRD_GRP_081', 'TRD_GRP_082', 'TRD_GRP_083', 'TRD_GRP_084', 'TRD_GRP_085', 'TRD_GRP_086', 'TRD_GRP_087', 'TRD_GRP_088', 'TRD_GRP_089', 'TRD_GRP_090', 'TRD_GRP_091', 'TRD_GRP_092', 'TRD_GRP_093', 'TRD_GRP_094', 'TRD_GRP_095', 'TRD_GRP_096', 'TRD_GRP_097', 'TRD_GRP_098', 'TRD_GRP_099', 'TRD_GRP_100', 'TRD_GRP_101', 'TRD_GRP_102', 'TRD_GRP_103', 'TRD_GRP_104', 'TRD_GRP_105', 'TRD_GRP_106', 'TRD_GRP_107', 'TRD_GRP_108', 'TRD_GRP_109', 'TRD_GRP_110', 'TRD_GRP_111', 'TRD_GRP_112', 'TRD_GRP_113', 'TRD_GRP_114', 'TRD_GRP_115', 'TRD_GRP_116', 'TRD_GRP_117', 'TRD_GRP_118', 'TRD_GRP_119', 'TRD_GRP_120', 'TRD_GRP_121', 'TRD_GRP_122', 'TRD_GRP_123', 'TRD_GRP_124', 'TRD_GRP_125', 'TRD_GRP_126', 'TRD_GRP_127', 'TRD_GRP_128', 'TRD_GRP_129', 'TRD_GRP_130', 'TRD_GRP_131', 'TRD_GRP_132', 'TRD_GRP_133', 'TRD_GRP_134', 'TRD_GRP_135', 'TRD_GRP_136', 'TRD_GRP_137', 'TRD_GRP_138', 'TRD_GRP_139', 'TRD_GRP_140', 'TRD_GRP_141', 'TRD_GRP_142', 'TRD_GRP_143', 'TRD_GRP_144', 'TRD_GRP_145', 'TRD_GRP_146', 'TRD_GRP_147', 'TRD_GRP_148', 'TRD_GRP_149', 'TRD_GRP_150', 'TRD_GRP_151', 'TRD_GRP_152', 'TRD_GRP_153', 'TRD_GRP_154', 'TRD_GRP_155', 'TRD_GRP_156', 'TRD_GRP_157', 'TRD_GRP_158', 'TRD_GRP_159', 'TRD_GRP_160', 'TRD_GRP_161', 'TRD_GRP_162', 'TRD_GRP_163', 'TRD_GRP_164', 'TRD_GRP_165', 'TRD_GRP_166', 'TRD_GRP_167', 'TRD_GRP_168', 'TRD_GRP_169', 'TRD_GRP_170', 'TRD_GRP_171', 'TRD_GRP_172', 'TRD_GRP_173', 'TRD_GRP_174', 'TRD_GRP_175', 'TRD_GRP_176', 'TRD_GRP_177', 'TRD_GRP_178', 'TRD_GRP_179', 'TRD_GRP_180', 'TRD_GRP_181', 'TRD_GRP_182', 'TRD_GRP_183', 'TRD_GRP_184', 'TRD_GRP_185', 'TRD_GRP_186', 'TRD_GRP_187', 'TRD_GRP_188', 'TRD_GRP_189', 'TRD_GRP_190', 'TRD_GRP_191', 'TRD_GRP_192', 'TRD_GRP_193', 'TRD_GRP_194', 'TRD_GRP_195', 'TRD_GRP_196', 'TRD_GRP_197', 'TRD_GRP_198', 'TRD_GRP_199', 'TRD_GRP_200', 'TRD_GRP_201', 'TRD_GRP_202', 'TRD_GRP_203', 'TRD_GRP_204', 'TRD_GRP_205', 'TRD_GRP_206', 'TRD_GRP_207', 'TRD_GRP_208', 'TRD_GRP_209', 'TRD_GRP_210', 'TRD_GRP_211', 'TRD_GRP_212', 'TRD_GRP_213', 'TRD_GRP_214', 'TRD_GRP_215', 'TRD_GRP_216', 'TRD_GRP_217', 'TRD_GRP_218', 'TRD_GRP_219', 'TRD_GRP_220', 'TRD_GRP_221', 'TRD_GRP_222', 'TRD_GRP_223', 'TRD_GRP_224', 'TRD_GRP_225', 'TRD_GRP_226', 'TRD_GRP_227', 'TRD_GRP_228', 'TRD_GRP_229', 'TRD_GRP_230', 'TRD_GRP_231', 'TRD_GRP_232', 'TRD_GRP_233', 'TRD_GRP_234', 'TRD_GRP_235']], 'defaultSelfTradePreventionMode': 'EXPIRE_MAKER', 'allowedSelfTradePreventionModes': ['EXPIRE_TAKER', 'EXPIRE_MAKER', 'EXPIRE_BOTH']}
2025-01-18 01:44:17,066 - WARNING - \u26a0\ufe0f Filtro MIN_NOTIONAL não encontrado para BTCUSDT.
2025-01-18 01:44:17,827 - WARNING - \u26a0\ufe0f Não foi possível determinar o valor mínimo de compra para BTCUSDT.
2025-01-18 01:44:18,625 - INFO - \U0001f50d Informações da Binance para ETHUSDT: {'symbol': 'ETHUSDT', 'status': 'TRADING', 'baseAsset': 'ETH', 'baseAssetPrecision': 8, 'quoteAsset': 'USDT', 'quotePrecision': 8, 'quoteAssetPrecision': 8, 'baseCommissionPrecision': 8, 'quoteCommissionPrecision': 8, 'orderTypes': ['LIMIT', 'LIMIT_MAKER', 'MARKET', 'STOP_LOSS', 'STOP_LOSS_LIMIT', 'TAKE_PROFIT', 'TAKE_PROFIT_LIMIT'], 'icebergAllowed': True, 'ocoAllowed': True, 'otoAllowed': True, 'quoteOrderQtyMarketAllowed': True, 'allowTrailingStop': True, 'cancelReplaceAllowed': True, 'isSpotTradingAllowed': True, 'isMarginTradingAllowed': True, 'filters': [{'filterType': 'PRICE_FILTER', 'minPrice': '0.01000000', 'maxPrice': '1000000.00000000', 'tickSize': '0.01000000'}, {'filterType': 'LOT_SIZE', 'minQty': '0.00010000', 'maxQty': '9000.00000000', 'stepSize': '0.00010000'}, {'filterType': 'ICEBERG_PARTS', 'limit': 10}, {'filterType': 'MARKET_LOT_SIZE', 'minQty': '0.00000000', 'maxQty': '2418.75700375', 'stepSize': '0.00000000'}, {'filterType': 'TRAILING_DELTA', 'minTrailingAboveDelta': 10, 'maxTrailingAboveDelta': 2000, 'minTrailingBelowDelta': 10, 'maxTrailingBelowDelta': 2000}, {'filterType': 'PERCENT_PRICE_BY_SIDE', 'bidMultiplierUp': '5', 'bidMultiplierDown': '0.2', 'askMultiplierUp': '5', 'askMultiplierDown': '0.2', 'avgPriceMins': 5}, {'filterType': 'NOTIONAL', 'minNotional': '5.00000000', 'applyMinToMarket': True, 'maxNotional': '9000000.00000000', 'applyMaxToMarket': False, 'avgPriceMins': 5}, {'filterType': 'MAX_NUM_ORDERS', 'maxNumOrders': 200}, {'filterType': 'MAX_NUM_ALGO_ORDERS', 'maxNumAlgoOrders': 5}], 'permissions': [], 'permissionSets': [['SPOT', 'MARGIN', 'TRD_GRP_004', 'TRD_GRP_005', 'TRD_GRP_006', 'TRD_GRP_009', 'TRD_GRP_010', 'TRD_GRP_011', 'TRD_GRP_012', 'TRD_GRP_013', 'TRD_GRP_014', 'TRD_GRP_015', 'TRD_GRP_016', 'TRD_GRP_017', 'TRD_GRP_018', 'TRD_GRP_019', 'TRD_GRP_020', 'TRD_GRP_021', 'TRD_GRP_022', 'TRD_GRP_023', 'TRD_GRP_024', 'TRD_GRP_025', 'TRD_GRP_026', 'TRD_GRP_027', 'TRD_GRP_028', 'TRD_GRP_029', 'TRD_GRP_030', 'TRD_GRP_031', 'TRD_GRP_032', 'TRD_GRP_033', 'TRD_GRP_034', 'TRD_GRP_035', 'TRD_GRP_036', 'TRD_GRP_037', 'TRD_GRP_038', 'TRD_GRP_039', 'TRD_GRP_040', 'TRD_GRP_041', 'TRD_GRP_042', 'TRD_GRP_043', 'TRD_GRP_044', 'TRD_GRP_045', 'TRD_GRP_046', 'TRD_GRP_047', 'TRD_GRP_048', 'TRD_GRP_049', 'TRD_GRP_050', 'TRD_GRP_051', 'TRD_GRP_052', 'TRD_GRP_053', 'TRD_GRP_054', 'TRD_GRP_055', 'TRD_GRP_056', 'TRD_GRP_057', 'TRD_GRP_058', 'TRD_GRP_059', 'TRD_GRP_060', 'TRD_GRP_061', 'TRD_GRP_062', 'TRD_GRP_063', 'TRD_GRP_064', 'TRD_GRP_065', 'TRD_GRP_066', 'TRD_GRP_067', 'TRD_GRP_068', 'TRD_GRP_069', 'TRD_GRP_070', 'TRD_GRP_071', 'TRD_GRP_072', 'TRD_GRP_073', 'TRD_GRP_074', 'TRD_GRP_075', 'TRD_GRP_076', 'TRD_GRP_077', 'TRD_GRP_078', 'TRD_GRP_079', 'TRD_GRP_080', 'TRD_GRP_081', 'TRD_GRP_082', 'TRD_GRP_083', 'TRD_GRP_084', 'TRD_GRP_085', 'TRD_GRP_086', 'TRD_GRP_087', 'TRD_GRP_088', 'TRD_GRP_089', 'TRD_GRP_090', 'TRD_GRP_091', 'TRD_GRP_092', 'TRD_GRP_093', 'TRD_GRP_094', 'TRD_GRP_095', 'TRD_GRP_096', 'TRD_GRP_097', 'TRD_GRP_098', 'TRD_GRP_099', 'TRD_GRP_100', 'TRD_GRP_101', 'TRD_GRP_102', 'TRD_GRP_103', 'TRD_GRP_104', 'TRD_GRP_105', 'TRD_GRP_106', 'TRD_GRP_107', 'TRD_GRP_108', 'TRD_GRP_109', 'TRD_GRP_110', 'TRD_GRP_111', 'TRD_GRP_112', 'TRD_GRP_113', 'TRD_GRP_114', 'TRD_GRP_115', 'TRD_GRP_116', 'TRD_GRP_117', 'TRD_GRP_118', 'TRD_GRP_119', 'TRD_GRP_120', 'TRD_GRP_121', 'TRD_GRP_122', 'TRD_GRP_123', 'TRD_GRP_124', 'TRD_GRP_125', 'TRD_GRP_126', 'TRD_GRP_127', 'TRD_GRP_128', 'TRD_GRP_129', 'TRD_GRP_130', 'TRD_GRP_131', 'TRD_GRP_132', 'TRD_GRP_133', 'TRD_GRP_134', 'TRD_GRP_135', 'TRD_GRP_136', 'TRD_GRP_137', 'TRD_GRP_138', 'TRD_GRP_139', 'TRD_GRP_140', 'TRD_GRP_141', 'TRD_GRP_142', 'TRD_GRP_143', 'TRD_GRP_144', 'TRD_GRP_145', 'TRD_GRP_146', 'TRD_GRP_147', 'TRD_GRP_148', 'TRD_GRP_149', 'TRD_GRP_150', 'TRD_GRP_151', 'TRD_GRP_152', 'TRD_GRP_153', 'TRD_GRP_154', 'TRD_GRP_155', 'TRD_GRP_156', 'TRD_GRP_157', 'TRD_GRP_158', 'TRD_GRP_159', 'TRD_GRP_160', 'TRD_GRP_161', 'TRD_GRP_162', 'TRD_GRP_163', 'TRD_GRP_164', 'TRD_GRP_165', 'TRD_GRP_166', 'TRD_GRP_167', 'TRD_GRP_168', 'TRD_GRP_169', 'TRD_GRP_170', 'TRD_GRP_171', 'TRD_GRP_172', 'TRD_GRP_173', 'TRD_GRP_174', 'TRD_GRP_175', 'TRD_GRP_176', 'TRD_GRP_177', 'TRD_GRP_178', 'TRD_GRP_179', 'TRD_GRP_180', 'TRD_GRP_181', 'TRD_GRP_182', 'TRD_GRP_183', 'TRD_GRP_184', 'TRD_GRP_185', 'TRD_GRP_186', 'TRD_GRP_187', 'TRD_GRP_188', 'TRD_GRP_189', 'TRD_GRP_190', 'TRD_GRP_191', 'TRD_GRP_192', 'TRD_GRP_193', 'TRD_GRP_194', 'TRD_GRP_195', 'TRD_GRP_196', 'TRD_GRP_197', 'TRD_GRP_198', 'TRD_GRP_199', 'TRD_GRP_200', 'TRD_GRP_201', 'TRD_GRP_202', 'TRD_GRP_203', 'TRD_GRP_204', 'TRD_GRP_205', 'TRD_GRP_206', 'TRD_GRP_207', 'TRD_GRP_208', 'TRD_GRP_209', 'TRD_GRP_210', 'TRD_GRP_211', 'TRD_GRP_212', 'TRD_GRP_213', 'TRD_GRP_214', 'TRD_GRP_215', 'TRD_GRP_216', 'TRD_GRP_217', 'TRD_GRP_218', 'TRD_GRP_219', 'TRD_GRP_220', 'TRD_GRP_221', 'TRD_GRP_222', 'TRD_GRP_223', 'TRD_GRP_224', 'TRD_GRP_225', 'TRD_GRP_226', 'TRD_GRP_227', 'TRD_GRP_228', 'TRD_GRP_229', 'TRD_GRP_230', 'TRD_GRP_231', 'TRD_GRP_232', 'TRD_GRP_233', 'TRD_GRP_234', 'TRD_GRP_235']], 'defaultSelfTradePreventionMode': 'EXPIRE_MAKER', 'allowedSelfTradePreventionModes': ['EXPIRE_TAKER', 'EXPIRE_MAKER', 'EXPIRE_BOTH']}
2025-01-18 01:44:18,625 - WARNING - \u26a0\ufe0f Filtro MIN_NOTIONAL não encontrado para ETHUSDT.
2025-01-18 01:44:19,614 - WARNING - \u26a0\ufe0f Não foi possível determinar o valor mínimo de compra para ETHUSDT.
2025-01-18 01:44:51,509 - INFO - \U0001f50d Informações da Binance para BTCUSDT: {'symbol': 'BTCUSDT', 'status': 'TRADING', 'baseAsset': 'BTC', 'baseAssetPrecision': 8, 'quoteAsset': 'USDT', 'quotePrecision': 8, 'quoteAssetPrecision': 8, 'baseCommissionPrecision': 8, 'quoteCommissionPrecision': 8, 'orderTypes': ['LIMIT', 'LIMIT_MAKER', 'MARKET', 'STOP_LOSS', 'STOP_LOSS_LIMIT', 'TAKE_PROFIT', 'TAKE_PROFIT_LIMIT'], 'icebergAllowed': True, 'ocoAllowed': True, 'otoAllowed': True, 'quoteOrderQtyMarketAllowed': True, 'allowTrailingStop': True, 'cancelReplaceAllowed': True, 'isSpotTradingAllowed': True, 'isMarginTradingAllowed': True, 'filters': [{'filterType': 'PRICE_FILTER', 'minPrice': '0.01000000', 'maxPrice': '1000000.00000000', 'tickSize': '0.01000000'}, {'filterType': 'LOT_SIZE', 'minQty': '0.00001000', 'maxQty': '9000.00000000', 'stepSize': '0.00001000'}, {'filterType': 'ICEBERG_PARTS', 'limit': 10}, {'filterType': 'MARKET_LOT_SIZE', 'minQty': '0.00000000', 'maxQty': '89.67500095', 'stepSize': '0.00000000'}, {'filterType': 'TRAILING_DELTA', 'minTrailingAboveDelta': 10, 'maxTrailingAboveDelta': 2000, 'minTrailingBelowDelta': 10, 'maxTrailingBelowDelta': 2000}, {'filterType': 'PERCENT_PRICE_BY_SIDE', 'bidMultiplierUp': '5', 'bidMultiplierDown': '0.2', 'askMultiplierUp': '5', 'askMultiplierDown': '0.2', 'avgPriceMins': 5}, {'filterType': 'NOTIONAL', 'minNotional': '5.00000000', 'applyMinToMarket': True, 'maxNotional': '9000000.00000000', 'applyMaxToMarket': False, 'avgPriceMins': 5}, {'filterType': 'MAX_NUM_ORDERS', 'maxNumOrders': 200}, {'filterType': 'MAX_NUM_ALGO_ORDERS', 'maxNumAlgoOrders': 5}], 'permissions': [], 'permissionSets': [['SPOT', 'MARGIN', 'TRD_GRP_004', 'TRD_GRP_005', 'TRD_GRP_006', 'TRD_GRP_009', 'TRD_GRP_010', 'TRD_GRP_011', 'TRD_GRP_012', 'TRD_GRP_013', 'TRD_GRP_014', 'TRD_GRP_015', 'TRD_GRP_016', 'TRD_GRP_017', 'TRD_GRP_018', 'TRD_GRP_019', 'TRD_GRP_020', 'TRD_GRP_021', 'TRD_GRP_022', 'TRD_GRP_023', 'TRD_GRP_024', 'TRD_GRP_025', 'TRD_GRP_026', 'TRD_GRP_027', 'TRD_GRP_028', 'TRD_GRP_029', 'TRD_GRP_030', 'TRD_GRP_031', 'TRD_GRP_032', 'TRD_GRP_033', 'TRD_GRP_034', 'TRD_GRP_035', 'TRD_GRP_036', 'TRD_GRP_037', 'TRD_GRP_038', 'TRD_GRP_039', 'TRD_GRP_040', 'TRD_GRP_041', 'TRD_GRP_042', 'TRD_GRP_043', 'TRD_GRP_044', 'TRD_GRP_045', 'TRD_GRP_046', 'TRD_GRP_047', 'TRD_GRP_048', 'TRD_GRP_049', 'TRD_GRP_050', 'TRD_GRP_051', 'TRD_GRP_052', 'TRD_GRP_053', 'TRD_GRP_054', 'TRD_GRP_055', 'TRD_GRP_056', 'TRD_GRP_057', 'TRD_GRP_058', 'TRD_GRP_059', 'TRD_GRP_060', 'TRD_GRP_061', 'TRD_GRP_062', 'TRD_GRP_063', 'TRD_GRP_064', 'TRD_GRP_065', 'TRD_GRP_066', 'TRD_GRP_067', 'TRD_GRP_068', 'TRD_GRP_069', 'TRD_GRP_070', 'TRD_GRP_071', 'TRD_GRP_072', 'TRD_GRP_073', 'TRD_GRP_074', 'TRD_GRP_075', 'TRD_GRP_076', 'TRD_GRP_077', 'TRD_GRP_078', 'TRD_GRP_079', 'TRD_GRP_080', 'TRD_GRP_081', 'TRD_GRP_082', 'TRD_GRP_083', 'TRD_GRP_084', 'TRD_GRP_085', 'TRD_GRP_086', 'TRD_GRP_087', 'TRD_GRP_088', 'TRD_GRP_089', 'TRD_GRP_090', 'TRD_GRP_091', 'TRD_GRP_092', 'TRD_GRP_093', 'TRD_GRP_094', 'TRD_GRP_095', 'TRD_GRP_096', 'TRD_GRP_097', 'TRD_GRP_098', 'TRD_GRP_099', 'TRD_GRP_100', 'TRD_GRP_101', 'TRD_GRP_102', 'TRD_GRP_103', 'TRD_GRP_104', 'TRD_GRP_105', 'TRD_GRP_106', 'TRD_GRP_107', 'TRD_GRP_108', 'TRD_GRP_109', 'TRD_GRP_110', 'TRD_GRP_111', 'TRD_GRP_112', 'TRD_GRP_113', 'TRD_GRP_114', 'TRD_GRP_115', 'TRD_GRP_116', 'TRD_GRP_117', 'TRD_GRP_118', 'TRD_GRP_119', 'TRD_GRP_120', 'TRD_GRP_121', 'TRD_GRP_122', 'TRD_GRP_123', 'TRD_GRP_124', 'TRD_GRP_125', 'TRD_GRP_126', 'TRD_GRP_127', 'TRD_GRP_128', 'TRD_GRP_129', 'TRD_GRP_130', 'TRD_GRP_131', 'TRD_GRP_132', 'TRD_GRP_133', 'TRD_GRP_134', 'TRD_GRP_135', 'TRD_GRP_136', 'TRD_GRP_137', 'TRD_GRP_138', 'TRD_GRP_139', 'TRD_GRP_140', 'TRD_GRP_141', 'TRD_GRP_142', 'TRD_GRP_143', 'TRD_GRP_144', 'TRD_GRP_145', 'TRD_GRP_146', 'TRD_GRP_147', 'TRD_GRP_148', 'TRD_GRP_149', 'TRD_GRP_150', 'TRD_GRP_151', 'TRD_GRP_152', 'TRD_GRP_153', 'TRD_GRP_154', 'TRD_GRP_155', 'TRD_GRP_156', 'TRD_GRP_157', 'TRD_GRP_158', 'TRD_GRP_159', 'TRD_GRP_160', 'TRD_GRP_161', 'TRD_GRP_162', 'TRD_GRP_163', 'TRD_GRP_164', 'TRD_GRP_165', 'TRD_GRP_166', 'TRD_GRP_167', 'TRD_GRP_168', 'TRD_GRP_169', 'TRD_GRP_170', 'TRD_GRP_171', 'TRD_GRP_172', 'TRD_GRP_173', 'TRD_GRP_174', 'TRD_GRP_175', 'TRD_GRP_176', 'TRD_GRP_177', 'TRD_GRP_178', 'TRD_GRP_179', 'TRD_GRP_180', 'TRD_GRP_181', 'TRD_GRP_182', 'TRD_GRP_183', 'TRD_GRP_184', 'TRD_GRP_185', 'TRD_GRP_186', 'TRD_GRP_187', 'TRD_GRP_188', 'TRD_GRP_189', 'TRD_GRP_190', 'TRD_GRP_191', 'TRD_GRP_192', 'TRD_GRP_193', 'TRD_GRP_194', 'TRD_GRP_195', 'TRD_GRP_196', 'TRD_GRP_197', 'TRD_GRP_198', 'TRD_GRP_199', 'TRD_GRP_200', 'TRD_GRP_201', 'TRD_GRP_202', 'TRD_GRP_203', 'TRD_GRP_204', 'TRD_GRP_205', 'TRD_GRP_206', 'TRD_GRP_207', 'TRD_GRP_208', 'TRD_GRP_209', 'TRD_GRP_210', 'TRD_GRP_211', 'TRD_GRP_212', 'TRD_GRP_213', 'TRD_GRP_214', 'TRD_GRP_215', 'TRD_GRP_216', 'TRD_GRP_217', 'TRD_GRP_218', 'TRD_GRP_219', 'TRD_GRP_220', 'TRD_GRP_221', 'TRD_GRP_222', 'TRD_GRP_223', 'TRD_GRP_224', 'TRD_GRP_225', 'TRD_GRP_226', 'TRD_GRP_227', 'TRD_GRP_228', 'TRD_GRP_229', 'TRD_GRP_230', 'TRD_GRP_231', 'TRD_GRP_232', 'TRD_GRP_233', 'TRD_GRP_234', 'TRD_GRP_235']], 'defaultSelfTradePreventionMode': 'EXPIRE_MAKER', 'allowedSelfTradePreventionModes': ['EXPIRE_TAKER', 'EXPIRE_MAKER', 'EXPIRE_BOTH']}
2025-01-18 01:44:51,509 - WARNING - \u26a0\ufe0f Filtro MIN_NOTIONAL não encontrado para BTCUSDT.
2025-01-18 01:44:52,293 - WARNING - \u26a0\ufe0f Não foi possível determinar o valor mínimo de compra para BTCUSDT.
2025-01-18 01:44:53,050 - INFO - \U0001f50d Informações da Binance para ETHUSDT: {'symbol': 'ETHUSDT', 'status': 'TRADING', 'baseAsset': 'ETH', 'baseAssetPrecision': 8, 'quoteAsset': 'USDT', 'quotePrecision': 8, 'quoteAssetPrecision': 8, 'baseCommissionPrecision': 8, 'quoteCommissionPrecision': 8, 'orderTypes': ['LIMIT', 'LIMIT_MAKER', 'MARKET', 'STOP_LOSS', 'STOP_LOSS_LIMIT', 'TAKE_PROFIT', 'TAKE_PROFIT_LIMIT'], 'icebergAllowed': True, 'ocoAllowed': True, 'otoAllowed': True, 'quoteOrderQtyMarketAllowed': True, 'allowTrailingStop': True, 'cancelReplaceAllowed': True, 'isSpotTradingAllowed': True, 'isMarginTradingAllowed': True, 'filters': [{'filterType': 'PRICE_FILTER', 'minPrice': '0.01000000', 'maxPrice': '1000000.00000000', 'tickSize': '0.01000000'}, {'filterType': 'LOT_SIZE', 'minQty': '0.00010000', 'maxQty': '9000.00000000', 'stepSize': '0.00010000'}, {'filterType': 'ICEBERG_PARTS', 'limit': 10}, {'filterType': 'MARKET_LOT_SIZE', 'minQty': '0.00000000', 'maxQty': '2418.75700375', 'stepSize': '0.00000000'}, {'filterType': 'TRAILING_DELTA', 'minTrailingAboveDelta': 10, 'maxTrailingAboveDelta': 2000, 'minTrailingBelowDelta': 10, 'maxTrailingBelowDelta': 2000}, {'filterType': 'PERCENT_PRICE_BY_SIDE', 'bidMultiplierUp': '5', 'bidMultiplierDown': '0.2', 'askMultiplierUp': '5', 'askMultiplierDown': '0.2', 'avgPriceMins': 5}, {'filterType': 'NOTIONAL', 'minNotional': '5.00000000', 'applyMinToMarket': True, 'maxNotional': '9000000.00000000', 'applyMaxToMarket': False, 'avgPriceMins': 5}, {'filterType': 'MAX_NUM_ORDERS', 'maxNumOrders': 200}, {'filterType': 'MAX_NUM_ALGO_ORDERS', 'maxNumAlgoOrders': 5}], 'permissions': [], 'permissionSets': [['SPOT', 'MARGIN', 'TRD_GRP_004', 'TRD_GRP_005', 'TRD_GRP_006', 'TRD_GRP_009', 'TRD_GRP_010', 'TRD_GRP_011', 'TRD_GRP_012', 'TRD_GRP_013', 'TRD_GRP_014', 'TRD_GRP_015', 'TRD_GRP_016', 'TRD_GRP_017', 'TRD_GRP_018', 'TRD_GRP_019', 'TRD_GRP_020', 'TRD_GRP_021', 'TRD_GRP_022', 'TRD_GRP_023', 'TRD_GRP_024', 'TRD_GRP_025', 'TRD_GRP_026', 'TRD_GRP_027', 'TRD_GRP_028', 'TRD_GRP_029', 'TRD_GRP_030', 'TRD_GRP_031', 'TRD_GRP_032', 'TRD_GRP_033', 'TRD_GRP_034', 'TRD_GRP_035', 'TRD_GRP_036', 'TRD_GRP_037', 'TRD_GRP_038', 'TRD_GRP_039', 'TRD_GRP_040', 'TRD_GRP_041', 'TRD_GRP_042', 'TRD_GRP_043', 'TRD_GRP_044', 'TRD_GRP_045', 'TRD_GRP_046', 'TRD_GRP_047', 'TRD_GRP_048', 'TRD_GRP_049', 'TRD_GRP_050', 'TRD_GRP_051', 'TRD_GRP_052', 'TRD_GRP_053', 'TRD_GRP_054', 'TRD_GRP_055', 'TRD_GRP_056', 'TRD_GRP_057', 'TRD_GRP_058', 'TRD_GRP_059', 'TRD_GRP_060', 'TRD_GRP_061', 'TRD_GRP_062', 'TRD_GRP_063', 'TRD_GRP_064', 'TRD_GRP_065', 'TRD_GRP_066', 'TRD_GRP_067', 'TRD_GRP_068', 'TRD_GRP_069', 'TRD_GRP_070', 'TRD_GRP_071', 'TRD_GRP_072', 'TRD_GRP_073', 'TRD_GRP_074', 'TRD_GRP_075', 'TRD_GRP_076', 'TRD_GRP_077', 'TRD_GRP_078', 'TRD_GRP_079', 'TRD_GRP_080', 'TRD_GRP_081', 'TRD_GRP_082', 'TRD_GRP_083', 'TRD_GRP_084', 'TRD_GRP_085', 'TRD_GRP_086', 'TRD_GRP_087', 'TRD_GRP_088', 'TRD_GRP_089', 'TRD_GRP_090', 'TRD_GRP_091', 'TRD_GRP_092', 'TRD_GRP_093', 'TRD_GRP_094', 'TRD_GRP_095', 'TRD_GRP_096', 'TRD_GRP_097', 'TRD_GRP_098', 'TRD_GRP_099', 'TRD_GRP_100', 'TRD_GRP_101', 'TRD_GRP_102', 'TRD_GRP_103', 'TRD_GRP_104', 'TRD_GRP_105', 'TRD_GRP_106', 'TRD_GRP_107', 'TRD_GRP_108', 'TRD_GRP_109', 'TRD_GRP_110', 'TRD_GRP_111', 'TRD_GRP_112', 'TRD_GRP_113', 'TRD_GRP_114', 'TRD_GRP_115', 'TRD_GRP_116', 'TRD_GRP_117', 'TRD_GRP_118', 'TRD_GRP_119', 'TRD_GRP_120', 'TRD_GRP_121', 'TRD_GRP_122', 'TRD_GRP_123', 'TRD_GRP_124', 'TRD_GRP_125', 'TRD_GRP_126', 'TRD_GRP_127', 'TRD_GRP_128', 'TRD_GRP_129', 'TRD_GRP_130', 'TRD_GRP_131', 'TRD_GRP_132', 'TRD_GRP_133', 'TRD_GRP_134', 'TRD_GRP_135', 'TRD_GRP_136', 'TRD_GRP_137', 'TRD_GRP_138', 'TRD_GRP_139', 'TRD_GRP_140', 'TRD_GRP_141', 'TRD_GRP_142', 'TRD_GRP_143', 'TRD_GRP_144', 'TRD_GRP_145', 'TRD_GRP_146', 'TRD_GRP_147', 'TRD_GRP_148', 'TRD_GRP_149', 'TRD_GRP_150', 'TRD_GRP_151', 'TRD_GRP_152', 'TRD_GRP_153', 'TRD_GRP_154', 'TRD_GRP_155', 'TRD_GRP_156', 'TRD_GRP_157', 'TRD_GRP_158', 'TRD_GRP_159', 'TRD_GRP_160', 'TRD_GRP_161', 'TRD_GRP_162', 'TRD_GRP_163', 'TRD_GRP_164', 'TRD_GRP_165', 'TRD_GRP_166', 'TRD_GRP_167', 'TRD_GRP_168', 'TRD_GRP_169', 'TRD_GRP_170', 'TRD_GRP_171', 'TRD_GRP_172', 'TRD_GRP_173', 'TRD_GRP_174', 'TRD_GRP_175', 'TRD_GRP_176', 'TRD_GRP_177', 'TRD_GRP_178', 'TRD_GRP_179', 'TRD_GRP_180', 'TRD_GRP_181', 'TRD_GRP_182', 'TRD_GRP_183', 'TRD_GRP_184', 'TRD_GRP_185', 'TRD_GRP_186', 'TRD_GRP_187', 'TRD_GRP_188', 'TRD_GRP_189', 'TRD_GRP_190', 'TRD_GRP_191', 'TRD_GRP_192', 'TRD_GRP_193', 'TRD_GRP_194', 'TRD_GRP_195', 'TRD_GRP_196', 'TRD_GRP_197', 'TRD_GRP_198', 'TRD_GRP_199', 'TRD_GRP_200', 'TRD_GRP_201', 'TRD_GRP_202', 'TRD_GRP_203', 'TRD_GRP_204', 'TRD_GRP_205', 'TRD_GRP_206', 'TRD_GRP_207', 'TRD_GRP_208', 'TRD_GRP_209', 'TRD_GRP_210', 'TRD_GRP_211', 'TRD_GRP_212', 'TRD_GRP_213', 'TRD_GRP_214', 'TRD_GRP_215', 'TRD_GRP_216', 'TRD_GRP_217', 'TRD_GRP_218', 'TRD_GRP_219', 'TRD_GRP_220', 'TRD_GRP_221', 'TRD_GRP_222', 'TRD_GRP_223', 'TRD_GRP_224', 'TRD_GRP_225', 'TRD_GRP_226', 'TRD_GRP_227', 'TRD_GRP_228', 'TRD_GRP_229', 'TRD_GRP_230', 'TRD_GRP_231', 'TRD_GRP_232', 'TRD_GRP_233', 'TRD_GRP_234', 'TRD_GRP_235']], 'defaultSelfTradePreventionMode': 'EXPIRE_MAKER', 'allowedSelfTradePreventionModes': ['EXPIRE_TAKER', 'EXPIRE_MAKER', 'EXPIRE_BOTH']}
2025-01-18 01:44:53,050 - WARNING - \u26a0\ufe0f Filtro MIN_NOTIONAL não encontrado para ETHUSDT.
2025-01-18 01:44:53,814 - WARNING - \u26a0\ufe0f Não foi possível determinar o valor mínimo de compra para ETHUSDT.
2025-01-18 01:45:25,115 - INFO - \U0001f50d Informações da Binance para BTCUSDT: {'symbol': 'BTCUSDT', 'status': 'TRADING', 'baseAsset': 'BTC', 'baseAssetPrecision': 8, 'quoteAsset': 'USDT', 'quotePrecision': 8, 'quoteAssetPrecision': 8, 'baseCommissionPrecision': 8, 'quoteCommissionPrecision': 8, 'orderTypes': ['LIMIT', 'LIMIT_MAKER', 'MARKET', 'STOP_LOSS', 'STOP_LOSS_LIMIT', 'TAKE_PROFIT', 'TAKE_PROFIT_LIMIT'], 'icebergAllowed': True, 'ocoAllowed': True, 'otoAllowed': True, 'quoteOrderQtyMarketAllowed': True, 'allowTrailingStop': True, 'cancelReplaceAllowed': True, 'isSpotTradingAllowed': True, 'isMarginTradingAllowed': True, 'filters': [{'filterType': 'PRICE_FILTER', 'minPrice': '0.01000000', 'maxPrice': '1000000.00000000', 'tickSize': '0.01000000'}, {'filterType': 'LOT_SIZE', 'minQty': '0.00001000', 'maxQty': '9000.00000000', 'stepSize': '0.00001000'}, {'filterType': 'ICEBERG_PARTS', 'limit': 10}, {'filterType': 'MARKET_LOT_SIZE', 'minQty': '0.00000000', 'maxQty': '89.67500095', 'stepSize': '0.00000000'}, {'filterType': 'TRAILING_DELTA', 'minTrailingAboveDelta': 10, 'maxTrailingAboveDelta': 2000, 'minTrailingBelowDelta': 10, 'maxTrailingBelowDelta': 2000}, {'filterType': 'PERCENT_PRICE_BY_SIDE', 'bidMultiplierUp': '5', 'bidMultiplierDown': '0.2', 'askMultiplierUp': '5', 'askMultiplierDown': '0.2', 'avgPriceMins': 5}, {'filterType': 'NOTIONAL', 'minNotional': '5.00000000', 'applyMinToMarket': True, 'maxNotional': '9000000.00000000', 'applyMaxToMarket': False, 'avgPriceMins': 5}, {'filterType': 'MAX_NUM_ORDERS', 'maxNumOrders': 200}, {'filterType': 'MAX_NUM_ALGO_ORDERS', 'maxNumAlgoOrders': 5}], 'permissions': [], 'permissionSets': [['SPOT', 'MARGIN', 'TRD_GRP_004', 'TRD_GRP_005', 'TRD_GRP_006', 'TRD_GRP_009', 'TRD_GRP_010', 'TRD_GRP_011', 'TRD_GRP_012', 'TRD_GRP_013', 'TRD_GRP_014', 'TRD_GRP_015', 'TRD_GRP_016', 'TRD_GRP_017', 'TRD_GRP_018', 'TRD_GRP_019', 'TRD_GRP_020', 'TRD_GRP_021', 'TRD_GRP_022', 'TRD_GRP_023', 'TRD_GRP_024', 'TRD_GRP_025', 'TRD_GRP_026', 'TRD_GRP_027', 'TRD_GRP_028', 'TRD_GRP_029', 'TRD_GRP_030', 'TRD_GRP_031', 'TRD_GRP_032', 'TRD_GRP_033', 'TRD_GRP_034', 'TRD_GRP_035', 'TRD_GRP_036', 'TRD_GRP_037', 'TRD_GRP_038', 'TRD_GRP_039', 'TRD_GRP_040', 'TRD_GRP_041', 'TRD_GRP_042', 'TRD_GRP_043', 'TRD_GRP_044', 'TRD_GRP_045', 'TRD_GRP_046', 'TRD_GRP_047', 'TRD_GRP_048', 'TRD_GRP_049', 'TRD_GRP_050', 'TRD_GRP_051', 'TRD_GRP_052', 'TRD_GRP_053', 'TRD_GRP_054', 'TRD_GRP_055', 'TRD_GRP_056', 'TRD_GRP_057', 'TRD_GRP_058', 'TRD_GRP_059', 'TRD_GRP_060', 'TRD_GRP_061', 'TRD_GRP_062', 'TRD_GRP_063', 'TRD_GRP_064', 'TRD_GRP_065', 'TRD_GRP_066', 'TRD_GRP_067', 'TRD_GRP_068', 'TRD_GRP_069', 'TRD_GRP_070', 'TRD_GRP_071', 'TRD_GRP_072', 'TRD_GRP_073', 'TRD_GRP_074', 'TRD_GRP_075', 'TRD_GRP_076', 'TRD_GRP_077', 'TRD_GRP_078', 'TRD_GRP_079', 'TRD_GRP_080', 'TRD_GRP_081', 'TRD_GRP_082', 'TRD_GRP_083', 'TRD_GRP_084', 'TRD_GRP_085', 'TRD_GRP_086', 'TRD_GRP_087', 'TRD_GRP_088', 'TRD_GRP_089', 'TRD_GRP_090', 'TRD_GRP_091', 'TRD_GRP_092', 'TRD_GRP_093', 'TRD_GRP_094', 'TRD_GRP_095', 'TRD_GRP_096', 'TRD_GRP_097', 'TRD_GRP_098', 'TRD_GRP_099', 'TRD_GRP_100', 'TRD_GRP_101', 'TRD_GRP_102', 'TRD_GRP_103', 'TRD_GRP_104', 'TRD_GRP_105', 'TRD_GRP_106', 'TRD_GRP_107', 'TRD_GRP_108', 'TRD_GRP_109', 'TRD_GRP_110', 'TRD_GRP_111', 'TRD_GRP_112', 'TRD_GRP_113', 'TRD_GRP_114', 'TRD_GRP_115', 'TRD_GRP_116', 'TRD_GRP_117', 'TRD_GRP_118', 'TRD_GRP_119', 'TRD_GRP_120', 'TRD_GRP_121', 'TRD_GRP_122', 'TRD_GRP_123', 'TRD_GRP_124', 'TRD_GRP_125', 'TRD_GRP_126', 'TRD_GRP_127', 'TRD_GRP_128', 'TRD_GRP_129', 'TRD_GRP_130', 'TRD_GRP_131', 'TRD_GRP_132', 'TRD_GRP_133', 'TRD_GRP_134', 'TRD_GRP_135', 'TRD_GRP_136', 'TRD_GRP_137', 'TRD_GRP_138', 'TRD_GRP_139', 'TRD_GRP_140', 'TRD_GRP_141', 'TRD_GRP_142', 'TRD_GRP_143', 'TRD_GRP_144', 'TRD_GRP_145', 'TRD_GRP_146', 'TRD_GRP_147', 'TRD_GRP_148', 'TRD_GRP_149', 'TRD_GRP_150', 'TRD_GRP_151', 'TRD_GRP_152', 'TRD_GRP_153', 'TRD_GRP_154', 'TRD_GRP_155', 'TRD_GRP_156', 'TRD_GRP_157', 'TRD_GRP_158', 'TRD_GRP_159', 'TRD_GRP_160', 'TRD_GRP_161', 'TRD_GRP_162', 'TRD_GRP_163', 'TRD_GRP_164', 'TRD_GRP_165', 'TRD_GRP_166', 'TRD_GRP_167', 'TRD_GRP_168', 'TRD_GRP_169', 'TRD_GRP_170', 'TRD_GRP_171', 'TRD_GRP_172', 'TRD_GRP_173', 'TRD_GRP_174', 'TRD_GRP_175', 'TRD_GRP_176', 'TRD_GRP_177', 'TRD_GRP_178', 'TRD_GRP_179', 'TRD_GRP_180', 'TRD_GRP_181', 'TRD_GRP_182', 'TRD_GRP_183', 'TRD_GRP_184', 'TRD_GRP_185', 'TRD_GRP_186', 'TRD_GRP_187', 'TRD_GRP_188', 'TRD_GRP_189', 'TRD_GRP_190', 'TRD_GRP_191', 'TRD_GRP_192', 'TRD_GRP_193', 'TRD_GRP_194', 'TRD_GRP_195', 'TRD_GRP_196', 'TRD_GRP_197', 'TRD_GRP_198', 'TRD_GRP_199', 'TRD_GRP_200', 'TRD_GRP_201', 'TRD_GRP_202', 'TRD_GRP_203', 'TRD_GRP_204', 'TRD_GRP_205', 'TRD_GRP_206', 'TRD_GRP_207', 'TRD_GRP_208', 'TRD_GRP_209', 'TRD_GRP_210', 'TRD_GRP_211', 'TRD_GRP_212', 'TRD_GRP_213', 'TRD_GRP_214', 'TRD_GRP_215', 'TRD_GRP_216', 'TRD_GRP_217', 'TRD_GRP_218', 'TRD_GRP_219', 'TRD_GRP_220', 'TRD_GRP_221', 'TRD_GRP_222', 'TRD_GRP_223', 'TRD_GRP_224', 'TRD_GRP_225', 'TRD_GRP_226', 'TRD_GRP_227', 'TRD_GRP_228', 'TRD_GRP_229', 'TRD_GRP_230', 'TRD_GRP_231', 'TRD_GRP_232', 'TRD_GRP_233', 'TRD_GRP_234', 'TRD_GRP_235']], 'defaultSelfTradePreventionMode': 'EXPIRE_MAKER', 'allowedSelfTradePreventionModes': ['EXPIRE_TAKER', 'EXPIRE_MAKER', 'EXPIRE_BOTH']}
2025-01-18 01:45:25,115 - WARNING - \u26a0\ufe0f Filtro MIN_NOTIONAL não encontrado para BTCUSDT.
2025-01-18 01:45:25,858 - WARNING - \u26a0\ufe0f Não foi possível determinar o valor mínimo de compra para BTCUSDT.
2025-01-18 01:45:26,611 - INFO - \U0001f50d Informações da Binance para ETHUSDT: {'symbol': 'ETHUSDT', 'status': 'TRADING', 'baseAsset': 'ETH', 'baseAssetPrecision': 8, 'quoteAsset': 'USDT', 'quotePrecision': 8, 'quoteAssetPrecision': 8, 'baseCommissionPrecision': 8, 'quoteCommissionPrecision': 8, 'orderTypes': ['LIMIT', 'LIMIT_MAKER', 'MARKET', 'STOP_LOSS', 'STOP_LOSS_LIMIT', 'TAKE_PROFIT', 'TAKE_PROFIT_LIMIT'], 'icebergAllowed': True, 'ocoAllowed': True, 'otoAllowed': True, 'quoteOrderQtyMarketAllowed': True, 'allowTrailingStop': True, 'cancelReplaceAllowed': True, 'isSpotTradingAllowed': True, 'isMarginTradingAllowed': True, 'filters': [{'filterType': 'PRICE_FILTER', 'minPrice': '0.01000000', 'maxPrice': '1000000.00000000', 'tickSize': '0.01000000'}, {'filterType': 'LOT_SIZE', 'minQty': '0.00010000', 'maxQty': '9000.00000000', 'stepSize': '0.00010000'}, {'filterType': 'ICEBERG_PARTS', 'limit': 10}, {'filterType': 'MARKET_LOT_SIZE', 'minQty': '0.00000000', 'maxQty': '2418.75700375', 'stepSize': '0.00000000'}, {'filterType': 'TRAILING_DELTA', 'minTrailingAboveDelta': 10, 'maxTrailingAboveDelta': 2000, 'minTrailingBelowDelta': 10, 'maxTrailingBelowDelta': 2000}, {'filterType': 'PERCENT_PRICE_BY_SIDE', 'bidMultiplierUp': '5', 'bidMultiplierDown': '0.2', 'askMultiplierUp': '5', 'askMultiplierDown': '0.2', 'avgPriceMins': 5}, {'filterType': 'NOTIONAL', 'minNotional': '5.00000000', 'applyMinToMarket': True, 'maxNotional': '9000000.00000000', 'applyMaxToMarket': False, 'avgPriceMins': 5}, {'filterType': 'MAX_NUM_ORDERS', 'maxNumOrders': 200}, {'filterType': 'MAX_NUM_ALGO_ORDERS', 'maxNumAlgoOrders': 5}], 'permissions': [], 'permissionSets': [['SPOT', 'MARGIN', 'TRD_GRP_004', 'TRD_GRP_005', 'TRD_GRP_006', 'TRD_GRP_009', 'TRD_GRP_010', 'TRD_GRP_011', 'TRD_GRP_012', 'TRD_GRP_013', 'TRD_GRP_014', 'TRD_GRP_015', 'TRD_GRP_016', 'TRD_GRP_017', 'TRD_GRP_018', 'TRD_GRP_019', 'TRD_GRP_020', 'TRD_GRP_021', 'TRD_GRP_022', 'TRD_GRP_023', 'TRD_GRP_024', 'TRD_GRP_025', 'TRD_GRP_026', 'TRD_GRP_027', 'TRD_GRP_028', 'TRD_GRP_029', 'TRD_GRP_030', 'TRD_GRP_031', 'TRD_GRP_032', 'TRD_GRP_033', 'TRD_GRP_034', 'TRD_GRP_035', 'TRD_GRP_036', 'TRD_GRP_037', 'TRD_GRP_038', 'TRD_GRP_039', 'TRD_GRP_040', 'TRD_GRP_041', 'TRD_GRP_042', 'TRD_GRP_043', 'TRD_GRP_044', 'TRD_GRP_045', 'TRD_GRP_046', 'TRD_GRP_047', 'TRD_GRP_048', 'TRD_GRP_049', 'TRD_GRP_050', 'TRD_GRP_051', 'TRD_GRP_052', 'TRD_GRP_053', 'TRD_GRP_054', 'TRD_GRP_055', 'TRD_GRP_056', 'TRD_GRP_057', 'TRD_GRP_058', 'TRD_GRP_059', 'TRD_GRP_060', 'TRD_GRP_061', 'TRD_GRP_062', 'TRD_GRP_063', 'TRD_GRP_064', 'TRD_GRP_065', 'TRD_GRP_066', 'TRD_GRP_067', 'TRD_GRP_068', 'TRD_GRP_069', 'TRD_GRP_070', 'TRD_GRP_071', 'TRD_GRP_072', 'TRD_GRP_073', 'TRD_GRP_074', 'TRD_GRP_075', 'TRD_GRP_076', 'TRD_GRP_077', 'TRD_GRP_078', 'TRD_GRP_079', 'TRD_GRP_080', 'TRD_GRP_081', 'TRD_GRP_082', 'TRD_GRP_083', 'TRD_GRP_084', 'TRD_GRP_085', 'TRD_GRP_086', 'TRD_GRP_087', 'TRD_GRP_088', 'TRD_GRP_089', 'TRD_GRP_090', 'TRD_GRP_091', 'TRD_GRP_092', 'TRD_GRP_093', 'TRD_GRP_094', 'TRD_GRP_095', 'TRD_GRP_096', 'TRD_GRP_097', 'TRD_GRP_098', 'TRD_GRP_099', 'TRD_GRP_100', 'TRD_GRP_101', 'TRD_GRP_102', 'TRD_GRP_103', 'TRD_GRP_104', 'TRD_GRP_105', 'TRD_GRP_106', 'TRD_GRP_107', 'TRD_GRP_108', 'TRD_GRP_109', 'TRD_GRP_110', 'TRD_GRP_111', 'TRD_GRP_112', 'TRD_GRP_113', 'TRD_GRP_114', 'TRD_GRP_115', 'TRD_GRP_116', 'TRD_GRP_117', 'TRD_GRP_118', 'TRD_GRP_119', 'TRD_GRP_120', 'TRD_GRP_121', 'TRD_GRP_122', 'TRD_GRP_123', 'TRD_GRP_124', 'TRD_GRP_125', 'TRD_GRP_126', 'TRD_GRP_127', 'TRD_GRP_128', 'TRD_GRP_129', 'TRD_GRP_130', 'TRD_GRP_131', 'TRD_GRP_132', 'TRD_GRP_133', 'TRD_GRP_134', 'TRD_GRP_135', 'TRD_GRP_136', 'TRD_GRP_137', 'TRD_GRP_138', 'TRD_GRP_139', 'TRD_GRP_140', 'TRD_GRP_141', 'TRD_GRP_142', 'TRD_GRP_143', 'TRD_GRP_144', 'TRD_GRP_145', 'TRD_GRP_146', 'TRD_GRP_147', 'TRD_GRP_148', 'TRD_GRP_149', 'TRD_GRP_150', 'TRD_GRP_151', 'TRD_GRP_152', 'TRD_GRP_153', 'TRD_GRP_154', 'TRD_GRP_155', 'TRD_GRP_156', 'TRD_GRP_157', 'TRD_GRP_158', 'TRD_GRP_159', 'TRD_GRP_160', 'TRD_GRP_161', 'TRD_GRP_162', 'TRD_GRP_163', 'TRD_GRP_164', 'TRD_GRP_165', 'TRD_GRP_166', 'TRD_GRP_167', 'TRD_GRP_168', 'TRD_GRP_169', 'TRD_GRP_170', 'TRD_GRP_171', 'TRD_GRP_172', 'TRD_GRP_173', 'TRD_GRP_174', 'TRD_GRP_175', 'TRD_GRP_176', 'TRD_GRP_177', 'TRD_GRP_178', 'TRD_GRP_179', 'TRD_GRP_180', 'TRD_GRP_181', 'TRD_GRP_182', 'TRD_GRP_183', 'TRD_GRP_184', 'TRD_GRP_185', 'TRD_GRP_186', 'TRD_GRP_187', 'TRD_GRP_188', 'TRD_GRP_189', 'TRD_GRP_190', 'TRD_GRP_191', 'TRD_GRP_192', 'TRD_GRP_193', 'TRD_GRP_194', 'TRD_GRP_195', 'TRD_GRP_196', 'TRD_GRP_197', 'TRD_GRP_198', 'TRD_GRP_199', 'TRD_GRP_200', 'TRD_GRP_201', 'TRD_GRP_202', 'TRD_GRP_203', 'TRD_GRP_204', 'TRD_GRP_205', 'TRD_GRP_206', 'TRD_GRP_207', 'TRD_GRP_208', 'TRD_GRP_209', 'TRD_GRP_210', 'TRD_GRP_211', 'TRD_GRP_212', 'TRD_GRP_213', 'TRD_GRP_214', 'TRD_GRP_215', 'TRD_GRP_216', 'TRD_GRP_217', 'TRD_GRP_218', 'TRD_GRP_219', 'TRD_GRP_220', 'TRD_GRP_221', 'TRD_GRP_222', 'TRD_GRP_223', 'TRD_GRP_224', 'TRD_GRP_225', 'TRD_GRP_226', 'TRD_GRP_227', 'TRD_GRP_228', 'TRD_GRP_229', 'TRD_GRP_230', 'TRD_GRP_231', 'TRD_GRP_232', 'TRD_GRP_233', 'TRD_GRP_234', 'TRD_GRP_235']], 'defaultSelfTradePreventionMode': 'EXPIRE_MAKER', 'allowedSelfTradePreventionModes': ['EXPIRE_TAKER', 'EXPIRE_MAKER', 'EXPIRE_BOTH']}
2025-01-18 01:45:26,611 - WARNING - \u26a0\ufe0f Filtro MIN_NOTIONAL não encontrado para ETHUSDT.
2025-01-18 01:45:27,377 - WARNING - \u26a0\ufe0f Não foi possível determinar o valor mínimo de compra para ETHUSDT.
2025-01-18 01:45:59,296 - INFO - \U0001f50d Informações da Binance para BTCUSDT: {'symbol': 'BTCUSDT', 'status': 'TRADING', 'baseAsset': 'BTC', 'baseAssetPrecision': 8, 'quoteAsset': 'USDT', 'quotePrecision': 8, 'quoteAssetPrecision': 8, 'baseCommissionPrecision': 8, 'quoteCommissionPrecision': 8, 'orderTypes': ['LIMIT', 'LIMIT_MAKER', 'MARKET', 'STOP_LOSS', 'STOP_LOSS_LIMIT', 'TAKE_PROFIT', 'TAKE_PROFIT_LIMIT'], 'icebergAllowed': True, 'ocoAllowed': True, 'otoAllowed': True, 'quoteOrderQtyMarketAllowed': True, 'allowTrailingStop': True, 'cancelReplaceAllowed': True, 'isSpotTradingAllowed': True, 'isMarginTradingAllowed': True, 'filters': [{'filterType': 'PRICE_FILTER', 'minPrice': '0.01000000', 'maxPrice': '1000000.00000000', 'tickSize': '0.01000000'}, {'filterType': 'LOT_SIZE', 'minQty': '0.00001000', 'maxQty': '9000.00000000', 'stepSize': '0.00001000'}, {'filterType': 'ICEBERG_PARTS', 'limit': 10}, {'filterType': 'MARKET_LOT_SIZE', 'minQty': '0.00000000', 'maxQty': '89.67500095', 'stepSize': '0.00000000'}, {'filterType': 'TRAILING_DELTA', 'minTrailingAboveDelta': 10, 'maxTrailingAboveDelta': 2000, 'minTrailingBelowDelta': 10, 'maxTrailingBelowDelta': 2000}, {'filterType': 'PERCENT_PRICE_BY_SIDE', 'bidMultiplierUp': '5', 'bidMultiplierDown': '0.2', 'askMultiplierUp': '5', 'askMultiplierDown': '0.2', 'avgPriceMins': 5}, {'filterType': 'NOTIONAL', 'minNotional': '5.00000000', 'applyMinToMarket': True, 'maxNotional': '9000000.00000000', 'applyMaxToMarket': False, 'avgPriceMins': 5}, {'filterType': 'MAX_NUM_ORDERS', 'maxNumOrders': 200}, {'filterType': 'MAX_NUM_ALGO_ORDERS', 'maxNumAlgoOrders': 5}], 'permissions': [], 'permissionSets': [['SPOT', 'MARGIN', 'TRD_GRP_004', 'TRD_GRP_005', 'TRD_GRP_006', 'TRD_GRP_009', 'TRD_GRP_010', 'TRD_GRP_011', 'TRD_GRP_012', 'TRD_GRP_013', 'TRD_GRP_014', 'TRD_GRP_015', 'TRD_GRP_016', 'TRD_GRP_017', 'TRD_GRP_018', 'TRD_GRP_019', 'TRD_GRP_020', 'TRD_GRP_021', 'TRD_GRP_022', 'TRD_GRP_023', 'TRD_GRP_024', 'TRD_GRP_025', 'TRD_GRP_026', 'TRD_GRP_027', 'TRD_GRP_028', 'TRD_GRP_029', 'TRD_GRP_030', 'TRD_GRP_031', 'TRD_GRP_032', 'TRD_GRP_033', 'TRD_GRP_034', 'TRD_GRP_035', 'TRD_GRP_036', 'TRD_GRP_037', 'TRD_GRP_038', 'TRD_GRP_039', 'TRD_GRP_040', 'TRD_GRP_041', 'TRD_GRP_042', 'TRD_GRP_043', 'TRD_GRP_044', 'TRD_GRP_045', 'TRD_GRP_046', 'TRD_GRP_047', 'TRD_GRP_048', 'TRD_GRP_049', 'TRD_GRP_050', 'TRD_GRP_051', 'TRD_GRP_052', 'TRD_GRP_053', 'TRD_GRP_054', 'TRD_GRP_055', 'TRD_GRP_056', 'TRD_GRP_057', 'TRD_GRP_058', 'TRD_GRP_059', 'TRD_GRP_060', 'TRD_GRP_061', 'TRD_GRP_062', 'TRD_GRP_063', 'TRD_GRP_064', 'TRD_GRP_065', 'TRD_GRP_066', 'TRD_GRP_067', 'TRD_GRP_068', 'TRD_GRP_069', 'TRD_GRP_070', 'TRD_GRP_071', 'TRD_GRP_072', 'TRD_GRP_073', 'TRD_GRP_074', 'TRD_GRP_075', 'TRD_GRP_076', 'TRD_GRP_077', 'TRD_GRP_078', 'TRD_GRP_079', 'TRD_GRP_080', 'TRD_GRP_081', 'TRD_GRP_082', 'TRD_GRP_083', 'TRD_GRP_084', 'TRD_GRP_085', 'TRD_GRP_086', 'TRD_GRP_087', 'TRD_GRP_088', 'TRD_GRP_089', 'TRD_GRP_090', 'TRD_GRP_091', 'TRD_GRP_092', 'TRD_GRP_093', 'TRD_GRP_094', 'TRD_GRP_095', 'TRD_GRP_096', 'TRD_GRP_097', 'TRD_GRP_098', 'TRD_GRP_099', 'TRD_GRP_100', 'TRD_GRP_101', 'TRD_GRP_102', 'TRD_GRP_103', 'TRD_GRP_104', 'TRD_GRP_105', 'TRD_GRP_106', 'TRD_GRP_107', 'TRD_GRP_108', 'TRD_GRP_109', 'TRD_GRP_110', 'TRD_GRP_111', 'TRD_GRP_112', 'TRD_GRP_113', 'TRD_GRP_114', 'TRD_GRP_115', 'TRD_GRP_116', 'TRD_GRP_117', 'TRD_GRP_118', 'TRD_GRP_119', 'TRD_GRP_120', 'TRD_GRP_121', 'TRD_GRP_122', 'TRD_GRP_123', 'TRD_GRP_124', 'TRD_GRP_125', 'TRD_GRP_126', 'TRD_GRP_127', 'TRD_GRP_128', 'TRD_GRP_129', 'TRD_GRP_130', 'TRD_GRP_131', 'TRD_GRP_132', 'TRD_GRP_133', 'TRD_GRP_134', 'TRD_GRP_135', 'TRD_GRP_136', 'TRD_GRP_137', 'TRD_GRP_138', 'TRD_GRP_139', 'TRD_GRP_140', 'TRD_GRP_141', 'TRD_GRP_142', 'TRD_GRP_143', 'TRD_GRP_144', 'TRD_GRP_145', 'TRD_GRP_146', 'TRD_GRP_147', 'TRD_GRP_148', 'TRD_GRP_149', 'TRD_GRP_150', 'TRD_GRP_151', 'TRD_GRP_152', 'TRD_GRP_153', 'TRD_GRP_154', 'TRD_GRP_155', 'TRD_GRP_156', 'TRD_GRP_157', 'TRD_GRP_158', 'TRD_GRP_159', 'TRD_GRP_160', 'TRD_GRP_161', 'TRD_GRP_162', 'TRD_GRP_163', 'TRD_GRP_164', 'TRD_GRP_165', 'TRD_GRP_166', 'TRD_GRP_167', 'TRD_GRP_168', 'TRD_GRP_169', 'TRD_GRP_170', 'TRD_GRP_171', 'TRD_GRP_172', 'TRD_GRP_173', 'TRD_GRP_174', 'TRD_GRP_175', 'TRD_GRP_176', 'TRD_GRP_177', 'TRD_GRP_178', 'TRD_GRP_179', 'TRD_GRP_180', 'TRD_GRP_181', 'TRD_GRP_182', 'TRD_GRP_183', 'TRD_GRP_184', 'TRD_GRP_185', 'TRD_GRP_186', 'TRD_GRP_187', 'TRD_GRP_188', 'TRD_GRP_189', 'TRD_GRP_190', 'TRD_GRP_191', 'TRD_GRP_192', 'TRD_GRP_193', 'TRD_GRP_194', 'TRD_GRP_195', 'TRD_GRP_196', 'TRD_GRP_197', 'TRD_GRP_198', 'TRD_GRP_199', 'TRD_GRP_200', 'TRD_GRP_201', 'TRD_GRP_202', 'TRD_GRP_203', 'TRD_GRP_204', 'TRD_GRP_205', 'TRD_GRP_206', 'TRD_GRP_207', 'TRD_GRP_208', 'TRD_GRP_209', 'TRD_GRP_210', 'TRD_GRP_211', 'TRD_GRP_212', 'TRD_GRP_213', 'TRD_GRP_214', 'TRD_GRP_215', 'TRD_GRP_216', 'TRD_GRP_217', 'TRD_GRP_218', 'TRD_GRP_219', 'TRD_GRP_220', 'TRD_GRP_221', 'TRD_GRP_222', 'TRD_GRP_223', 'TRD_GRP_224', 'TRD_GRP_225', 'TRD_GRP_226', 'TRD_GRP_227', 'TRD_GRP_228', 'TRD_GRP_229', 'TRD_GRP_230', 'TRD_GRP_231', 'TRD_GRP_232', 'TRD_GRP_233', 'TRD_GRP_234', 'TRD_GRP_235']], 'defaultSelfTradePreventionMode': 'EXPIRE_MAKER', 'allowedSelfTradePreventionModes': ['EXPIRE_TAKER', 'EXPIRE_MAKER', 'EXPIRE_BOTH']}
2025-01-18 01:45:59,296 - WARNING - \u26a0\ufe0f Filtro MIN_NOTIONAL não encontrado para BTCUSDT.
2025-01-18 01:46:00,134 - WARNING - \u26a0\ufe0f Não foi possível determinar o valor mínimo de compra para BTCUSDT.
2025-01-18 01:46:00,931 - INFO - \U0001f50d Informações da Binance para ETHUSDT: {'symbol': 'ETHUSDT', 'status': 'TRADING', 'baseAsset': 'ETH', 'baseAssetPrecision': 8, 'quoteAsset': 'USDT', 'quotePrecision': 8, 'quoteAssetPrecision': 8, 'baseCommissionPrecision': 8, 'quoteCommissionPrecision': 8, 'orderTypes': ['LIMIT', 'LIMIT_MAKER', 'MARKET', 'STOP_LOSS', 'STOP_LOSS_LIMIT', 'TAKE_PROFIT', 'TAKE_PROFIT_LIMIT'], 'icebergAllowed': True, 'ocoAllowed': True, 'otoAllowed': True, 'quoteOrderQtyMarketAllowed': True, 'allowTrailingStop': True, 'cancelReplaceAllowed': True, 'isSpotTradingAllowed': True, 'isMarginTradingAllowed': True, 'filters': [{'filterType': 'PRICE_FILTER', 'minPrice': '0.01000000', 'maxPrice': '1000000.00000000', 'tickSize': '0.01000000'}, {'filterType': 'LOT_SIZE', 'minQty': '0.00010000', 'maxQty': '9000.00000000', 'stepSize': '0.00010000'}, {'filterType': 'ICEBERG_PARTS', 'limit': 10}, {'filterType': 'MARKET_LOT_SIZE', 'minQty': '0.00000000', 'maxQty': '2418.75700375', 'stepSize': '0.00000000'}, {'filterType': 'TRAILING_DELTA', 'minTrailingAboveDelta': 10, 'maxTrailingAboveDelta': 2000, 'minTrailingBelowDelta': 10, 'maxTrailingBelowDelta': 2000}, {'filterType': 'PERCENT_PRICE_BY_SIDE', 'bidMultiplierUp': '5', 'bidMultiplierDown': '0.2', 'askMultiplierUp': '5', 'askMultiplierDown': '0.2', 'avgPriceMins': 5}, {'filterType': 'NOTIONAL', 'minNotional': '5.00000000', 'applyMinToMarket': True, 'maxNotional': '9000000.00000000', 'applyMaxToMarket': False, 'avgPriceMins': 5}, {'filterType': 'MAX_NUM_ORDERS', 'maxNumOrders': 200}, {'filterType': 'MAX_NUM_ALGO_ORDERS', 'maxNumAlgoOrders': 5}], 'permissions': [], 'permissionSets': [['SPOT', 'MARGIN', 'TRD_GRP_004', 'TRD_GRP_005', 'TRD_GRP_006', 'TRD_GRP_009', 'TRD_GRP_010', 'TRD_GRP_011', 'TRD_GRP_012', 'TRD_GRP_013', 'TRD_GRP_014', 'TRD_GRP_015', 'TRD_GRP_016', 'TRD_GRP_017', 'TRD_GRP_018', 'TRD_GRP_019', 'TRD_GRP_020', 'TRD_GRP_021', 'TRD_GRP_022', 'TRD_GRP_023', 'TRD_GRP_024', 'TRD_GRP_025', 'TRD_GRP_026', 'TRD_GRP_027', 'TRD_GRP_028', 'TRD_GRP_029', 'TRD_GRP_030', 'TRD_GRP_031', 'TRD_GRP_032', 'TRD_GRP_033', 'TRD_GRP_034', 'TRD_GRP_035', 'TRD_GRP_036', 'TRD_GRP_037', 'TRD_GRP_038', 'TRD_GRP_039', 'TRD_GRP_040', 'TRD_GRP_041', 'TRD_GRP_042', 'TRD_GRP_043', 'TRD_GRP_044', 'TRD_GRP_045', 'TRD_GRP_046', 'TRD_GRP_047', 'TRD_GRP_048', 'TRD_GRP_049', 'TRD_GRP_050', 'TRD_GRP_051', 'TRD_GRP_052', 'TRD_GRP_053', 'TRD_GRP_054', 'TRD_GRP_055', 'TRD_GRP_056', 'TRD_GRP_057', 'TRD_GRP_058', 'TRD_GRP_059', 'TRD_GRP_060', 'TRD_GRP_061', 'TRD_GRP_062', 'TRD_GRP_063', 'TRD_GRP_064', 'TRD_GRP_065', 'TRD_GRP_066', 'TRD_GRP_067', 'TRD_GRP_068', 'TRD_GRP_069', 'TRD_GRP_070', 'TRD_GRP_071', 'TRD_GRP_072', 'TRD_GRP_073', 'TRD_GRP_074', 'TRD_GRP_075', 'TRD_GRP_076', 'TRD_GRP_077', 'TRD_GRP_078', 'TRD_GRP_079', 'TRD_GRP_080', 'TRD_GRP_081', 'TRD_GRP_082', 'TRD_GRP_083', 'TRD_GRP_084', 'TRD_GRP_085', 'TRD_GRP_086', 'TRD_GRP_087', 'TRD_GRP_088', 'TRD_GRP_089', 'TRD_GRP_090', 'TRD_GRP_091', 'TRD_GRP_092', 'TRD_GRP_093', 'TRD_GRP_094', 'TRD_GRP_095', 'TRD_GRP_096', 'TRD_GRP_097', 'TRD_GRP_098', 'TRD_GRP_099', 'TRD_GRP_100', 'TRD_GRP_101', 'TRD_GRP_102', 'TRD_GRP_103', 'TRD_GRP_104', 'TRD_GRP_105', 'TRD_GRP_106', 'TRD_GRP_107', 'TRD_GRP_108', 'TRD_GRP_109', 'TRD_GRP_110', 'TRD_GRP_111', 'TRD_GRP_112', 'TRD_GRP_113', 'TRD_GRP_114', 'TRD_GRP_115', 'TRD_GRP_116', 'TRD_GRP_117', 'TRD_GRP_118', 'TRD_GRP_119', 'TRD_GRP_120', 'TRD_GRP_121', 'TRD_GRP_122', 'TRD_GRP_123', 'TRD_GRP_124', 'TRD_GRP_125', 'TRD_GRP_126', 'TRD_GRP_127', 'TRD_GRP_128', 'TRD_GRP_129', 'TRD_GRP_130', 'TRD_GRP_131', 'TRD_GRP_132', 'TRD_GRP_133', 'TRD_GRP_134', 'TRD_GRP_135', 'TRD_GRP_136', 'TRD_GRP_137', 'TRD_GRP_138', 'TRD_GRP_139', 'TRD_GRP_140', 'TRD_GRP_141', 'TRD_GRP_142', 'TRD_GRP_143', 'TRD_GRP_144', 'TRD_GRP_145', 'TRD_GRP_146', 'TRD_GRP_147', 'TRD_GRP_148', 'TRD_GRP_149', 'TRD_GRP_150', 'TRD_GRP_151', 'TRD_GRP_152', 'TRD_GRP_153', 'TRD_GRP_154', 'TRD_GRP_155', 'TRD_GRP_156', 'TRD_GRP_157', 'TRD_GRP_158', 'TRD_GRP_159', 'TRD_GRP_160', 'TRD_GRP_161', 'TRD_GRP_162', 'TRD_GRP_163', 'TRD_GRP_164', 'TRD_GRP_165', 'TRD_GRP_166', 'TRD_GRP_167', 'TRD_GRP_168', 'TRD_GRP_169', 'TRD_GRP_170', 'TRD_GRP_171', 'TRD_GRP_172', 'TRD_GRP_173', 'TRD_GRP_174', 'TRD_GRP_175', 'TRD_GRP_176', 'TRD_GRP_177', 'TRD_GRP_178', 'TRD_GRP_179', 'TRD_GRP_180', 'TRD_GRP_181', 'TRD_GRP_182', 'TRD_GRP_183', 'TRD_GRP_184', 'TRD_GRP_185', 'TRD_GRP_186', 'TRD_GRP_187', 'TRD_GRP_188', 'TRD_GRP_189', 'TRD_GRP_190', 'TRD_GRP_191', 'TRD_GRP_192', 'TRD_GRP_193', 'TRD_GRP_194', 'TRD_GRP_195', 'TRD_GRP_196', 'TRD_GRP_197', 'TRD_GRP_198', 'TRD_GRP_199', 'TRD_GRP_200', 'TRD_GRP_201', 'TRD_GRP_202', 'TRD_GRP_203', 'TRD_GRP_204', 'TRD_GRP_205', 'TRD_GRP_206', 'TRD_GRP_207', 'TRD_GRP_208', 'TRD_GRP_209', 'TRD_GRP_210', 'TRD_GRP_211', 'TRD_GRP_212', 'TRD_GRP_213', 'TRD_GRP_214', 'TRD_GRP_215', 'TRD_GRP_216', 'TRD_GRP_217', 'TRD_GRP_218', 'TRD_GRP_219', 'TRD_GRP_220', 'TRD_GRP_221', 'TRD_GRP_222', 'TRD_GRP_223', 'TRD_GRP_224', 'TRD_GRP_225', 'TRD_GRP_226', 'TRD_GRP_227', 'TRD_GRP_228', 'TRD_GRP_229', 'TRD_GRP_230', 'TRD_GRP_231', 'TRD_GRP_232', 'TRD_GRP_233', 'TRD_GRP_234', 'TRD_GRP_235']], 'defaultSelfTradePreventionMode': 'EXPIRE_MAKER', 'allowedSelfTradePreventionModes': ['EXPIRE_TAKER', 'EXPIRE_MAKER', 'EXPIRE_BOTH']}
2025-01-18 01:46:00,932 - WARNING - \u26a0\ufe0f Filtro MIN_NOTIONAL não encontrado para ETHUSDT.
2025-01-18 01:46:01,667 - WARNING - \u26a0\ufe0f Não foi possível determinar o valor mínimo de compra para ETHUSDT.
2025-01-18 01:46:33,561 - INFO - \U0001f50d Informações da Binance para BTCUSDT: {'symbol': 'BTCUSDT', 'status': 'TRADING', 'baseAsset': 'BTC', 'baseAssetPrecision': 8, 'quoteAsset': 'USDT', 'quotePrecision': 8, 'quoteAssetPrecision': 8, 'baseCommissionPrecision': 8, 'quoteCommissionPrecision': 8, 'orderTypes': ['LIMIT', 'LIMIT_MAKER', 'MARKET', 'STOP_LOSS', 'STOP_LOSS_LIMIT', 'TAKE_PROFIT', 'TAKE_PROFIT_LIMIT'], 'icebergAllowed': True, 'ocoAllowed': True, 'otoAllowed': True, 'quoteOrderQtyMarketAllowed': True, 'allowTrailingStop': True, 'cancelReplaceAllowed': True, 'isSpotTradingAllowed': True, 'isMarginTradingAllowed': True, 'filters': [{'filterType': 'PRICE_FILTER', 'minPrice': '0.01000000', 'maxPrice': '1000000.00000000', 'tickSize': '0.01000000'}, {'filterType': 'LOT_SIZE', 'minQty': '0.00001000', 'maxQty': '9000.00000000', 'stepSize': '0.00001000'}, {'filterType': 'ICEBERG_PARTS', 'limit': 10}, {'filterType': 'MARKET_LOT_SIZE', 'minQty': '0.00000000', 'maxQty': '89.67500095', 'stepSize': '0.00000000'}, {'filterType': 'TRAILING_DELTA', 'minTrailingAboveDelta': 10, 'maxTrailingAboveDelta': 2000, 'minTrailingBelowDelta': 10, 'maxTrailingBelowDelta': 2000}, {'filterType': 'PERCENT_PRICE_BY_SIDE', 'bidMultiplierUp': '5', 'bidMultiplierDown': '0.2', 'askMultiplierUp': '5', 'askMultiplierDown': '0.2', 'avgPriceMins': 5}, {'filterType': 'NOTIONAL', 'minNotional': '5.00000000', 'applyMinToMarket': True, 'maxNotional': '9000000.00000000', 'applyMaxToMarket': False, 'avgPriceMins': 5}, {'filterType': 'MAX_NUM_ORDERS', 'maxNumOrders': 200}, {'filterType': 'MAX_NUM_ALGO_ORDERS', 'maxNumAlgoOrders': 5}], 'permissions': [], 'permissionSets': [['SPOT', 'MARGIN', 'TRD_GRP_004', 'TRD_GRP_005', 'TRD_GRP_006', 'TRD_GRP_009', 'TRD_GRP_010', 'TRD_GRP_011', 'TRD_GRP_012', 'TRD_GRP_013', 'TRD_GRP_014', 'TRD_GRP_015', 'TRD_GRP_016', 'TRD_GRP_017', 'TRD_GRP_018', 'TRD_GRP_019', 'TRD_GRP_020', 'TRD_GRP_021', 'TRD_GRP_022', 'TRD_GRP_023', 'TRD_GRP_024', 'TRD_GRP_025', 'TRD_GRP_026', 'TRD_GRP_027', 'TRD_GRP_028', 'TRD_GRP_029', 'TRD_GRP_030', 'TRD_GRP_031', 'TRD_GRP_032', 'TRD_GRP_033', 'TRD_GRP_034', 'TRD_GRP_035', 'TRD_GRP_036', 'TRD_GRP_037', 'TRD_GRP_038', 'TRD_GRP_039', 'TRD_GRP_040', 'TRD_GRP_041', 'TRD_GRP_042', 'TRD_GRP_043', 'TRD_GRP_044', 'TRD_GRP_045', 'TRD_GRP_046', 'TRD_GRP_047', 'TRD_GRP_048', 'TRD_GRP_049', 'TRD_GRP_050', 'TRD_GRP_051', 'TRD_GRP_052', 'TRD_GRP_053', 'TRD_GRP_054', 'TRD_GRP_055', 'TRD_GRP_056', 'TRD_GRP_057', 'TRD_GRP_058', 'TRD_GRP_059', 'TRD_GRP_060', 'TRD_GRP_061', 'TRD_GRP_062', 'TRD_GRP_063', 'TRD_GRP_064', 'TRD_GRP_065', 'TRD_GRP_066', 'TRD_GRP_067', 'TRD_GRP_068', 'TRD_GRP_069', 'TRD_GRP_070', 'TRD_GRP_071', 'TRD_GRP_072', 'TRD_GRP_073', 'TRD_GRP_074', 'TRD_GRP_075', 'TRD_GRP_076', 'TRD_GRP_077', 'TRD_GRP_078', 'TRD_GRP_079', 'TRD_GRP_080', 'TRD_GRP_081', 'TRD_GRP_082', 'TRD_GRP_083', 'TRD_GRP_084', 'TRD_GRP_085', 'TRD_GRP_086', 'TRD_GRP_087', 'TRD_GRP_088', 'TRD_GRP_089', 'TRD_GRP_090', 'TRD_GRP_091', 'TRD_GRP_092', 'TRD_GRP_093', 'TRD_GRP_094', 'TRD_GRP_095', 'TRD_GRP_096', 'TRD_GRP_097', 'TRD_GRP_098', 'TRD_GRP_099', 'TRD_GRP_100', 'TRD_GRP_101', 'TRD_GRP_102', 'TRD_GRP_103', 'TRD_GRP_104', 'TRD_GRP_105', 'TRD_GRP_106', 'TRD_GRP_107', 'TRD_GRP_108', 'TRD_GRP_109', 'TRD_GRP_110', 'TRD_GRP_111', 'TRD_GRP_112', 'TRD_GRP_113', 'TRD_GRP_114', 'TRD_GRP_115', 'TRD_GRP_116', 'TRD_GRP_117', 'TRD_GRP_118', 'TRD_GRP_119', 'TRD_GRP_120', 'TRD_GRP_121', 'TRD_GRP_122', 'TRD_GRP_123', 'TRD_GRP_124', 'TRD_GRP_125', 'TRD_GRP_126', 'TRD_GRP_127', 'TRD_GRP_128', 'TRD_GRP_129', 'TRD_GRP_130', 'TRD_GRP_131', 'TRD_GRP_132', 'TRD_GRP_133', 'TRD_GRP_134', 'TRD_GRP_135', 'TRD_GRP_136', 'TRD_GRP_137', 'TRD_GRP_138', 'TRD_GRP_139', 'TRD_GRP_140', 'TRD_GRP_141', 'TRD_GRP_142', 'TRD_GRP_143', 'TRD_GRP_144', 'TRD_GRP_145', 'TRD_GRP_146', 'TRD_GRP_147', 'TRD_GRP_148', 'TRD_GRP_149', 'TRD_GRP_150', 'TRD_GRP_151', 'TRD_GRP_152', 'TRD_GRP_153', 'TRD_GRP_154', 'TRD_GRP_155', 'TRD_GRP_156', 'TRD_GRP_157', 'TRD_GRP_158', 'TRD_GRP_159', 'TRD_GRP_160', 'TRD_GRP_161', 'TRD_GRP_162', 'TRD_GRP_163', 'TRD_GRP_164', 'TRD_GRP_165', 'TRD_GRP_166', 'TRD_GRP_167', 'TRD_GRP_168', 'TRD_GRP_169', 'TRD_GRP_170', 'TRD_GRP_171', 'TRD_GRP_172', 'TRD_GRP_173', 'TRD_GRP_174', 'TRD_GRP_175', 'TRD_GRP_176', 'TRD_GRP_177', 'TRD_GRP_178', 'TRD_GRP_179', 'TRD_GRP_180', 'TRD_GRP_181', 'TRD_GRP_182', 'TRD_GRP_183', 'TRD_GRP_184', 'TRD_GRP_185', 'TRD_GRP_186', 'TRD_GRP_187', 'TRD_GRP_188', 'TRD_GRP_189', 'TRD_GRP_190', 'TRD_GRP_191', 'TRD_GRP_192', 'TRD_GRP_193', 'TRD_GRP_194', 'TRD_GRP_195', 'TRD_GRP_196', 'TRD_GRP_197', 'TRD_GRP_198', 'TRD_GRP_199', 'TRD_GRP_200', 'TRD_GRP_201', 'TRD_GRP_202', 'TRD_GRP_203', 'TRD_GRP_204', 'TRD_GRP_205', 'TRD_GRP_206', 'TRD_GRP_207', 'TRD_GRP_208', 'TRD_GRP_209', 'TRD_GRP_210', 'TRD_GRP_211', 'TRD_GRP_212', 'TRD_GRP_213', 'TRD_GRP_214', 'TRD_GRP_215', 'TRD_GRP_216', 'TRD_GRP_217', 'TRD_GRP_218', 'TRD_GRP_219', 'TRD_GRP_220', 'TRD_GRP_221', 'TRD_GRP_222', 'TRD_GRP_223', 'TRD_GRP_224', 'TRD_GRP_225', 'TRD_GRP_226', 'TRD_GRP_227', 'TRD_GRP_228', 'TRD_GRP_229', 'TRD_GRP_230', 'TRD_GRP_231', 'TRD_GRP_232', 'TRD_GRP_233', 'TRD_GRP_234', 'TRD_GRP_235']], 'defaultSelfTradePreventionMode': 'EXPIRE_MAKER', 'allowedSelfTradePreventionModes': ['EXPIRE_TAKER', 'EXPIRE_MAKER', 'EXPIRE_BOTH']}
2025-01-18 01:46:33,561 - WARNING - \u26a0\ufe0f Filtro MIN_NOTIONAL não encontrado para BTCUSDT.
2025-01-18 01:46:34,356 - WARNING - \u26a0\ufe0f Não foi possível determinar o valor mínimo de compra para BTCUSDT.
2025-01-18 01:46:35,141 - INFO - \U0001f50d Informações da Binance para ETHUSDT: {'symbol': 'ETHUSDT', 'status': 'TRADING', 'baseAsset': 'ETH', 'baseAssetPrecision': 8, 'quoteAsset': 'USDT', 'quotePrecision': 8, 'quoteAssetPrecision': 8, 'baseCommissionPrecision': 8, 'quoteCommissionPrecision': 8, 'orderTypes': ['LIMIT', 'LIMIT_MAKER', 'MARKET', 'STOP_LOSS', 'STOP_LOSS_LIMIT', 'TAKE_PROFIT', 'TAKE_PROFIT_LIMIT'], 'icebergAllowed': True, 'ocoAllowed': True, 'otoAllowed': True, 'quoteOrderQtyMarketAllowed': True, 'allowTrailingStop': True, 'cancelReplaceAllowed': True, 'isSpotTradingAllowed': True, 'isMarginTradingAllowed': True, 'filters': [{'filterType': 'PRICE_FILTER', 'minPrice': '0.01000000', 'maxPrice': '1000000.00000000', 'tickSize': '0.01000000'}, {'filterType': 'LOT_SIZE', 'minQty': '0.00010000', 'maxQty': '9000.00000000', 'stepSize': '0.00010000'}, {'filterType': 'ICEBERG_PARTS', 'limit': 10}, {'filterType': 'MARKET_LOT_SIZE', 'minQty': '0.00000000', 'maxQty': '2418.75700375', 'stepSize': '0.00000000'}, {'filterType': 'TRAILING_DELTA', 'minTrailingAboveDelta': 10, 'maxTrailingAboveDelta': 2000, 'minTrailingBelowDelta': 10, 'maxTrailingBelowDelta': 2000}, {'filterType': 'PERCENT_PRICE_BY_SIDE', 'bidMultiplierUp': '5', 'bidMultiplierDown': '0.2', 'askMultiplierUp': '5', 'askMultiplierDown': '0.2', 'avgPriceMins': 5}, {'filterType': 'NOTIONAL', 'minNotional': '5.00000000', 'applyMinToMarket': True, 'maxNotional': '9000000.00000000', 'applyMaxToMarket': False, 'avgPriceMins': 5}, {'filterType': 'MAX_NUM_ORDERS', 'maxNumOrders': 200}, {'filterType': 'MAX_NUM_ALGO_ORDERS', 'maxNumAlgoOrders': 5}], 'permissions': [], 'permissionSets': [['SPOT', 'MARGIN', 'TRD_GRP_004', 'TRD_GRP_005', 'TRD_GRP_006', 'TRD_GRP_009', 'TRD_GRP_010', 'TRD_GRP_011', 'TRD_GRP_012', 'TRD_GRP_013', 'TRD_GRP_014', 'TRD_GRP_015', 'TRD_GRP_016', 'TRD_GRP_017', 'TRD_GRP_018', 'TRD_GRP_019', 'TRD_GRP_020', 'TRD_GRP_021', 'TRD_GRP_022', 'TRD_GRP_023', 'TRD_GRP_024', 'TRD_GRP_025', 'TRD_GRP_026', 'TRD_GRP_027', 'TRD_GRP_028', 'TRD_GRP_029', 'TRD_GRP_030', 'TRD_GRP_031', 'TRD_GRP_032', 'TRD_GRP_033', 'TRD_GRP_034', 'TRD_GRP_035', 'TRD_GRP_036', 'TRD_GRP_037', 'TRD_GRP_038', 'TRD_GRP_039', 'TRD_GRP_040', 'TRD_GRP_041', 'TRD_GRP_042', 'TRD_GRP_043', 'TRD_GRP_044', 'TRD_GRP_045', 'TRD_GRP_046', 'TRD_GRP_047', 'TRD_GRP_048', 'TRD_GRP_049', 'TRD_GRP_050', 'TRD_GRP_051', 'TRD_GRP_052', 'TRD_GRP_053', 'TRD_GRP_054', 'TRD_GRP_055', 'TRD_GRP_056', 'TRD_GRP_057', 'TRD_GRP_058', 'TRD_GRP_059', 'TRD_GRP_060', 'TRD_GRP_061', 'TRD_GRP_062', 'TRD_GRP_063', 'TRD_GRP_064', 'TRD_GRP_065', 'TRD_GRP_066', 'TRD_GRP_067', 'TRD_GRP_068', 'TRD_GRP_069', 'TRD_GRP_070', 'TRD_GRP_071', 'TRD_GRP_072', 'TRD_GRP_073', 'TRD_GRP_074', 'TRD_GRP_075', 'TRD_GRP_076', 'TRD_GRP_077', 'TRD_GRP_078', 'TRD_GRP_079', 'TRD_GRP_080', 'TRD_GRP_081', 'TRD_GRP_082', 'TRD_GRP_083', 'TRD_GRP_084', 'TRD_GRP_085', 'TRD_GRP_086', 'TRD_GRP_087', 'TRD_GRP_088', 'TRD_GRP_089', 'TRD_GRP_090', 'TRD_GRP_091', 'TRD_GRP_092', 'TRD_GRP_093', 'TRD_GRP_094', 'TRD_GRP_095', 'TRD_GRP_096', 'TRD_GRP_097', 'TRD_GRP_098', 'TRD_GRP_099', 'TRD_GRP_100', 'TRD_GRP_101', 'TRD_GRP_102', 'TRD_GRP_103', 'TRD_GRP_104', 'TRD_GRP_105', 'TRD_GRP_106', 'TRD_GRP_107', 'TRD_GRP_108', 'TRD_GRP_109', 'TRD_GRP_110', 'TRD_GRP_111', 'TRD_GRP_112', 'TRD_GRP_113', 'TRD_GRP_114', 'TRD_GRP_115', 'TRD_GRP_116', 'TRD_GRP_117', 'TRD_GRP_118', 'TRD_GRP_119', 'TRD_GRP_120', 'TRD_GRP_121', 'TRD_GRP_122', 'TRD_GRP_123', 'TRD_GRP_124', 'TRD_GRP_125', 'TRD_GRP_126', 'TRD_GRP_127', 'TRD_GRP_128', 'TRD_GRP_129', 'TRD_GRP_130', 'TRD_GRP_131', 'TRD_GRP_132', 'TRD_GRP_133', 'TRD_GRP_134', 'TRD_GRP_135', 'TRD_GRP_136', 'TRD_GRP_137', 'TRD_GRP_138', 'TRD_GRP_139', 'TRD_GRP_140', 'TRD_GRP_141', 'TRD_GRP_142', 'TRD_GRP_143', 'TRD_GRP_144', 'TRD_GRP_145', 'TRD_GRP_146', 'TRD_GRP_147', 'TRD_GRP_148', 'TRD_GRP_149', 'TRD_GRP_150', 'TRD_GRP_151', 'TRD_GRP_152', 'TRD_GRP_153', 'TRD_GRP_154', 'TRD_GRP_155', 'TRD_GRP_156', 'TRD_GRP_157', 'TRD_GRP_158', 'TRD_GRP_159', 'TRD_GRP_160', 'TRD_GRP_161', 'TRD_GRP_162', 'TRD_GRP_163', 'TRD_GRP_164', 'TRD_GRP_165', 'TRD_GRP_166', 'TRD_GRP_167', 'TRD_GRP_168', 'TRD_GRP_169', 'TRD_GRP_170', 'TRD_GRP_171', 'TRD_GRP_172', 'TRD_GRP_173', 'TRD_GRP_174', 'TRD_GRP_175', 'TRD_GRP_176', 'TRD_GRP_177', 'TRD_GRP_178', 'TRD_GRP_179', 'TRD_GRP_180', 'TRD_GRP_181', 'TRD_GRP_182', 'TRD_GRP_183', 'TRD_GRP_184', 'TRD_GRP_185', 'TRD_GRP_186', 'TRD_GRP_187', 'TRD_GRP_188', 'TRD_GRP_189', 'TRD_GRP_190', 'TRD_GRP_191', 'TRD_GRP_192', 'TRD_GRP_193', 'TRD_GRP_194', 'TRD_GRP_195', 'TRD_GRP_196', 'TRD_GRP_197', 'TRD_GRP_198', 'TRD_GRP_199', 'TRD_GRP_200', 'TRD_GRP_201', 'TRD_GRP_202', 'TRD_GRP_203', 'TRD_GRP_204', 'TRD_GRP_205', 'TRD_GRP_206', 'TRD_GRP_207', 'TRD_GRP_208', 'TRD_GRP_209', 'TRD_GRP_210', 'TRD_GRP_211', 'TRD_GRP_212', 'TRD_GRP_213', 'TRD_GRP_214', 'TRD_GRP_215', 'TRD_GRP_216', 'TRD_GRP_217', 'TRD_GRP_218', 'TRD_GRP_219', 'TRD_GRP_220', 'TRD_GRP_221', 'TRD_GRP_222', 'TRD_GRP_223', 'TRD_GRP_224', 'TRD_GRP_225', 'TRD_GRP_226', 'TRD_GRP_227', 'TRD_GRP_228', 'TRD_GRP_229', 'TRD_GRP_230', 'TRD_GRP_231', 'TRD_GRP_232', 'TRD_GRP_233', 'TRD_GRP_234', 'TRD_GRP_235']], 'defaultSelfTradePreventionMode': 'EXPIRE_MAKER', 'allowedSelfTradePreventionModes': ['EXPIRE_TAKER', 'EXPIRE_MAKER', 'EXPIRE_BOTH']}
2025-01-18 01:46:35,141 - WARNING - \u26a0\ufe0f Filtro MIN_NOTIONAL não encontrado para ETHUSDT.
2025-01-18 01:46:35,975 - WARNING - \u26a0\ufe0f Não foi possível determinar o valor mínimo de compra para ETHUSDT.
2025-01-18 01:47:07,396 - INFO - \U0001f50d Informações da Binance para BTCUSDT: {'symbol': 'BTCUSDT', 'status': 'TRADING', 'baseAsset': 'BTC', 'baseAssetPrecision': 8, 'quoteAsset': 'USDT', 'quotePrecision': 8, 'quoteAssetPrecision': 8, 'baseCommissionPrecision': 8, 'quoteCommissionPrecision': 8, 'orderTypes': ['LIMIT', 'LIMIT_MAKER', 'MARKET', 'STOP_LOSS', 'STOP_LOSS_LIMIT', 'TAKE_PROFIT', 'TAKE_PROFIT_LIMIT'], 'icebergAllowed': True, 'ocoAllowed': True, 'otoAllowed': True, 'quoteOrderQtyMarketAllowed': True, 'allowTrailingStop': True, 'cancelReplaceAllowed': True, 'isSpotTradingAllowed': True, 'isMarginTradingAllowed': True, 'filters': [{'filterType': 'PRICE_FILTER', 'minPrice': '0.01000000', 'maxPrice': '1000000.00000000', 'tickSize': '0.01000000'}, {'filterType': 'LOT_SIZE', 'minQty': '0.00001000', 'maxQty': '9000.00000000', 'stepSize': '0.00001000'}, {'filterType': 'ICEBERG_PARTS', 'limit': 10}, {'filterType': 'MARKET_LOT_SIZE', 'minQty': '0.00000000', 'maxQty': '89.67500095', 'stepSize': '0.00000000'}, {'filterType': 'TRAILING_DELTA', 'minTrailingAboveDelta': 10, 'maxTrailingAboveDelta': 2000, 'minTrailingBelowDelta': 10, 'maxTrailingBelowDelta': 2000}, {'filterType': 'PERCENT_PRICE_BY_SIDE', 'bidMultiplierUp': '5', 'bidMultiplierDown': '0.2', 'askMultiplierUp': '5', 'askMultiplierDown': '0.2', 'avgPriceMins': 5}, {'filterType': 'NOTIONAL', 'minNotional': '5.00000000', 'applyMinToMarket': True, 'maxNotional': '9000000.00000000', 'applyMaxToMarket': False, 'avgPriceMins': 5}, {'filterType': 'MAX_NUM_ORDERS', 'maxNumOrders': 200}, {'filterType': 'MAX_NUM_ALGO_ORDERS', 'maxNumAlgoOrders': 5}], 'permissions': [], 'permissionSets': [['SPOT', 'MARGIN', 'TRD_GRP_004', 'TRD_GRP_005', 'TRD_GRP_006', 'TRD_GRP_009', 'TRD_GRP_010', 'TRD_GRP_011', 'TRD_GRP_012', 'TRD_GRP_013', 'TRD_GRP_014', 'TRD_GRP_015', 'TRD_GRP_016', 'TRD_GRP_017', 'TRD_GRP_018', 'TRD_GRP_019', 'TRD_GRP_020', 'TRD_GRP_021', 'TRD_GRP_022', 'TRD_GRP_023', 'TRD_GRP_024', 'TRD_GRP_025', 'TRD_GRP_026', 'TRD_GRP_027', 'TRD_GRP_028', 'TRD_GRP_029', 'TRD_GRP_030', 'TRD_GRP_031', 'TRD_GRP_032', 'TRD_GRP_033', 'TRD_GRP_034', 'TRD_GRP_035', 'TRD_GRP_036', 'TRD_GRP_037', 'TRD_GRP_038', 'TRD_GRP_039', 'TRD_GRP_040', 'TRD_GRP_041', 'TRD_GRP_042', 'TRD_GRP_043', 'TRD_GRP_044', 'TRD_GRP_045', 'TRD_GRP_046', 'TRD_GRP_047', 'TRD_GRP_048', 'TRD_GRP_049', 'TRD_GRP_050', 'TRD_GRP_051', 'TRD_GRP_052', 'TRD_GRP_053', 'TRD_GRP_054', 'TRD_GRP_055', 'TRD_GRP_056', 'TRD_GRP_057', 'TRD_GRP_058', 'TRD_GRP_059', 'TRD_GRP_060', 'TRD_GRP_061', 'TRD_GRP_062', 'TRD_GRP_063', 'TRD_GRP_064', 'TRD_GRP_065', 'TRD_GRP_066', 'TRD_GRP_067', 'TRD_GRP_068', 'TRD_GRP_069', 'TRD_GRP_070', 'TRD_GRP_071', 'TRD_GRP_072', 'TRD_GRP_073', 'TRD_GRP_074', 'TRD_GRP_075', 'TRD_GRP_076', 'TRD_GRP_077', 'TRD_GRP_078', 'TRD_GRP_079', 'TRD_GRP_080', 'TRD_GRP_081', 'TRD_GRP_082', 'TRD_GRP_083', 'TRD_GRP_084', 'TRD_GRP_085', 'TRD_GRP_086', 'TRD_GRP_087', 'TRD_GRP_088', 'TRD_GRP_089', 'TRD_GRP_090', 'TRD_GRP_091', 'TRD_GRP_092', 'TRD_GRP_093', 'TRD_GRP_094', 'TRD_GRP_095', 'TRD_GRP_096', 'TRD_GRP_097', 'TRD_GRP_098', 'TRD_GRP_099', 'TRD_GRP_100', 'TRD_GRP_101', 'TRD_GRP_102', 'TRD_GRP_103', 'TRD_GRP_104', 'TRD_GRP_105', 'TRD_GRP_106', 'TRD_GRP_107', 'TRD_GRP_108', 'TRD_GRP_109', 'TRD_GRP_110', 'TRD_GRP_111', 'TRD_GRP_112', 'TRD_GRP_113', 'TRD_GRP_114', 'TRD_GRP_115', 'TRD_GRP_116', 'TRD_GRP_117', 'TRD_GRP_118', 'TRD_GRP_119', 'TRD_GRP_120', 'TRD_GRP_121', 'TRD_GRP_122', 'TRD_GRP_123', 'TRD_GRP_124', 'TRD_GRP_125', 'TRD_GRP_126', 'TRD_GRP_127', 'TRD_GRP_128', 'TRD_GRP_129', 'TRD_GRP_130', 'TRD_GRP_131', 'TRD_GRP_132', 'TRD_GRP_133', 'TRD_GRP_134', 'TRD_GRP_135', 'TRD_GRP_136', 'TRD_GRP_137', 'TRD_GRP_138', 'TRD_GRP_139', 'TRD_GRP_140', 'TRD_GRP_141', 'TRD_GRP_142', 'TRD_GRP_143', 'TRD_GRP_144', 'TRD_GRP_145', 'TRD_GRP_146', 'TRD_GRP_147', 'TRD_GRP_148', 'TRD_GRP_149', 'TRD_GRP_150', 'TRD_GRP_151', 'TRD_GRP_152', 'TRD_GRP_153', 'TRD_GRP_154', 'TRD_GRP_155', 'TRD_GRP_156', 'TRD_GRP_157', 'TRD_GRP_158', 'TRD_GRP_159', 'TRD_GRP_160', 'TRD_GRP_161', 'TRD_GRP_162', 'TRD_GRP_163', 'TRD_GRP_164', 'TRD_GRP_165', 'TRD_GRP_166', 'TRD_GRP_167', 'TRD_GRP_168', 'TRD_GRP_169', 'TRD_GRP_170', 'TRD_GRP_171', 'TRD_GRP_172', 'TRD_GRP_173', 'TRD_GRP_174', 'TRD_GRP_175', 'TRD_GRP_176', 'TRD_GRP_177', 'TRD_GRP_178', 'TRD_GRP_179', 'TRD_GRP_180', 'TRD_GRP_181', 'TRD_GRP_182', 'TRD_GRP_183', 'TRD_GRP_184', 'TRD_GRP_185', 'TRD_GRP_186', 'TRD_GRP_187', 'TRD_GRP_188', 'TRD_GRP_189', 'TRD_GRP_190', 'TRD_GRP_191', 'TRD_GRP_192', 'TRD_GRP_193', 'TRD_GRP_194', 'TRD_GRP_195', 'TRD_GRP_196', 'TRD_GRP_197', 'TRD_GRP_198', 'TRD_GRP_199', 'TRD_GRP_200', 'TRD_GRP_201', 'TRD_GRP_202', 'TRD_GRP_203', 'TRD_GRP_204', 'TRD_GRP_205', 'TRD_GRP_206', 'TRD_GRP_207', 'TRD_GRP_208', 'TRD_GRP_209', 'TRD_GRP_210', 'TRD_GRP_211', 'TRD_GRP_212', 'TRD_GRP_213', 'TRD_GRP_214', 'TRD_GRP_215', 'TRD_GRP_216', 'TRD_GRP_217', 'TRD_GRP_218', 'TRD_GRP_219', 'TRD_GRP_220', 'TRD_GRP_221', 'TRD_GRP_222', 'TRD_GRP_223', 'TRD_GRP_224', 'TRD_GRP_225', 'TRD_GRP_226', 'TRD_GRP_227', 'TRD_GRP_228', 'TRD_GRP_229', 'TRD_GRP_230', 'TRD_GRP_231', 'TRD_GRP_232', 'TRD_GRP_233', 'TRD_GRP_234', 'TRD_GRP_235']], 'defaultSelfTradePreventionMode': 'EXPIRE_MAKER', 'allowedSelfTradePreventionModes': ['EXPIRE_TAKER', 'EXPIRE_MAKER', 'EXPIRE_BOTH']}
2025-01-18 01:47:07,397 - WARNING - \u26a0\ufe0f Filtro MIN_NOTIONAL não encontrado para BTCUSDT.
2025-01-18 01:47:08,281 - WARNING - \u26a0\ufe0f Não foi possível determinar o valor mínimo de compra para BTCUSDT.
2025-01-18 01:47:09,040 - INFO - \U0001f50d Informações da Binance para ETHUSDT: {'symbol': 'ETHUSDT', 'status': 'TRADING', 'baseAsset': 'ETH', 'baseAssetPrecision': 8, 'quoteAsset': 'USDT', 'quotePrecision': 8, 'quoteAssetPrecision': 8, 'baseCommissionPrecision': 8, 'quoteCommissionPrecision': 8, 'orderTypes': ['LIMIT', 'LIMIT_MAKER', 'MARKET', 'STOP_LOSS', 'STOP_LOSS_LIMIT', 'TAKE_PROFIT', 'TAKE_PROFIT_LIMIT'], 'icebergAllowed': True, 'ocoAllowed': True, 'otoAllowed': True, 'quoteOrderQtyMarketAllowed': True, 'allowTrailingStop': True, 'cancelReplaceAllowed': True, 'isSpotTradingAllowed': True, 'isMarginTradingAllowed': True, 'filters': [{'filterType': 'PRICE_FILTER', 'minPrice': '0.01000000', 'maxPrice': '1000000.00000000', 'tickSize': '0.01000000'}, {'filterType': 'LOT_SIZE', 'minQty': '0.00010000', 'maxQty': '9000.00000000', 'stepSize': '0.00010000'}, {'filterType': 'ICEBERG_PARTS', 'limit': 10}, {'filterType': 'MARKET_LOT_SIZE', 'minQty': '0.00000000', 'maxQty': '2418.75700375', 'stepSize': '0.00000000'}, {'filterType': 'TRAILING_DELTA', 'minTrailingAboveDelta': 10, 'maxTrailingAboveDelta': 2000, 'minTrailingBelowDelta': 10, 'maxTrailingBelowDelta': 2000}, {'filterType': 'PERCENT_PRICE_BY_SIDE', 'bidMultiplierUp': '5', 'bidMultiplierDown': '0.2', 'askMultiplierUp': '5', 'askMultiplierDown': '0.2', 'avgPriceMins': 5}, {'filterType': 'NOTIONAL', 'minNotional': '5.00000000', 'applyMinToMarket': True, 'maxNotional': '9000000.00000000', 'applyMaxToMarket': False, 'avgPriceMins': 5}, {'filterType': 'MAX_NUM_ORDERS', 'maxNumOrders': 200}, {'filterType': 'MAX_NUM_ALGO_ORDERS', 'maxNumAlgoOrders': 5}], 'permissions': [], 'permissionSets': [['SPOT', 'MARGIN', 'TRD_GRP_004', 'TRD_GRP_005', 'TRD_GRP_006', 'TRD_GRP_009', 'TRD_GRP_010', 'TRD_GRP_011', 'TRD_GRP_012', 'TRD_GRP_013', 'TRD_GRP_014', 'TRD_GRP_015', 'TRD_GRP_016', 'TRD_GRP_017', 'TRD_GRP_018', 'TRD_GRP_019', 'TRD_GRP_020', 'TRD_GRP_021', 'TRD_GRP_022', 'TRD_GRP_023', 'TRD_GRP_024', 'TRD_GRP_025', 'TRD_GRP_026', 'TRD_GRP_027', 'TRD_GRP_028', 'TRD_GRP_029', 'TRD_GRP_030', 'TRD_GRP_031', 'TRD_GRP_032', 'TRD_GRP_033', 'TRD_GRP_034', 'TRD_GRP_035', 'TRD_GRP_036', 'TRD_GRP_037', 'TRD_GRP_038', 'TRD_GRP_039', 'TRD_GRP_040', 'TRD_GRP_041', 'TRD_GRP_042', 'TRD_GRP_043', 'TRD_GRP_044', 'TRD_GRP_045', 'TRD_GRP_046', 'TRD_GRP_047', 'TRD_GRP_048', 'TRD_GRP_049', 'TRD_GRP_050', 'TRD_GRP_051', 'TRD_GRP_052', 'TRD_GRP_053', 'TRD_GRP_054', 'TRD_GRP_055', 'TRD_GRP_056', 'TRD_GRP_057', 'TRD_GRP_058', 'TRD_GRP_059', 'TRD_GRP_060', 'TRD_GRP_061', 'TRD_GRP_062', 'TRD_GRP_063', 'TRD_GRP_064', 'TRD_GRP_065', 'TRD_GRP_066', 'TRD_GRP_067', 'TRD_GRP_068', 'TRD_GRP_069', 'TRD_GRP_070', 'TRD_GRP_071', 'TRD_GRP_072', 'TRD_GRP_073', 'TRD_GRP_074', 'TRD_GRP_075', 'TRD_GRP_076', 'TRD_GRP_077', 'TRD_GRP_078', 'TRD_GRP_079', 'TRD_GRP_080', 'TRD_GRP_081', 'TRD_GRP_082', 'TRD_GRP_083', 'TRD_GRP_084', 'TRD_GRP_085', 'TRD_GRP_086', 'TRD_GRP_087', 'TRD_GRP_088', 'TRD_GRP_089', 'TRD_GRP_090', 'TRD_GRP_091', 'TRD_GRP_092', 'TRD_GRP_093', 'TRD_GRP_094', 'TRD_GRP_095', 'TRD_GRP_096', 'TRD_GRP_097', 'TRD_GRP_098', 'TRD_GRP_099', 'TRD_GRP_100', 'TRD_GRP_101', 'TRD_GRP_102', 'TRD_GRP_103', 'TRD_GRP_104', 'TRD_GRP_105', 'TRD_GRP_106', 'TRD_GRP_107', 'TRD_GRP_108', 'TRD_GRP_109', 'TRD_GRP_110', 'TRD_GRP_111', 'TRD_GRP_112', 'TRD_GRP_113', 'TRD_GRP_114', 'TRD_GRP_115', 'TRD_GRP_116', 'TRD_GRP_117', 'TRD_GRP_118', 'TRD_GRP_119', 'TRD_GRP_120', 'TRD_GRP_121', 'TRD_GRP_122', 'TRD_GRP_123', 'TRD_GRP_124', 'TRD_GRP_125', 'TRD_GRP_126', 'TRD_GRP_127', 'TRD_GRP_128', 'TRD_GRP_129', 'TRD_GRP_130', 'TRD_GRP_131', 'TRD_GRP_132', 'TRD_GRP_133', 'TRD_GRP_134', 'TRD_GRP_135', 'TRD_GRP_136', 'TRD_GRP_137', 'TRD_GRP_138', 'TRD_GRP_139', 'TRD_GRP_140', 'TRD_GRP_141', 'TRD_GRP_142', 'TRD_GRP_143', 'TRD_GRP_144', 'TRD_GRP_145', 'TRD_GRP_146', 'TRD_GRP_147', 'TRD_GRP_148', 'TRD_GRP_149', 'TRD_GRP_150', 'TRD_GRP_151', 'TRD_GRP_152', 'TRD_GRP_153', 'TRD_GRP_154', 'TRD_GRP_155', 'TRD_GRP_156', 'TRD_GRP_157', 'TRD_GRP_158', 'TRD_GRP_159', 'TRD_GRP_160', 'TRD_GRP_161', 'TRD_GRP_162', 'TRD_GRP_163', 'TRD_GRP_164', 'TRD_GRP_165', 'TRD_GRP_166', 'TRD_GRP_167', 'TRD_GRP_168', 'TRD_GRP_169', 'TRD_GRP_170', 'TRD_GRP_171', 'TRD_GRP_172', 'TRD_GRP_173', 'TRD_GRP_174', 'TRD_GRP_175', 'TRD_GRP_176', 'TRD_GRP_177', 'TRD_GRP_178', 'TRD_GRP_179', 'TRD_GRP_180', 'TRD_GRP_181', 'TRD_GRP_182', 'TRD_GRP_183', 'TRD_GRP_184', 'TRD_GRP_185', 'TRD_GRP_186', 'TRD_GRP_187', 'TRD_GRP_188', 'TRD_GRP_189', 'TRD_GRP_190', 'TRD_GRP_191', 'TRD_GRP_192', 'TRD_GRP_193', 'TRD_GRP_194', 'TRD_GRP_195', 'TRD_GRP_196', 'TRD_GRP_197', 'TRD_GRP_198', 'TRD_GRP_199', 'TRD_GRP_200', 'TRD_GRP_201', 'TRD_GRP_202', 'TRD_GRP_203', 'TRD_GRP_204', 'TRD_GRP_205', 'TRD_GRP_206', 'TRD_GRP_207', 'TRD_GRP_208', 'TRD_GRP_209', 'TRD_GRP_210', 'TRD_GRP_211', 'TRD_GRP_212', 'TRD_GRP_213', 'TRD_GRP_214', 'TRD_GRP_215', 'TRD_GRP_216', 'TRD_GRP_217', 'TRD_GRP_218', 'TRD_GRP_219', 'TRD_GRP_220', 'TRD_GRP_221', 'TRD_GRP_222', 'TRD_GRP_223', 'TRD_GRP_224', 'TRD_GRP_225', 'TRD_GRP_226', 'TRD_GRP_227', 'TRD_GRP_228', 'TRD_GRP_229', 'TRD_GRP_230', 'TRD_GRP_231', 'TRD_GRP_232', 'TRD_GRP_233', 'TRD_GRP_234', 'TRD_GRP_235']], 'defaultSelfTradePreventionMode': 'EXPIRE_MAKER', 'allowedSelfTradePreventionModes': ['EXPIRE_TAKER', 'EXPIRE_MAKER', 'EXPIRE_BOTH']}
2025-01-18 01:47:09,040 - WARNING - \u26a0\ufe0f Filtro MIN_NOTIONAL não encontrado para ETHUSDT.
2025-01-18 01:47:09,780 - WARNING - \u26a0\ufe0f Não foi possível determinar o valor mínimo de compra para ETHUSDT.
2025-01-18 01:47:41,597 - INFO - \U0001f50d Informações da Binance para BTCUSDT: {'symbol': 'BTCUSDT', 'status': 'TRADING', 'baseAsset': 'BTC', 'baseAssetPrecision': 8, 'quoteAsset': 'USDT', 'quotePrecision': 8, 'quoteAssetPrecision': 8, 'baseCommissionPrecision': 8, 'quoteCommissionPrecision': 8, 'orderTypes': ['LIMIT', 'LIMIT_MAKER', 'MARKET', 'STOP_LOSS', 'STOP_LOSS_LIMIT', 'TAKE_PROFIT', 'TAKE_PROFIT_LIMIT'], 'icebergAllowed': True, 'ocoAllowed': True, 'otoAllowed': True, 'quoteOrderQtyMarketAllowed': True, 'allowTrailingStop': True, 'cancelReplaceAllowed': True, 'isSpotTradingAllowed': True, 'isMarginTradingAllowed': True, 'filters': [{'filterType': 'PRICE_FILTER', 'minPrice': '0.01000000', 'maxPrice': '1000000.00000000', 'tickSize': '0.01000000'}, {'filterType': 'LOT_SIZE', 'minQty': '0.00001000', 'maxQty': '9000.00000000', 'stepSize': '0.00001000'}, {'filterType': 'ICEBERG_PARTS', 'limit': 10}, {'filterType': 'MARKET_LOT_SIZE', 'minQty': '0.00000000', 'maxQty': '89.67500095', 'stepSize': '0.00000000'}, {'filterType': 'TRAILING_DELTA', 'minTrailingAboveDelta': 10, 'maxTrailingAboveDelta': 2000, 'minTrailingBelowDelta': 10, 'maxTrailingBelowDelta': 2000}, {'filterType': 'PERCENT_PRICE_BY_SIDE', 'bidMultiplierUp': '5', 'bidMultiplierDown': '0.2', 'askMultiplierUp': '5', 'askMultiplierDown': '0.2', 'avgPriceMins': 5}, {'filterType': 'NOTIONAL', 'minNotional': '5.00000000', 'applyMinToMarket': True, 'maxNotional': '9000000.00000000', 'applyMaxToMarket': False, 'avgPriceMins': 5}, {'filterType': 'MAX_NUM_ORDERS', 'maxNumOrders': 200}, {'filterType': 'MAX_NUM_ALGO_ORDERS', 'maxNumAlgoOrders': 5}], 'permissions': [], 'permissionSets': [['SPOT', 'MARGIN', 'TRD_GRP_004', 'TRD_GRP_005', 'TRD_GRP_006', 'TRD_GRP_009', 'TRD_GRP_010', 'TRD_GRP_011', 'TRD_GRP_012', 'TRD_GRP_013', 'TRD_GRP_014', 'TRD_GRP_015', 'TRD_GRP_016', 'TRD_GRP_017', 'TRD_GRP_018', 'TRD_GRP_019', 'TRD_GRP_020', 'TRD_GRP_021', 'TRD_GRP_022', 'TRD_GRP_023', 'TRD_GRP_024', 'TRD_GRP_025', 'TRD_GRP_026', 'TRD_GRP_027', 'TRD_GRP_028', 'TRD_GRP_029', 'TRD_GRP_030', 'TRD_GRP_031', 'TRD_GRP_032', 'TRD_GRP_033', 'TRD_GRP_034', 'TRD_GRP_035', 'TRD_GRP_036', 'TRD_GRP_037', 'TRD_GRP_038', 'TRD_GRP_039', 'TRD_GRP_040', 'TRD_GRP_041', 'TRD_GRP_042', 'TRD_GRP_043', 'TRD_GRP_044', 'TRD_GRP_045', 'TRD_GRP_046', 'TRD_GRP_047', 'TRD_GRP_048', 'TRD_GRP_049', 'TRD_GRP_050', 'TRD_GRP_051', 'TRD_GRP_052', 'TRD_GRP_053', 'TRD_GRP_054', 'TRD_GRP_055', 'TRD_GRP_056', 'TRD_GRP_057', 'TRD_GRP_058', 'TRD_GRP_059', 'TRD_GRP_060', 'TRD_GRP_061', 'TRD_GRP_062', 'TRD_GRP_063', 'TRD_GRP_064', 'TRD_GRP_065', 'TRD_GRP_066', 'TRD_GRP_067', 'TRD_GRP_068', 'TRD_GRP_069', 'TRD_GRP_070', 'TRD_GRP_071', 'TRD_GRP_072', 'TRD_GRP_073', 'TRD_GRP_074', 'TRD_GRP_075', 'TRD_GRP_076', 'TRD_GRP_077', 'TRD_GRP_078', 'TRD_GRP_079', 'TRD_GRP_080', 'TRD_GRP_081', 'TRD_GRP_082', 'TRD_GRP_083', 'TRD_GRP_084', 'TRD_GRP_085', 'TRD_GRP_086', 'TRD_GRP_087', 'TRD_GRP_088', 'TRD_GRP_089', 'TRD_GRP_090', 'TRD_GRP_091', 'TRD_GRP_092', 'TRD_GRP_093', 'TRD_GRP_094', 'TRD_GRP_095', 'TRD_GRP_096', 'TRD_GRP_097', 'TRD_GRP_098', 'TRD_GRP_099', 'TRD_GRP_100', 'TRD_GRP_101', 'TRD_GRP_102', 'TRD_GRP_103', 'TRD_GRP_104', 'TRD_GRP_105', 'TRD_GRP_106', 'TRD_GRP_107', 'TRD_GRP_108', 'TRD_GRP_109', 'TRD_GRP_110', 'TRD_GRP_111', 'TRD_GRP_112', 'TRD_GRP_113', 'TRD_GRP_114', 'TRD_GRP_115', 'TRD_GRP_116', 'TRD_GRP_117', 'TRD_GRP_118', 'TRD_GRP_119', 'TRD_GRP_120', 'TRD_GRP_121', 'TRD_GRP_122', 'TRD_GRP_123', 'TRD_GRP_124', 'TRD_GRP_125', 'TRD_GRP_126', 'TRD_GRP_127', 'TRD_GRP_128', 'TRD_GRP_129', 'TRD_GRP_130', 'TRD_GRP_131', 'TRD_GRP_132', 'TRD_GRP_133', 'TRD_GRP_134', 'TRD_GRP_135', 'TRD_GRP_136', 'TRD_GRP_137', 'TRD_GRP_138', 'TRD_GRP_139', 'TRD_GRP_140', 'TRD_GRP_141', 'TRD_GRP_142', 'TRD_GRP_143', 'TRD_GRP_144', 'TRD_GRP_145', 'TRD_GRP_146', 'TRD_GRP_147', 'TRD_GRP_148', 'TRD_GRP_149', 'TRD_GRP_150', 'TRD_GRP_151', 'TRD_GRP_152', 'TRD_GRP_153', 'TRD_GRP_154', 'TRD_GRP_155', 'TRD_GRP_156', 'TRD_GRP_157', 'TRD_GRP_158', 'TRD_GRP_159', 'TRD_GRP_160', 'TRD_GRP_161', 'TRD_GRP_162', 'TRD_GRP_163', 'TRD_GRP_164', 'TRD_GRP_165', 'TRD_GRP_166', 'TRD_GRP_167', 'TRD_GRP_168', 'TRD_GRP_169', 'TRD_GRP_170', 'TRD_GRP_171', 'TRD_GRP_172', 'TRD_GRP_173', 'TRD_GRP_174', 'TRD_GRP_175', 'TRD_GRP_176', 'TRD_GRP_177', 'TRD_GRP_178', 'TRD_GRP_179', 'TRD_GRP_180', 'TRD_GRP_181', 'TRD_GRP_182', 'TRD_GRP_183', 'TRD_GRP_184', 'TRD_GRP_185', 'TRD_GRP_186', 'TRD_GRP_187', 'TRD_GRP_188', 'TRD_GRP_189', 'TRD_GRP_190', 'TRD_GRP_191', 'TRD_GRP_192', 'TRD_GRP_193', 'TRD_GRP_194', 'TRD_GRP_195', 'TRD_GRP_196', 'TRD_GRP_197', 'TRD_GRP_198', 'TRD_GRP_199', 'TRD_GRP_200', 'TRD_GRP_201', 'TRD_GRP_202', 'TRD_GRP_203', 'TRD_GRP_204', 'TRD_GRP_205', 'TRD_GRP_206', 'TRD_GRP_207', 'TRD_GRP_208', 'TRD_GRP_209', 'TRD_GRP_210', 'TRD_GRP_211', 'TRD_GRP_212', 'TRD_GRP_213', 'TRD_GRP_214', 'TRD_GRP_215', 'TRD_GRP_216', 'TRD_GRP_217', 'TRD_GRP_218', 'TRD_GRP_219', 'TRD_GRP_220', 'TRD_GRP_221', 'TRD_GRP_222', 'TRD_GRP_223', 'TRD_GRP_224', 'TRD_GRP_225', 'TRD_GRP_226', 'TRD_GRP_227', 'TRD_GRP_228', 'TRD_GRP_229', 'TRD_GRP_230', 'TRD_GRP_231', 'TRD_GRP_232', 'TRD_GRP_233', 'TRD_GRP_234', 'TRD_GRP_235']], 'defaultSelfTradePreventionMode': 'EXPIRE_MAKER', 'allowedSelfTradePreventionModes': ['EXPIRE_TAKER', 'EXPIRE_MAKER', 'EXPIRE_BOTH']}
2025-01-18 01:47:41,597 - WARNING - \u26a0\ufe0f Filtro MIN_NOTIONAL não encontrado para BTCUSDT.
2025-01-18 01:47:42,380 - WARNING - \u26a0\ufe0f Não foi possível determinar o valor mínimo de compra para BTCUSDT.
2025-01-18 01:47:43,156 - INFO - \U0001f50d Informações da Binance para ETHUSDT: {'symbol': 'ETHUSDT', 'status': 'TRADING', 'baseAsset': 'ETH', 'baseAssetPrecision': 8, 'quoteAsset': 'USDT', 'quotePrecision': 8, 'quoteAssetPrecision': 8, 'baseCommissionPrecision': 8, 'quoteCommissionPrecision': 8, 'orderTypes': ['LIMIT', 'LIMIT_MAKER', 'MARKET', 'STOP_LOSS', 'STOP_LOSS_LIMIT', 'TAKE_PROFIT', 'TAKE_PROFIT_LIMIT'], 'icebergAllowed': True, 'ocoAllowed': True, 'otoAllowed': True, 'quoteOrderQtyMarketAllowed': True, 'allowTrailingStop': True, 'cancelReplaceAllowed': True, 'isSpotTradingAllowed': True, 'isMarginTradingAllowed': True, 'filters': [{'filterType': 'PRICE_FILTER', 'minPrice': '0.01000000', 'maxPrice': '1000000.00000000', 'tickSize': '0.01000000'}, {'filterType': 'LOT_SIZE', 'minQty': '0.00010000', 'maxQty': '9000.00000000', 'stepSize': '0.00010000'}, {'filterType': 'ICEBERG_PARTS', 'limit': 10}, {'filterType': 'MARKET_LOT_SIZE', 'minQty': '0.00000000', 'maxQty': '2418.75700375', 'stepSize': '0.00000000'}, {'filterType': 'TRAILING_DELTA', 'minTrailingAboveDelta': 10, 'maxTrailingAboveDelta': 2000, 'minTrailingBelowDelta': 10, 'maxTrailingBelowDelta': 2000}, {'filterType': 'PERCENT_PRICE_BY_SIDE', 'bidMultiplierUp': '5', 'bidMultiplierDown': '0.2', 'askMultiplierUp': '5', 'askMultiplierDown': '0.2', 'avgPriceMins': 5}, {'filterType': 'NOTIONAL', 'minNotional': '5.00000000', 'applyMinToMarket': True, 'maxNotional': '9000000.00000000', 'applyMaxToMarket': False, 'avgPriceMins': 5}, {'filterType': 'MAX_NUM_ORDERS', 'maxNumOrders': 200}, {'filterType': 'MAX_NUM_ALGO_ORDERS', 'maxNumAlgoOrders': 5}], 'permissions': [], 'permissionSets': [['SPOT', 'MARGIN', 'TRD_GRP_004', 'TRD_GRP_005', 'TRD_GRP_006', 'TRD_GRP_009', 'TRD_GRP_010', 'TRD_GRP_011', 'TRD_GRP_012', 'TRD_GRP_013', 'TRD_GRP_014', 'TRD_GRP_015', 'TRD_GRP_016', 'TRD_GRP_017', 'TRD_GRP_018', 'TRD_GRP_019', 'TRD_GRP_020', 'TRD_GRP_021', 'TRD_GRP_022', 'TRD_GRP_023', 'TRD_GRP_024', 'TRD_GRP_025', 'TRD_GRP_026', 'TRD_GRP_027', 'TRD_GRP_028', 'TRD_GRP_029', 'TRD_GRP_030', 'TRD_GRP_031', 'TRD_GRP_032', 'TRD_GRP_033', 'TRD_GRP_034', 'TRD_GRP_035', 'TRD_GRP_036', 'TRD_GRP_037', 'TRD_GRP_038', 'TRD_GRP_039', 'TRD_GRP_040', 'TRD_GRP_041', 'TRD_GRP_042', 'TRD_GRP_043', 'TRD_GRP_044', 'TRD_GRP_045', 'TRD_GRP_046', 'TRD_GRP_047', 'TRD_GRP_048', 'TRD_GRP_049', 'TRD_GRP_050', 'TRD_GRP_051', 'TRD_GRP_052', 'TRD_GRP_053', 'TRD_GRP_054', 'TRD_GRP_055', 'TRD_GRP_056', 'TRD_GRP_057', 'TRD_GRP_058', 'TRD_GRP_059', 'TRD_GRP_060', 'TRD_GRP_061', 'TRD_GRP_062', 'TRD_GRP_063', 'TRD_GRP_064', 'TRD_GRP_065', 'TRD_GRP_066', 'TRD_GRP_067', 'TRD_GRP_068', 'TRD_GRP_069', 'TRD_GRP_070', 'TRD_GRP_071', 'TRD_GRP_072', 'TRD_GRP_073', 'TRD_GRP_074', 'TRD_GRP_075', 'TRD_GRP_076', 'TRD_GRP_077', 'TRD_GRP_078', 'TRD_GRP_079', 'TRD_GRP_080', 'TRD_GRP_081', 'TRD_GRP_082', 'TRD_GRP_083', 'TRD_GRP_084', 'TRD_GRP_085', 'TRD_GRP_086', 'TRD_GRP_087', 'TRD_GRP_088', 'TRD_GRP_089', 'TRD_GRP_090', 'TRD_GRP_091', 'TRD_GRP_092', 'TRD_GRP_093', 'TRD_GRP_094', 'TRD_GRP_095', 'TRD_GRP_096', 'TRD_GRP_097', 'TRD_GRP_098', 'TRD_GRP_099', 'TRD_GRP_100', 'TRD_GRP_101', 'TRD_GRP_102', 'TRD_GRP_103', 'TRD_GRP_104', 'TRD_GRP_105', 'TRD_GRP_106', 'TRD_GRP_107', 'TRD_GRP_108', 'TRD_GRP_109', 'TRD_GRP_110', 'TRD_GRP_111', 'TRD_GRP_112', 'TRD_GRP_113', 'TRD_GRP_114', 'TRD_GRP_115', 'TRD_GRP_116', 'TRD_GRP_117', 'TRD_GRP_118', 'TRD_GRP_119', 'TRD_GRP_120', 'TRD_GRP_121', 'TRD_GRP_122', 'TRD_GRP_123', 'TRD_GRP_124', 'TRD_GRP_125', 'TRD_GRP_126', 'TRD_GRP_127', 'TRD_GRP_128', 'TRD_GRP_129', 'TRD_GRP_130', 'TRD_GRP_131', 'TRD_GRP_132', 'TRD_GRP_133', 'TRD_GRP_134', 'TRD_GRP_135', 'TRD_GRP_136', 'TRD_GRP_137', 'TRD_GRP_138', 'TRD_GRP_139', 'TRD_GRP_140', 'TRD_GRP_141', 'TRD_GRP_142', 'TRD_GRP_143', 'TRD_GRP_144', 'TRD_GRP_145', 'TRD_GRP_146', 'TRD_GRP_147', 'TRD_GRP_148', 'TRD_GRP_149', 'TRD_GRP_150', 'TRD_GRP_151', 'TRD_GRP_152', 'TRD_GRP_153', 'TRD_GRP_154', 'TRD_GRP_155', 'TRD_GRP_156', 'TRD_GRP_157', 'TRD_GRP_158', 'TRD_GRP_159', 'TRD_GRP_160', 'TRD_GRP_161', 'TRD_GRP_162', 'TRD_GRP_163', 'TRD_GRP_164', 'TRD_GRP_165', 'TRD_GRP_166', 'TRD_GRP_167', 'TRD_GRP_168', 'TRD_GRP_169', 'TRD_GRP_170', 'TRD_GRP_171', 'TRD_GRP_172', 'TRD_GRP_173', 'TRD_GRP_174', 'TRD_GRP_175', 'TRD_GRP_176', 'TRD_GRP_177', 'TRD_GRP_178', 'TRD_GRP_179', 'TRD_GRP_180', 'TRD_GRP_181', 'TRD_GRP_182', 'TRD_GRP_183', 'TRD_GRP_184', 'TRD_GRP_185', 'TRD_GRP_186', 'TRD_GRP_187', 'TRD_GRP_188', 'TRD_GRP_189', 'TRD_GRP_190', 'TRD_GRP_191', 'TRD_GRP_192', 'TRD_GRP_193', 'TRD_GRP_194', 'TRD_GRP_195', 'TRD_GRP_196', 'TRD_GRP_197', 'TRD_GRP_198', 'TRD_GRP_199', 'TRD_GRP_200', 'TRD_GRP_201', 'TRD_GRP_202', 'TRD_GRP_203', 'TRD_GRP_204', 'TRD_GRP_205', 'TRD_GRP_206', 'TRD_GRP_207', 'TRD_GRP_208', 'TRD_GRP_209', 'TRD_GRP_210', 'TRD_GRP_211', 'TRD_GRP_212', 'TRD_GRP_213', 'TRD_GRP_214', 'TRD_GRP_215', 'TRD_GRP_216', 'TRD_GRP_217', 'TRD_GRP_218', 'TRD_GRP_219', 'TRD_GRP_220', 'TRD_GRP_221', 'TRD_GRP_222', 'TRD_GRP_223', 'TRD_GRP_224', 'TRD_GRP_225', 'TRD_GRP_226', 'TRD_GRP_227', 'TRD_GRP_228', 'TRD_GRP_229', 'TRD_GRP_230', 'TRD_GRP_231', 'TRD_GRP_232', 'TRD_GRP_233', 'TRD_GRP_234', 'TRD_GRP_235']], 'defaultSelfTradePreventionMode': 'EXPIRE_MAKER', 'allowedSelfTradePreventionModes': ['EXPIRE_TAKER', 'EXPIRE_MAKER', 'EXPIRE_BOTH']}
2025-01-18 01:47:43,156 - WARNING - \u26a0\ufe0f Filtro MIN_NOTIONAL não encontrado para ETHUSDT.
2025-01-18 01:47:43,930 - WARNING - \u26a0\ufe0f Não foi possível determinar o valor mínimo de compra para ETHUSDT.
2025-01-18 01:48:10,405 - INFO - Sincronização com a Binance realizada. Offset: -2358ms
2025-01-18 01:48:12,475 - INFO - \U0001f50d MinNotional (NOTIONAL) para BTCUSDT: 5.0
2025-01-18 01:48:13,519 - ERROR - \u274c Erro ao comprar BTCUSDT: APIError(code=-1100): Illegal characters found in parameter 'quantity'; legal range is '^([0-9]{1,20})(\.[0-9]{1,20})?$'.
2025-01-18 01:48:14,294 - INFO - \U0001f50d MinNotional (NOTIONAL) para ETHUSDT: 5.0
2025-01-18 01:48:15,336 - ERROR - \u274c Erro ao comprar ETHUSDT: APIError(code=-1013): Filter failure: LOT_SIZE
2025-01-18 01:48:47,585 - INFO - \U0001f50d MinNotional (NOTIONAL) para BTCUSDT: 5.0
2025-01-18 01:48:48,591 - ERROR - \u274c Erro ao comprar BTCUSDT: APIError(code=-1100): Illegal characters found in parameter 'quantity'; legal range is '^([0-9]{1,20})(\.[0-9]{1,20})?$'.
2025-01-18 01:48:49,366 - INFO - \U0001f50d MinNotional (NOTIONAL) para ETHUSDT: 5.0
2025-01-18 01:48:50,433 - ERROR - \u274c Erro ao comprar ETHUSDT: APIError(code=-1013): Filter failure: LOT_SIZE
2025-01-18 01:51:09,716 - INFO - Sincronização com a Binance realizada. Offset: -2359ms
2025-01-18 01:51:11,757 - INFO - \U0001f50d MinNotional (NOTIONAL) para BTCUSDT: 5.0
2025-01-18 01:51:12,769 - WARNING - \u26a0\ufe0f Ordem para BTCUSDT abaixo do mínimo permitido (5.0). Valor da ordem: 1.32
2025-01-18 01:51:13,585 - INFO - \U0001f50d MinNotional (NOTIONAL) para ETHUSDT: 5.0
2025-01-18 01:51:14,350 - WARNING - \u26a0\ufe0f Ordem para ETHUSDT abaixo do mínimo permitido (5.0). Valor da ordem: 1.32
2025-01-18 01:51:46,205 - INFO - \U0001f50d MinNotional (NOTIONAL) para BTCUSDT: 5.0
2025-01-18 01:51:47,031 - WARNING - \u26a0\ufe0f Ordem para BTCUSDT abaixo do mínimo permitido (5.0). Valor da ordem: 1.32
2025-01-18 01:51:47,795 - INFO - \U0001f50d MinNotional (NOTIONAL) para ETHUSDT: 5.0
2025-01-18 01:51:48,717 - WARNING - \u26a0\ufe0f Ordem para ETHUSDT abaixo do mínimo permitido (5.0). Valor da ordem: 1.32
2025-01-18 01:52:20,605 - INFO - \U0001f50d MinNotional (NOTIONAL) para BTCUSDT: 5.0
2025-01-18 01:52:21,326 - WARNING - \u26a0\ufe0f Ordem para BTCUSDT abaixo do mínimo permitido (5.0). Valor da ordem: 1.32
2025-01-18 01:52:22,116 - INFO - \U0001f50d MinNotional (NOTIONAL) para ETHUSDT: 5.0
2025-01-18 01:52:22,872 - WARNING - \u26a0\ufe0f Ordem para ETHUSDT abaixo do mínimo permitido (5.0). Valor da ordem: 1.32
2025-01-18 01:52:54,730 - INFO - \U0001f50d MinNotional (NOTIONAL) para BTCUSDT: 5.0
2025-01-18 01:52:55,520 - WARNING - \u26a0\ufe0f Ordem para BTCUSDT abaixo do mínimo permitido (5.0). Valor da ordem: 1.32
2025-01-18 01:52:56,276 - INFO - \U0001f50d MinNotional (NOTIONAL) para ETHUSDT: 5.0
2025-01-18 01:52:57,032 - WARNING - \u26a0\ufe0f Ordem para ETHUSDT abaixo do mínimo permitido (5.0). Valor da ordem: 1.32
2025-01-18 01:55:10,121 - INFO - Sincronização com a Binance realizada. Offset: -2363ms
2025-01-18 01:55:12,296 - WARNING - \u274c Saldo insuficiente para operação.
2025-01-18 01:55:43,339 - WARNING - \u274c Saldo insuficiente para operação.
2025-01-18 01:56:14,425 - WARNING - \u274c Saldo insuficiente para operação.
2025-01-18 01:56:45,460 - WARNING - \u274c Saldo insuficiente para operação.
2025-01-18 01:57:16,506 - WARNING - \u274c Saldo insuficiente para operação.
2025-01-18 01:57:47,689 - WARNING - \u274c Saldo insuficiente para operação.
2025-01-18 01:58:18,767 - WARNING - \u274c Saldo insuficiente para operação.
2025-01-18 01:58:49,796 - WARNING - \u274c Saldo insuficiente para operação.
2025-01-18 12:00:35,397 - INFO - Sincronização com a Binance realizada. Offset: -3385ms
2025-01-18 12:00:36,464 - WARNING - \u274c Saldo insuficiente para operação.
2025-01-18 12:01:07,558 - WARNING - \u274c Saldo insuficiente para operação.
2025-01-18 12:01:38,597 - WARNING - \u274c Saldo insuficiente para operação.
2025-01-18 12:02:10,035 - WARNING - \u274c Saldo insuficiente para operação.
2025-01-18 12:02:41,081 - WARNING - \u274c Saldo insuficiente para operação.
2025-01-18 12:03:12,226 - WARNING - \u274c Saldo insuficiente para operação.
2025-01-18 12:03:43,253 - WARNING - \u274c Saldo insuficiente para operação.
2025-01-18 12:04:14,349 - WARNING - \u274c Saldo insuficiente para operação.
2025-01-18 12:04:45,452 - WARNING - \u274c Saldo insuficiente para operação.
2025-01-18 12:05:16,641 - WARNING - \u274c Saldo insuficiente para operação.
2025-01-18 12:05:47,768 - WARNING - \u274c Saldo insuficiente para operação.
2025-01-18 12:06:18,785 - WARNING - \u274c Saldo insuficiente para operação.
2025-01-18 12:08:33,179 - INFO - Sincronização com a Binance realizada. Offset: -3368ms
2025-01-18 12:08:34,375 - WARNING - \u274c Saldo insuficiente para operação.
2025-01-18 12:09:05,452 - WARNING - \u274c Saldo insuficiente para operação.
2025-01-18 12:09:36,702 - WARNING - \u274c Saldo insuficiente para operação.
2025-01-18 12:10:07,748 - WARNING - \u274c Saldo insuficiente para operação.
2025-01-19 00:19:50,385 - INFO - Sincronização com a Binance realizada. Offset: -3413ms
2025-01-19 00:19:51,414 - WARNING - \u274c Saldo insuficiente para operação.
2025-01-19 00:20:24,291 - WARNING - \u274c Saldo insuficiente para operação.
2025-01-19 00:20:55,313 - WARNING - \u274c Saldo insuficiente para operação.
2025-01-19 00:21:27,803 - WARNING - \u274c Saldo insuficiente para operação.
2025-01-20 16:03:07,197 - INFO - Sincronização com a Binance realizada. Offset: -5509ms
2025-01-20 16:06:16,560 - INFO - Sincronização com a Binance realizada. Offset: -5510ms
2025-01-20 16:07:42,244 - INFO - Sincronização com a Binance realizada. Offset: -5510ms
2025-01-20 16:07:45,098 - INFO - \U0001f50d MinNotional (NOTIONAL) para XRPUSDT: 5.0
2025-01-20 16:07:45,601 - ERROR - \u274c Erro ao ajustar quantidade para XRPUSDT: list index out of range
2025-01-20 16:07:46,635 - ERROR - \u274c Erro ao comprar XRPUSDT: APIError(code=-1111): Parameter 'quantity' has too much precision.
2025-01-20 16:07:47,402 - INFO - \U0001f50d MinNotional (NOTIONAL) para BTCUSDT: 5.0
2025-01-20 16:07:47,881 - INFO - \U0001f50d Quantidade ajustada para BTCUSDT: 0.00005
2025-01-20 16:07:48,913 - INFO - \U0001f7e2 Compra realizada de BTCUSDT: {'symbol': 'BTCUSDT', 'orderId': 35623976301, 'orderListId': -1, 'clientOrderId': 'x-HNA2TXFJ7fca97f2e836cf0388955e', 'transactTime': 1737400062640, 'price': '0.00000000', 'origQty': '0.00005000', 'executedQty': '0.00005000', 'origQuoteOrderQty': '0.00000000', 'cummulativeQuoteQty': '5.16700050', 'status': 'FILLED', 'timeInForce': 'GTC', 'type': 'MARKET', 'side': 'BUY', 'workingTime': 1737400062640, 'fills': [{'price': '103340.01000000', 'qty': '0.00005000', 'commission': '0.00000005', 'commissionAsset': 'BTC', 'tradeId': 4439578630}], 'selfTradePreventionMode': 'EXPIRE_MAKER'}
2025-01-20 22:09:33,290 - INFO - Sincronização com a Binance realizada. Offset: -5739ms
2025-01-20 22:09:33,292 - INFO - Fora do horário estratégico. Aguardando...
2025-01-20 22:12:16,176 - INFO - Sincronização com a Binance realizada. Offset: -5743ms
2025-01-20 22:12:16,179 - INFO - Fora do horário estratégico. Aguardando...
2025-01-20 22:17:46,180 - INFO - Fora do horário estratégico. Aguardando...
2025-01-20 22:17:57,450 - INFO - Sincronização com a Binance realizada. Offset: -5744ms
2025-01-20 22:17:57,450 - INFO - Fora do horário estratégico. Aguardando...
2025-01-20 22:23:27,454 - INFO - Fora do horário estratégico. Aguardando...
2025-01-20 22:28:57,458 - INFO - Fora do horário estratégico. Aguardando...
2025-01-20 22:34:27,459 - INFO - Fora do horário estratégico. Aguardando...
2025-01-20 22:39:57,463 - INFO - Fora do horário estratégico. Aguardando...
2025-01-20 22:45:27,466 - INFO - Fora do horário estratégico. Aguardando...
2025-01-20 22:50:57,470 - INFO - Fora do horário estratégico. Aguardando...
2025-01-20 22:59:55,351 - INFO - Sincronização com a Binance realizada. Offset: -5820ms
2025-01-20 22:59:55,353 - INFO - Fora do horário estratégico. Aguardando...
2025-01-20 23:01:40,969 - INFO - Sincronização com a Binance realizada. Offset: -5821ms
2025-01-20 23:01:40,985 - INFO - Fora do horário estratégico. Aguardando...
2025-01-20 23:07:10,988 - INFO - Fora do horário estratégico. Aguardando...
2025-01-20 23:12:40,992 - INFO - Fora do horário estratégico. Aguardando...
2025-01-20 23:18:10,997 - INFO - Fora do horário estratégico. Aguardando...
2025-01-20 23:23:41,001 - INFO - Fora do horário estratégico. Aguardando...
2025-01-20 23:29:11,005 - INFO - Fora do horário estratégico. Aguardando...
2025-01-20 23:34:41,009 - INFO - Fora do horário estratégico. Aguardando...
2025-01-20 23:40:11,012 - INFO - Fora do horário estratégico. Aguardando...
2025-01-20 23:45:41,017 - INFO - Fora do horário estratégico. Aguardando...
2025-01-20 23:51:11,021 - INFO - Fora do horário estratégico. Aguardando...
2025-01-20 23:56:41,025 - INFO - Fora do horário estratégico. Aguardando...
2025-01-21 00:02:11,029 - INFO - Fora do horário estratégico. Aguardando...
2025-01-21 00:07:41,034 - INFO - Fora do horário estratégico. Aguardando...
2025-01-21 00:13:11,038 - INFO - Fora do horário estratégico. Aguardando...
2025-01-21 00:18:41,041 - INFO - Fora do horário estratégico. Aguardando...
2025-01-21 00:24:11,044 - INFO - Fora do horário estratégico. Aguardando...
2025-01-21 00:29:41,049 - INFO - Fora do horário estratégico. Aguardando...
2025-01-21 00:35:11,053 - INFO - Fora do horário estratégico. Aguardando...
2025-01-21 00:40:41,058 - INFO - Fora do horário estratégico. Aguardando...
2025-01-21 00:46:11,062 - INFO - Fora do horário estratégico. Aguardando...
2025-01-21 00:51:41,066 - INFO - Fora do horário estratégico. Aguardando...
2025-01-21 00:57:11,070 - INFO - Fora do horário estratégico. Aguardando...
2025-01-21 01:02:41,075 - INFO - Fora do horário estratégico. Aguardando...
2025-01-21 01:08:11,079 - INFO - Fora do horário estratégico. Aguardando...
2025-01-21 01:13:41,083 - INFO - Fora do horário estratégico. Aguardando...
2025-01-21 01:19:11,087 - INFO - Fora do horário estratégico. Aguardando...
2025-01-21 01:24:41,092 - INFO - Fora do horário estratégico. Aguardando...
2025-01-21 01:30:11,097 - INFO - Fora do horário estratégico. Aguardando...
2025-01-21 01:35:41,101 - INFO - Fora do horário estratégico. Aguardando...
2025-01-21 01:41:11,106 - INFO - Fora do horário estratégico. Aguardando...
2025-01-21 01:46:41,110 - INFO - Fora do horário estratégico. Aguardando...
2025-01-21 01:52:11,114 - INFO - Fora do horário estratégico. Aguardando...
2025-01-21 01:57:41,118 - INFO - Fora do horário estratégico. Aguardando...
2025-01-21 02:03:11,122 - INFO - Fora do horário estratégico. Aguardando...
2025-01-21 02:08:41,127 - INFO - Fora do horário estratégico. Aguardando...
2025-01-21 02:14:11,131 - INFO - Fora do horário estratégico. Aguardando...
2025-01-21 02:19:41,135 - INFO - Fora do horário estratégico. Aguardando...
2025-01-21 02:25:11,139 - INFO - Fora do horário estratégico. Aguardando...
2025-01-21 02:30:41,143 - INFO - Fora do horário estratégico. Aguardando...
2025-01-21 02:36:11,147 - INFO - Fora do horário estratégico. Aguardando...
2025-01-21 02:41:41,150 - INFO - Fora do horário estratégico. Aguardando...
2025-01-21 02:47:11,154 - INFO - Fora do horário estratégico. Aguardando...
2025-01-21 02:52:41,158 - INFO - Fora do horário estratégico. Aguardando...
2025-01-21 02:58:11,162 - INFO - Fora do horário estratégico. Aguardando...
2025-01-21 03:03:41,165 - INFO - Fora do horário estratégico. Aguardando...
2025-01-21 03:09:11,169 - INFO - Fora do horário estratégico. Aguardando...
2025-01-21 03:14:41,173 - INFO - Fora do horário estratégico. Aguardando...
2025-01-21 03:20:11,179 - INFO - Fora do horário estratégico. Aguardando...
2025-01-21 03:25:41,182 - INFO - Fora do horário estratégico. Aguardando...
2025-01-21 03:31:11,185 - INFO - Fora do horário estratégico. Aguardando...
2025-01-21 03:36:41,189 - INFO - Fora do horário estratégico. Aguardando...
2025-01-21 03:42:11,193 - INFO - Fora do horário estratégico. Aguardando...
2025-01-21 03:47:41,197 - INFO - Fora do horário estratégico. Aguardando...
2025-01-21 03:53:11,202 - INFO - Fora do horário estratégico. Aguardando...
2025-01-21 03:58:41,206 - INFO - Fora do horário estratégico. Aguardando...
2025-01-21 04:04:11,210 - INFO - Fora do horário estratégico. Aguardando...
2025-01-21 04:09:41,215 - INFO - Fora do horário estratégico. Aguardando...
2025-01-21 04:15:11,219 - INFO - Fora do horário estratégico. Aguardando...
2025-01-21 04:20:41,224 - INFO - Fora do horário estratégico. Aguardando...
2025-01-21 04:26:11,228 - INFO - Fora do horário estratégico. Aguardando...
2025-01-21 04:31:41,233 - INFO - Fora do horário estratégico. Aguardando...
2025-01-21 04:37:11,235 - INFO - Fora do horário estratégico. Aguardando...
2025-01-21 04:42:41,239 - INFO - Fora do horário estratégico. Aguardando...
2025-01-21 04:48:11,240 - INFO - Fora do horário estratégico. Aguardando...
2025-01-21 04:53:41,245 - INFO - Fora do horário estratégico. Aguardando...
2025-01-21 04:59:11,249 - INFO - Fora do horário estratégico. Aguardando...
2025-01-21 05:04:41,254 - INFO - Fora do horário estratégico. Aguardando...
2025-01-21 05:10:11,258 - INFO - Fora do horário estratégico. Aguardando...
2025-01-21 05:15:41,260 - INFO - Fora do horário estratégico. Aguardando...
2025-01-21 05:21:11,264 - INFO - Fora do horário estratégico. Aguardando...
2025-01-21 05:26:41,268 - INFO - Fora do horário estratégico. Aguardando...
2025-01-21 05:32:11,273 - INFO - Fora do horário estratégico. Aguardando...
2025-01-21 05:37:41,277 - INFO - Fora do horário estratégico. Aguardando...
2025-01-21 05:43:11,281 - INFO - Fora do horário estratégico. Aguardando...
2025-01-21 05:48:41,285 - INFO - Fora do horário estratégico. Aguardando...
2025-01-21 05:54:11,289 - INFO - Fora do horário estratégico. Aguardando...
2025-01-21 05:59:41,294 - INFO - Fora do horário estratégico. Aguardando...
2025-01-21 06:05:11,642 - INFO - \U0001f4b0 Saldo USDT: 5.61154435
2025-01-21 06:05:12,860 - INFO - Sentimento geral das notícias: 0.010714285714285716
2025-01-21 06:05:14,767 - INFO - Melhores moedas para negociação: ['BNBUSDT', 'ETHUSDT']
2025-01-21 06:05:15,642 - INFO - \U0001f50d MinNotional (NOTIONAL) para BNBUSDT: 5.0
2025-01-21 06:05:16,360 - INFO - \U0001f50d Quantidade ajustada para BNBUSDT: 0.007
2025-01-21 06:05:17,423 - INFO - \U0001f4e9 Mensagem enviada com sucesso!
2025-01-21 06:05:17,423 - ERROR - \u274c Erro ao comprar BNBUSDT: APIError(code=-1013): Filter failure: NOTIONAL
2025-01-21 06:05:18,220 - INFO - \U0001f50d MinNotional (NOTIONAL) para ETHUSDT: 5.0
2025-01-21 06:05:18,720 - INFO - \U0001f50d Quantidade ajustada para ETHUSDT: 0.0015
2025-01-21 06:05:19,829 - INFO - \U0001f4e9 Mensagem enviada com sucesso!
2025-01-21 06:05:19,829 - ERROR - \u274c Erro ao comprar ETHUSDT: APIError(code=-1013): Filter failure: NOTIONAL
2025-01-21 06:05:20,111 - INFO - \U0001f4b0 Saldo USDT: 5.61154435
2025-01-21 06:05:20,111 - INFO - \U0001f4c8 PnL Diário: 0.00 USDT (0.00%)
2025-01-21 06:05:20,845 - INFO - \U0001f4e9 Mensagem enviada com sucesso!
2025-01-21 06:05:51,131 - INFO - \U0001f4b0 Saldo USDT: 5.61154435
2025-01-21 06:05:51,959 - INFO - Sentimento geral das notícias: 0.010714285714285716
2025-01-21 06:05:53,897 - INFO - Melhores moedas para negociação: ['BNBUSDT', 'ETHUSDT']
2025-01-21 06:05:54,975 - INFO - \U0001f50d MinNotional (NOTIONAL) para BNBUSDT: 5.0
2025-01-21 06:05:55,710 - INFO - \U0001f50d Quantidade ajustada para BNBUSDT: 0.007
2025-01-21 06:05:56,897 - INFO - \U0001f4e9 Mensagem enviada com sucesso!
2025-01-21 06:05:56,897 - ERROR - \u274c Erro ao comprar BNBUSDT: APIError(code=-1013): Filter failure: NOTIONAL
2025-01-21 06:05:57,819 - INFO - \U0001f50d MinNotional (NOTIONAL) para ETHUSDT: 5.0
2025-01-21 06:05:58,413 - INFO - \U0001f50d Quantidade ajustada para ETHUSDT: 0.0015
2025-01-21 06:05:59,429 - INFO - \U0001f4e9 Mensagem enviada com sucesso!
2025-01-21 06:05:59,429 - ERROR - \u274c Erro ao comprar ETHUSDT: APIError(code=-1013): Filter failure: NOTIONAL
2025-01-21 06:05:59,710 - INFO - \U0001f4b0 Saldo USDT: 5.61154435
2025-01-21 06:05:59,710 - INFO - \U0001f4c8 PnL Diário: 0.00 USDT (0.00%)
2025-01-21 06:06:00,460 - INFO - \U0001f4e9 Mensagem enviada com sucesso!
2025-01-21 06:06:30,731 - INFO - \U0001f4b0 Saldo USDT: 5.61154435
2025-01-21 06:06:31,497 - INFO - Sentimento geral das notícias: 0.010714285714285716
2025-01-21 06:06:33,450 - INFO - Melhores moedas para negociação: ['BNBUSDT', 'ETHUSDT']
2025-01-21 06:06:34,372 - INFO - \U0001f50d MinNotional (NOTIONAL) para BNBUSDT: 5.0
2025-01-21 06:06:34,981 - INFO - \U0001f50d Quantidade ajustada para BNBUSDT: 0.007
2025-01-21 06:06:36,044 - INFO - \U0001f4e9 Mensagem enviada com sucesso!
2025-01-21 06:06:36,044 - ERROR - \u274c Erro ao comprar BNBUSDT: APIError(code=-1013): Filter failure: NOTIONAL
2025-01-21 06:06:36,981 - INFO - \U0001f50d MinNotional (NOTIONAL) para ETHUSDT: 5.0
2025-01-21 06:06:37,606 - INFO - \U0001f50d Quantidade ajustada para ETHUSDT: 0.0015
2025-01-21 06:06:38,638 - INFO - \U0001f4e9 Mensagem enviada com sucesso!
2025-01-21 06:06:38,638 - ERROR - \u274c Erro ao comprar ETHUSDT: APIError(code=-1013): Filter failure: NOTIONAL
2025-01-21 06:06:38,919 - INFO - \U0001f4b0 Saldo USDT: 5.61154435
2025-01-21 06:06:38,919 - INFO - \U0001f4c8 PnL Diário: 0.00 USDT (0.00%)
2025-01-21 06:06:39,669 - INFO - \U0001f4e9 Mensagem enviada com sucesso!
2025-01-21 06:07:09,959 - INFO - \U0001f4b0 Saldo USDT: 5.61154435
2025-01-21 06:07:10,756 - INFO - Sentimento geral das notícias: 0.010714285714285716
2025-01-21 06:07:12,725 - INFO - Melhores moedas para negociação: ['BNBUSDT', 'ETHUSDT']
2025-01-21 06:07:13,959 - INFO - \U0001f50d MinNotional (NOTIONAL) para BNBUSDT: 5.0
2025-01-21 06:07:14,787 - INFO - \U0001f50d Quantidade ajustada para BNBUSDT: 0.007
2025-01-21 06:07:15,834 - INFO - \U0001f4e9 Mensagem enviada com sucesso!
2025-01-21 06:07:15,834 - ERROR - \u274c Erro ao comprar BNBUSDT: APIError(code=-1013): Filter failure: NOTIONAL
2025-01-21 06:07:16,834 - INFO - \U0001f50d MinNotional (NOTIONAL) para ETHUSDT: 5.0
2025-01-21 06:07:17,475 - INFO - \U0001f50d Quantidade ajustada para ETHUSDT: 0.0015
2025-01-21 06:07:18,537 - INFO - \U0001f4e9 Mensagem enviada com sucesso!
2025-01-21 06:07:18,537 - ERROR - \u274c Erro ao comprar ETHUSDT: APIError(code=-1013): Filter failure: NOTIONAL
2025-01-21 06:07:18,819 - INFO - \U0001f4b0 Saldo USDT: 5.61154435
2025-01-21 06:07:18,819 - INFO - \U0001f4c8 PnL Diário: 0.00 USDT (0.00%)
2025-01-21 06:07:19,600 - INFO - \U0001f4e9 Mensagem enviada com sucesso!
2025-01-21 06:07:54,215 - INFO - \U0001f4b0 Saldo USDT: 5.61154435
2025-01-21 06:07:54,480 - INFO - Sentimento geral das notícias: 0.010714285714285716
2025-01-21 06:07:56,949 - INFO - Melhores moedas para negociação: ['BNBUSDT', 'ETHUSDT']
2025-01-21 06:07:58,817 - INFO - \U0001f50d MinNotional (NOTIONAL) para BNBUSDT: 5.0
2025-01-21 06:07:59,481 - INFO - \U0001f50d Quantidade ajustada para BNBUSDT: 0.007
2025-01-21 06:08:00,559 - INFO - \U0001f4e9 Mensagem enviada com sucesso!
2025-01-21 06:08:00,559 - ERROR - \u274c Erro ao comprar BNBUSDT: APIError(code=-1013): Filter failure: NOTIONAL
2025-01-21 06:08:01,466 - INFO - \U0001f50d MinNotional (NOTIONAL) para ETHUSDT: 5.0
2025-01-21 06:08:02,059 - INFO - \U0001f50d Quantidade ajustada para ETHUSDT: 0.0015
2025-01-21 06:08:03,091 - INFO - \U0001f4e9 Mensagem enviada com sucesso!
2025-01-21 06:08:03,091 - ERROR - \u274c Erro ao comprar ETHUSDT: APIError(code=-1013): Filter failure: NOTIONAL
2025-01-21 06:08:03,372 - INFO - \U0001f4b0 Saldo USDT: 5.61154435
2025-01-21 06:08:03,372 - INFO - \U0001f4c8 PnL Diário: 0.00 USDT (0.00%)
2025-01-21 06:08:04,137 - INFO - \U0001f4e9 Mensagem enviada com sucesso!
2025-01-21 06:08:34,438 - INFO - \U0001f4b0 Saldo USDT: 5.61154435
2025-01-21 06:08:34,797 - INFO - Sentimento geral das notícias: 0.010714285714285716
2025-01-21 06:08:36,844 - INFO - Melhores moedas para negociação: ['BNBUSDT', 'ETHUSDT']
2025-01-21 06:08:38,266 - INFO - \U0001f50d MinNotional (NOTIONAL) para BNBUSDT: 5.0
2025-01-21 06:08:39,141 - INFO - \U0001f50d Quantidade ajustada para BNBUSDT: 0.007
2025-01-21 06:08:40,188 - INFO - \U0001f4e9 Mensagem enviada com sucesso!
2025-01-21 06:08:40,188 - ERROR - \u274c Erro ao comprar BNBUSDT: APIError(code=-1013): Filter failure: NOTIONAL
2025-01-21 06:08:41,235 - INFO - \U0001f50d MinNotional (NOTIONAL) para ETHUSDT: 5.0
2025-01-21 06:08:41,938 - INFO - \U0001f50d Quantidade ajustada para ETHUSDT: 0.0015
2025-01-21 06:08:43,001 - INFO - \U0001f4e9 Mensagem enviada com sucesso!
2025-01-21 06:08:43,001 - ERROR - \u274c Erro ao comprar ETHUSDT: APIError(code=-1013): Filter failure: NOTIONAL
2025-01-21 06:08:43,267 - INFO - \U0001f4b0 Saldo USDT: 5.61154435
2025-01-21 06:08:43,267 - INFO - \U0001f4c8 PnL Diário: 0.00 USDT (0.00%)
2025-01-21 06:08:44,017 - INFO - \U0001f4e9 Mensagem enviada com sucesso!
2025-01-21 06:09:14,318 - INFO - \U0001f4b0 Saldo USDT: 5.61154435
2025-01-21 06:09:15,084 - INFO - Sentimento geral das notícias: 0.010714285714285716
2025-01-21 06:09:17,038 - INFO - Melhores moedas para negociação: ['BNBUSDT', 'ETHUSDT']
2025-01-21 06:09:17,960 - INFO - \U0001f50d MinNotional (NOTIONAL) para BNBUSDT: 5.0
2025-01-21 06:09:18,569 - INFO - \U0001f50d Quantidade ajustada para BNBUSDT: 0.007
2025-01-21 06:09:19,647 - INFO - \U0001f4e9 Mensagem enviada com sucesso!
2025-01-21 06:09:19,647 - ERROR - \u274c Erro ao comprar BNBUSDT: APIError(code=-1013): Filter failure: NOTIONAL
2025-01-21 06:09:20,554 - INFO - \U0001f50d MinNotional (NOTIONAL) para ETHUSDT: 5.0
2025-01-21 06:09:21,273 - INFO - \U0001f50d Quantidade ajustada para ETHUSDT: 0.0015
2025-01-21 06:09:22,288 - INFO - \U0001f4e9 Mensagem enviada com sucesso!
2025-01-21 06:09:22,288 - ERROR - \u274c Erro ao comprar ETHUSDT: APIError(code=-1013): Filter failure: NOTIONAL
2025-01-21 06:09:22,570 - INFO - \U0001f4b0 Saldo USDT: 5.61154435
2025-01-21 06:09:22,570 - INFO - \U0001f4c8 PnL Diário: 0.00 USDT (0.00%)
2025-01-21 06:09:23,335 - INFO - \U0001f4e9 Mensagem enviada com sucesso!
2025-01-21 06:09:53,650 - INFO - \U0001f4b0 Saldo USDT: 5.61154435
2025-01-21 06:09:54,385 - INFO - Sentimento geral das notícias: 0.010714285714285716
2025-01-21 06:09:56,385 - INFO - Melhores moedas para negociação: ['BNBUSDT', 'ETHUSDT']
2025-01-21 06:09:57,353 - INFO - \U0001f50d MinNotional (NOTIONAL) para BNBUSDT: 5.0
2025-01-21 06:09:58,088 - INFO - \U0001f50d Quantidade ajustada para BNBUSDT: 0.007
2025-01-21 06:09:59,104 - INFO - \U0001f4e9 Mensagem enviada com sucesso!
2025-01-21 06:09:59,104 - ERROR - \u274c Erro ao comprar BNBUSDT: APIError(code=-1013): Filter failure: NOTIONAL
2025-01-21 06:10:00,010 - INFO - \U0001f50d MinNotional (NOTIONAL) para ETHUSDT: 5.0
2025-01-21 06:10:00,557 - INFO - \U0001f50d Quantidade ajustada para ETHUSDT: 0.0015
2025-01-21 06:10:01,635 - INFO - \U0001f4e9 Mensagem enviada com sucesso!
2025-01-21 06:10:01,635 - ERROR - \u274c Erro ao comprar ETHUSDT: APIError(code=-1013): Filter failure: NOTIONAL
2025-01-21 06:10:01,916 - INFO - \U0001f4b0 Saldo USDT: 5.61154435
2025-01-21 06:10:01,916 - INFO - \U0001f4c8 PnL Diário: 0.00 USDT (0.00%)
2025-01-21 06:10:02,666 - INFO - \U0001f4e9 Mensagem enviada com sucesso!
2025-01-21 06:10:32,967 - INFO - \U0001f4b0 Saldo USDT: 5.61154435
2025-01-21 06:10:33,811 - INFO - Sentimento geral das notícias: 0.010714285714285716
2025-01-21 06:10:35,764 - INFO - Melhores moedas para negociação: ['BNBUSDT', 'ETHUSDT']
2025-01-21 06:10:36,780 - INFO - \U0001f50d MinNotional (NOTIONAL) para BNBUSDT: 5.0
2025-01-21 06:10:37,483 - INFO - \U0001f50d Quantidade ajustada para BNBUSDT: 0.007
2025-01-21 06:10:38,576 - INFO - \U0001f4e9 Mensagem enviada com sucesso!
2025-01-21 06:10:38,576 - ERROR - \u274c Erro ao comprar BNBUSDT: APIError(code=-1013): Filter failure: NOTIONAL
2025-01-21 06:10:39,498 - INFO - \U0001f50d MinNotional (NOTIONAL) para ETHUSDT: 5.0
2025-01-21 06:10:40,170 - INFO - \U0001f50d Quantidade ajustada para ETHUSDT: 0.0015
2025-01-21 06:10:41,233 - INFO - \U0001f4e9 Mensagem enviada com sucesso!
2025-01-21 06:10:41,233 - ERROR - \u274c Erro ao comprar ETHUSDT: APIError(code=-1013): Filter failure: NOTIONAL
2025-01-21 06:10:41,514 - INFO - \U0001f4b0 Saldo USDT: 5.61154435
2025-01-21 06:10:41,514 - INFO - \U0001f4c8 PnL Diário: 0.00 USDT (0.00%)
2025-01-21 06:10:42,264 - INFO - \U0001f4e9 Mensagem enviada com sucesso!
2025-01-21 06:11:12,565 - INFO - \U0001f4b0 Saldo USDT: 5.61154435
2025-01-21 06:11:13,362 - INFO - Sentimento geral das notícias: 0.010714285714285716
2025-01-21 06:11:15,394 - INFO - Melhores moedas para negociação: ['BNBUSDT', 'ETHUSDT']
2025-01-21 06:11:16,316 - INFO - \U0001f50d MinNotional (NOTIONAL) para BNBUSDT: 5.0
2025-01-21 06:11:16,956 - INFO - \U0001f50d Quantidade ajustada para BNBUSDT: 0.007
2025-01-21 06:11:17,972 - INFO - \U0001f4e9 Mensagem enviada com sucesso!
2025-01-21 06:11:17,972 - ERROR - \u274c Erro ao comprar BNBUSDT: APIError(code=-1013): Filter failure: NOTIONAL
2025-01-21 06:11:19,113 - INFO - \U0001f50d MinNotional (NOTIONAL) para ETHUSDT: 5.0
2025-01-21 06:11:20,409 - INFO - \U0001f50d Quantidade ajustada para ETHUSDT: 0.0015
2025-01-21 06:11:21,456 - INFO - \U0001f4e9 Mensagem enviada com sucesso!
2025-01-21 06:11:21,456 - ERROR - \u274c Erro ao comprar ETHUSDT: APIError(code=-1013): Filter failure: NOTIONAL
2025-01-21 06:11:21,738 - INFO - \U0001f4b0 Saldo USDT: 5.61154435
2025-01-21 06:11:21,738 - INFO - \U0001f4c8 PnL Diário: 0.00 USDT (0.00%)
2025-01-21 06:11:22,488 - INFO - \U0001f4e9 Mensagem enviada com sucesso!
2025-01-21 06:11:52,773 - INFO - \U0001f4b0 Saldo USDT: 5.61154435
2025-01-21 06:11:53,648 - INFO - Sentimento geral das notícias: 0.010714285714285716
2025-01-21 06:11:55,586 - INFO - Melhores moedas para negociação: ['BNBUSDT', 'ETHUSDT']
2025-01-21 06:11:56,539 - INFO - \U0001f50d MinNotional (NOTIONAL) para BNBUSDT: 5.0
2025-01-21 06:11:57,211 - INFO - \U0001f50d Quantidade ajustada para BNBUSDT: 0.007
2025-01-21 06:11:58,273 - INFO - \U0001f4e9 Mensagem enviada com sucesso!
2025-01-21 06:11:58,273 - ERROR - \u274c Erro ao comprar BNBUSDT: APIError(code=-1013): Filter failure: NOTIONAL
2025-01-21 06:11:59,196 - INFO - \U0001f50d MinNotional (NOTIONAL) para ETHUSDT: 5.0
2025-01-21 06:11:59,946 - INFO - \U0001f50d Quantidade ajustada para ETHUSDT: 0.0015
2025-01-21 06:12:00,993 - INFO - \U0001f4e9 Mensagem enviada com sucesso!
2025-01-21 06:12:00,993 - ERROR - \u274c Erro ao comprar ETHUSDT: APIError(code=-1013): Filter failure: NOTIONAL
2025-01-21 06:12:01,274 - INFO - \U0001f4b0 Saldo USDT: 5.61154435
2025-01-21 06:12:01,274 - INFO - \U0001f4c8 PnL Diário: 0.00 USDT (0.00%)
2025-01-21 06:12:02,149 - INFO - \U0001f4e9 Mensagem enviada com sucesso!
2025-01-21 06:12:32,449 - INFO - \U0001f4b0 Saldo USDT: 5.61154435
2025-01-21 06:12:33,215 - INFO - Sentimento geral das notícias: 0.010714285714285716
2025-01-21 06:12:35,168 - INFO - Melhores moedas para negociação: ['BNBUSDT', 'ETHUSDT']
2025-01-21 06:12:36,090 - INFO - \U0001f50d MinNotional (NOTIONAL) para BNBUSDT: 5.0
2025-01-21 06:12:36,683 - INFO - \U0001f50d Quantidade ajustada para BNBUSDT: 0.007
2025-01-21 06:12:37,730 - INFO - \U0001f4e9 Mensagem enviada com sucesso!
2025-01-21 06:12:37,730 - ERROR - \u274c Erro ao comprar BNBUSDT: APIError(code=-1013): Filter failure: NOTIONAL
2025-01-21 06:12:38,621 - INFO - \U0001f50d MinNotional (NOTIONAL) para ETHUSDT: 5.0
2025-01-21 06:12:39,168 - INFO - \U0001f50d Quantidade ajustada para ETHUSDT: 0.0015
2025-01-21 06:12:40,184 - INFO - \U0001f4e9 Mensagem enviada com sucesso!
2025-01-21 06:12:40,184 - ERROR - \u274c Erro ao comprar ETHUSDT: APIError(code=-1013): Filter failure: NOTIONAL
2025-01-21 06:12:40,480 - INFO - \U0001f4b0 Saldo USDT: 5.61154435
2025-01-21 06:12:40,480 - INFO - \U0001f4c8 PnL Diário: 0.00 USDT (0.00%)
2025-01-21 06:12:41,246 - INFO - \U0001f4e9 Mensagem enviada com sucesso!
2025-01-21 06:13:11,531 - INFO - \U0001f4b0 Saldo USDT: 5.61154435
2025-01-21 06:13:12,312 - INFO - Sentimento geral das notícias: 0.010714285714285716
2025-01-21 06:13:14,281 - INFO - Melhores moedas para negociação: ['BNBUSDT', 'ETHUSDT']
2025-01-21 06:13:15,281 - INFO - \U0001f50d MinNotional (NOTIONAL) para BNBUSDT: 5.0
2025-01-21 06:13:15,875 - INFO - \U0001f50d Quantidade ajustada para BNBUSDT: 0.007
2025-01-21 06:13:16,953 - INFO - \U0001f4e9 Mensagem enviada com sucesso!
2025-01-21 06:13:16,953 - ERROR - \u274c Erro ao comprar BNBUSDT: APIError(code=-1013): Filter failure: NOTIONAL
2025-01-21 06:13:17,828 - INFO - \U0001f50d MinNotional (NOTIONAL) para ETHUSDT: 5.0
2025-01-21 06:13:18,375 - INFO - \U0001f50d Quantidade ajustada para ETHUSDT: 0.0015
2025-01-21 06:13:19,438 - INFO - \U0001f4e9 Mensagem enviada com sucesso!
2025-01-21 06:13:19,438 - ERROR - \u274c Erro ao comprar ETHUSDT: APIError(code=-1013): Filter failure: NOTIONAL
2025-01-21 06:13:19,719 - INFO - \U0001f4b0 Saldo USDT: 5.61154435
2025-01-21 06:13:19,719 - INFO - \U0001f4c8 PnL Diário: 0.00 USDT (0.00%)
2025-01-21 06:13:20,501 - INFO - \U0001f4e9 Mensagem enviada com sucesso!
2025-01-21 06:13:50,815 - INFO - \U0001f4b0 Saldo USDT: 5.61154435
2025-01-21 06:13:51,175 - INFO - Sentimento geral das notícias: 0.010714285714285716
2025-01-21 06:13:53,143 - INFO - Melhores moedas para negociação: ['BNBUSDT', 'ETHUSDT']
2025-01-21 06:13:54,065 - INFO - \U0001f50d MinNotional (NOTIONAL) para BNBUSDT: 5.0
2025-01-21 06:13:54,893 - INFO - \U0001f50d Quantidade ajustada para BNBUSDT: 0.007
2025-01-21 06:13:55,940 - INFO - \U0001f4e9 Mensagem enviada com sucesso!
2025-01-21 06:13:55,940 - ERROR - \u274c Erro ao comprar BNBUSDT: APIError(code=-1013): Filter failure: NOTIONAL
2025-01-21 06:13:56,862 - INFO - \U0001f50d MinNotional (NOTIONAL) para ETHUSDT: 5.0
2025-01-21 06:13:57,440 - INFO - \U0001f50d Quantidade ajustada para ETHUSDT: 0.0015
2025-01-21 06:13:58,534 - INFO - \U0001f4e9 Mensagem enviada com sucesso!
2025-01-21 06:13:58,534 - ERROR - \u274c Erro ao comprar ETHUSDT: APIError(code=-1013): Filter failure: NOTIONAL
2025-01-21 06:13:58,815 - INFO - \U0001f4b0 Saldo USDT: 5.61154435
2025-01-21 06:13:58,815 - INFO - \U0001f4c8 PnL Diário: 0.00 USDT (0.00%)
2025-01-21 06:13:59,644 - INFO - \U0001f4e9 Mensagem enviada com sucesso!
2025-01-21 06:14:29,945 - INFO - \U0001f4b0 Saldo USDT: 5.61154435
2025-01-21 06:14:30,773 - INFO - Sentimento geral das notícias: 0.010714285714285716
2025-01-21 06:14:32,711 - INFO - Melhores moedas para negociação: ['BNBUSDT', 'ETHUSDT']
2025-01-21 06:14:33,727 - INFO - \U0001f50d MinNotional (NOTIONAL) para BNBUSDT: 5.0
2025-01-21 06:14:34,367 - INFO - \U0001f50d Quantidade ajustada para BNBUSDT: 0.007
2025-01-21 06:14:35,399 - INFO - \U0001f4e9 Mensagem enviada com sucesso!
2025-01-21 06:14:35,399 - ERROR - \u274c Erro ao comprar BNBUSDT: APIError(code=-1013): Filter failure: NOTIONAL
2025-01-21 06:14:36,274 - INFO - \U0001f50d MinNotional (NOTIONAL) para ETHUSDT: 5.0
2025-01-21 06:14:37,070 - INFO - \U0001f50d Quantidade ajustada para ETHUSDT: 0.0015
2025-01-21 06:14:38,102 - INFO - \U0001f4e9 Mensagem enviada com sucesso!
2025-01-21 06:14:38,102 - ERROR - \u274c Erro ao comprar ETHUSDT: APIError(code=-1013): Filter failure: NOTIONAL
2025-01-21 06:14:38,400 - INFO - \U0001f4b0 Saldo USDT: 5.61154435
2025-01-21 06:14:38,400 - INFO - \U0001f4c8 PnL Diário: 0.00 USDT (0.00%)
2025-01-21 06:14:39,197 - INFO - \U0001f4e9 Mensagem enviada com sucesso!
2025-01-21 06:15:09,499 - INFO - \U0001f4b0 Saldo USDT: 5.61154435
2025-01-21 06:15:09,717 - INFO - Sentimento geral das notícias: 0.010714285714285716
2025-01-21 06:15:11,686 - INFO - Melhores moedas para negociação: ['BNBUSDT', 'ETHUSDT']
2025-01-21 06:15:12,639 - INFO - \U0001f50d MinNotional (NOTIONAL) para BNBUSDT: 5.0
2025-01-21 06:15:13,233 - INFO - \U0001f50d Quantidade ajustada para BNBUSDT: 0.007
2025-01-21 06:15:14,280 - INFO - \U0001f4e9 Mensagem enviada com sucesso!
2025-01-21 06:15:14,280 - ERROR - \u274c Erro ao comprar BNBUSDT: APIError(code=-1013): Filter failure: NOTIONAL
2025-01-21 06:15:15,280 - INFO - \U0001f50d MinNotional (NOTIONAL) para ETHUSDT: 5.0
2025-01-21 06:15:15,858 - INFO - \U0001f50d Quantidade ajustada para ETHUSDT: 0.0015
2025-01-21 06:15:16,921 - INFO - \U0001f4e9 Mensagem enviada com sucesso!
2025-01-21 06:15:16,921 - ERROR - \u274c Erro ao comprar ETHUSDT: APIError(code=-1013): Filter failure: NOTIONAL
2025-01-21 06:15:17,202 - INFO - \U0001f4b0 Saldo USDT: 5.61154435
2025-01-21 06:15:17,202 - INFO - \U0001f4c8 PnL Diário: 0.00 USDT (0.00%)
2025-01-21 06:15:17,936 - INFO - \U0001f4e9 Mensagem enviada com sucesso!
2025-01-21 06:15:48,220 - INFO - \U0001f4b0 Saldo USDT: 5.61154435
2025-01-21 06:15:49,017 - INFO - Sentimento geral das notícias: 0.010714285714285716
2025-01-21 06:15:50,954 - INFO - Melhores moedas para negociação: ['BNBUSDT', 'ETHUSDT']
2025-01-21 06:15:51,907 - INFO - \U0001f50d MinNotional (NOTIONAL) para BNBUSDT: 5.0
2025-01-21 06:15:52,548 - INFO - \U0001f50d Quantidade ajustada para BNBUSDT: 0.007
2025-01-21 06:15:53,595 - INFO - \U0001f4e9 Mensagem enviada com sucesso!
2025-01-21 06:15:53,595 - ERROR - \u274c Erro ao comprar BNBUSDT: APIError(code=-1013): Filter failure: NOTIONAL
2025-01-21 06:15:54,673 - INFO - \U0001f50d MinNotional (NOTIONAL) para ETHUSDT: 5.0
2025-01-21 06:15:55,267 - INFO - \U0001f50d Quantidade ajustada para ETHUSDT: 0.0015
2025-01-21 06:15:56,283 - INFO - \U0001f4e9 Mensagem enviada com sucesso!
2025-01-21 06:15:56,283 - ERROR - \u274c Erro ao comprar ETHUSDT: APIError(code=-1013): Filter failure: NOTIONAL
2025-01-21 06:15:56,564 - INFO - \U0001f4b0 Saldo USDT: 5.61154435
2025-01-21 06:15:56,564 - INFO - \U0001f4c8 PnL Diário: 0.00 USDT (0.00%)
2025-01-21 06:15:57,314 - INFO - \U0001f4e9 Mensagem enviada com sucesso!
2025-01-21 06:16:27,599 - INFO - \U0001f4b0 Saldo USDT: 5.61154435
2025-01-21 06:16:28,349 - INFO - Sentimento geral das notícias: 0.010714285714285716
2025-01-21 06:16:30,287 - INFO - Melhores moedas para negociação: ['BNBUSDT', 'ETHUSDT']
2025-01-21 06:16:31,287 - INFO - \U0001f50d MinNotional (NOTIONAL) para BNBUSDT: 5.0
2025-01-21 06:16:31,943 - INFO - \U0001f50d Quantidade ajustada para BNBUSDT: 0.007
2025-01-21 06:16:32,990 - INFO - \U0001f4e9 Mensagem enviada com sucesso!
2025-01-21 06:16:32,990 - ERROR - \u274c Erro ao comprar BNBUSDT: APIError(code=-1013): Filter failure: NOTIONAL
2025-01-21 06:16:33,881 - INFO - \U0001f50d MinNotional (NOTIONAL) para ETHUSDT: 5.0
2025-01-21 06:16:34,506 - INFO - \U0001f50d Quantidade ajustada para ETHUSDT: 0.0015
2025-01-21 06:16:35,600 - INFO - \U0001f4e9 Mensagem enviada com sucesso!
2025-01-21 06:16:35,600 - ERROR - \u274c Erro ao comprar ETHUSDT: APIError(code=-1013): Filter failure: NOTIONAL
2025-01-21 06:16:35,881 - INFO - \U0001f4b0 Saldo USDT: 5.61154435
2025-01-21 06:16:35,881 - INFO - \U0001f4c8 PnL Diário: 0.00 USDT (0.00%)
2025-01-21 06:16:36,663 - INFO - \U0001f4e9 Mensagem enviada com sucesso!
2025-01-21 06:17:06,948 - INFO - \U0001f4b0 Saldo USDT: 5.61154435
2025-01-21 06:17:07,792 - INFO - Sentimento geral das notícias: 0.010714285714285716
2025-01-21 06:17:09,714 - INFO - Melhores moedas para negociação: ['BNBUSDT', 'ETHUSDT']
2025-01-21 06:17:10,745 - INFO - \U0001f50d MinNotional (NOTIONAL) para BNBUSDT: 5.0
2025-01-21 06:17:11,511 - INFO - \U0001f50d Quantidade ajustada para BNBUSDT: 0.007
2025-01-21 06:17:12,620 - INFO - \U0001f4e9 Mensagem enviada com sucesso!
2025-01-21 06:17:12,620 - ERROR - \u274c Erro ao comprar BNBUSDT: APIError(code=-1013): Filter failure: NOTIONAL
2025-01-21 06:17:13,542 - INFO - \U0001f50d MinNotional (NOTIONAL) para ETHUSDT: 5.0
2025-01-21 06:17:14,151 - INFO - \U0001f50d Quantidade ajustada para ETHUSDT: 0.0015
2025-01-21 06:17:15,214 - INFO - \U0001f4e9 Mensagem enviada com sucesso!
2025-01-21 06:17:15,214 - ERROR - \u274c Erro ao comprar ETHUSDT: APIError(code=-1013): Filter failure: NOTIONAL
2025-01-21 06:17:15,495 - INFO - \U0001f4b0 Saldo USDT: 5.61154435
2025-01-21 06:17:15,495 - INFO - \U0001f4c8 PnL Diário: 0.00 USDT (0.00%)
2025-01-21 06:17:16,276 - INFO - \U0001f4e9 Mensagem enviada com sucesso!
2025-01-21 06:17:46,562 - INFO - \U0001f4b0 Saldo USDT: 5.61154435
2025-01-21 06:17:47,359 - INFO - Sentimento geral das notícias: 0.010714285714285716
2025-01-21 06:17:49,343 - INFO - Melhores moedas para negociação: ['BNBUSDT', 'ETHUSDT']
2025-01-21 06:17:50,265 - INFO - \U0001f50d MinNotional (NOTIONAL) para BNBUSDT: 5.0
2025-01-21 06:17:50,953 - INFO - \U0001f50d Quantidade ajustada para BNBUSDT: 0.007
2025-01-21 06:17:51,984 - INFO - \U0001f4e9 Mensagem enviada com sucesso!
2025-01-21 06:17:51,984 - ERROR - \u274c Erro ao comprar BNBUSDT: APIError(code=-1013): Filter failure: NOTIONAL
2025-01-21 06:17:52,890 - INFO - \U0001f50d MinNotional (NOTIONAL) para ETHUSDT: 5.0
2025-01-21 06:17:53,937 - INFO - \U0001f50d Quantidade ajustada para ETHUSDT: 0.0015
2025-01-21 06:17:54,968 - INFO - \U0001f4e9 Mensagem enviada com sucesso!
2025-01-21 06:17:54,968 - ERROR - \u274c Erro ao comprar ETHUSDT: APIError(code=-1013): Filter failure: NOTIONAL
2025-01-21 06:17:55,249 - INFO - \U0001f4b0 Saldo USDT: 5.61154435
2025-01-21 06:17:55,249 - INFO - \U0001f4c8 PnL Diário: 0.00 USDT (0.00%)
2025-01-21 06:17:55,984 - INFO - \U0001f4e9 Mensagem enviada com sucesso!
2025-01-21 06:18:26,266 - INFO - \U0001f4b0 Saldo USDT: 5.61154435
2025-01-21 06:18:27,079 - INFO - Sentimento geral das notícias: 0.010714285714285716
2025-01-21 06:18:29,047 - INFO - Melhores moedas para negociação: ['BNBUSDT', 'ETHUSDT']
2025-01-21 06:18:30,032 - INFO - \U0001f50d MinNotional (NOTIONAL) para BNBUSDT: 5.0
2025-01-21 06:18:30,954 - INFO - \U0001f50d Quantidade ajustada para BNBUSDT: 0.007
2025-01-21 06:18:32,032 - INFO - \U0001f4e9 Mensagem enviada com sucesso!
2025-01-21 06:18:32,032 - ERROR - \u274c Erro ao comprar BNBUSDT: APIError(code=-1013): Filter failure: NOTIONAL
2025-01-21 06:18:32,922 - INFO - \U0001f50d MinNotional (NOTIONAL) para ETHUSDT: 5.0
2025-01-21 06:18:33,610 - INFO - \U0001f50d Quantidade ajustada para ETHUSDT: 0.0015
2025-01-21 06:18:34,642 - INFO - \U0001f4e9 Mensagem enviada com sucesso!
2025-01-21 06:18:34,642 - ERROR - \u274c Erro ao comprar ETHUSDT: APIError(code=-1013): Filter failure: NOTIONAL
2025-01-21 06:18:34,923 - INFO - \U0001f4b0 Saldo USDT: 5.61154435
2025-01-21 06:18:34,923 - INFO - \U0001f4c8 PnL Diário: 0.00 USDT (0.00%)
2025-01-21 06:18:35,689 - INFO - \U0001f4e9 Mensagem enviada com sucesso!
2025-01-21 06:19:06,004 - INFO - \U0001f4b0 Saldo USDT: 5.61154435
2025-01-21 06:19:06,254 - INFO - Sentimento geral das notícias: 0.010714285714285716
2025-01-21 06:19:08,160 - INFO - Melhores moedas para negociação: ['BNBUSDT', 'ETHUSDT']
2025-01-21 06:19:09,082 - INFO - \U0001f50d MinNotional (NOTIONAL) para BNBUSDT: 5.0
2025-01-21 06:19:09,691 - INFO - \U0001f50d Quantidade ajustada para BNBUSDT: 0.007
2025-01-21 06:19:10,738 - INFO - \U0001f4e9 Mensagem enviada com sucesso!
2025-01-21 06:19:10,738 - ERROR - \u274c Erro ao comprar BNBUSDT: APIError(code=-1013): Filter failure: NOTIONAL
2025-01-21 06:19:11,567 - INFO - \U0001f50d MinNotional (NOTIONAL) para ETHUSDT: 5.0
2025-01-21 06:19:12,098 - INFO - \U0001f50d Quantidade ajustada para ETHUSDT: 0.0015
2025-01-21 06:19:13,176 - INFO - \U0001f4e9 Mensagem enviada com sucesso!
2025-01-21 06:19:13,176 - ERROR - \u274c Erro ao comprar ETHUSDT: APIError(code=-1013): Filter failure: NOTIONAL
2025-01-21 06:19:13,457 - INFO - \U0001f4b0 Saldo USDT: 5.61154435
2025-01-21 06:19:13,457 - INFO - \U0001f4c8 PnL Diário: 0.00 USDT (0.00%)
2025-01-21 06:19:14,207 - INFO - \U0001f4e9 Mensagem enviada com sucesso!
2025-01-21 06:19:44,492 - INFO - \U0001f4b0 Saldo USDT: 5.61154435
2025-01-21 06:19:45,258 - INFO - Sentimento geral das notícias: 0.010714285714285716
2025-01-21 06:19:47,180 - INFO - Melhores moedas para negociação: ['BNBUSDT', 'ETHUSDT']
2025-01-21 06:19:48,461 - INFO - \U0001f50d MinNotional (NOTIONAL) para BNBUSDT: 5.0
2025-01-21 06:19:49,211 - INFO - \U0001f50d Quantidade ajustada para BNBUSDT: 0.007
2025-01-21 06:19:50,415 - INFO - \U0001f4e9 Mensagem enviada com sucesso!
2025-01-21 06:19:50,415 - ERROR - \u274c Erro ao comprar BNBUSDT: APIError(code=-1013): Filter failure: NOTIONAL
2025-01-21 06:19:51,477 - INFO - \U0001f50d MinNotional (NOTIONAL) para ETHUSDT: 5.0
2025-01-21 06:19:52,211 - INFO - \U0001f50d Quantidade ajustada para ETHUSDT: 0.0015
2025-01-21 06:19:53,274 - INFO - \U0001f4e9 Mensagem enviada com sucesso!
2025-01-21 06:19:53,274 - ERROR - \u274c Erro ao comprar ETHUSDT: APIError(code=-1013): Filter failure: NOTIONAL
2025-01-21 06:19:53,555 - INFO - \U0001f4b0 Saldo USDT: 5.61154435
2025-01-21 06:19:53,555 - INFO - \U0001f4c8 PnL Diário: 0.00 USDT (0.00%)
2025-01-21 06:19:54,290 - INFO - \U0001f4e9 Mensagem enviada com sucesso!
2025-01-21 06:20:24,591 - INFO - \U0001f4b0 Saldo USDT: 5.61154435
2025-01-21 06:20:25,341 - INFO - Sentimento geral das notícias: 0.010714285714285716
2025-01-21 06:20:27,247 - INFO - Melhores moedas para negociação: ['BNBUSDT', 'ETHUSDT']
2025-01-21 06:20:28,201 - INFO - \U0001f50d MinNotional (NOTIONAL) para BNBUSDT: 5.0
2025-01-21 06:20:28,841 - INFO - \U0001f50d Quantidade ajustada para BNBUSDT: 0.007
2025-01-21 06:20:29,873 - INFO - \U0001f4e9 Mensagem enviada com sucesso!
2025-01-21 06:20:29,873 - ERROR - \u274c Erro ao comprar BNBUSDT: APIError(code=-1013): Filter failure: NOTIONAL
2025-01-21 06:20:30,780 - INFO - \U0001f50d MinNotional (NOTIONAL) para ETHUSDT: 5.0
2025-01-21 06:20:31,358 - INFO - \U0001f50d Quantidade ajustada para ETHUSDT: 0.0015
2025-01-21 06:20:32,451 - INFO - \U0001f4e9 Mensagem enviada com sucesso!
2025-01-21 06:20:32,451 - ERROR - \u274c Erro ao comprar ETHUSDT: APIError(code=-1013): Filter failure: NOTIONAL
2025-01-21 06:20:32,733 - INFO - \U0001f4b0 Saldo USDT: 5.61154435
2025-01-21 06:20:32,733 - INFO - \U0001f4c8 PnL Diário: 0.00 USDT (0.00%)
2025-01-21 06:20:33,498 - INFO - \U0001f4e9 Mensagem enviada com sucesso!
2025-01-21 06:21:03,797 - INFO - \U0001f4b0 Saldo USDT: 5.61154435
2025-01-21 06:21:04,078 - INFO - Sentimento geral das notícias: 0.010714285714285716
2025-01-21 06:21:06,032 - INFO - Melhores moedas para negociação: ['BNBUSDT', 'ETHUSDT']
2025-01-21 06:21:07,016 - INFO - \U0001f50d MinNotional (NOTIONAL) para BNBUSDT: 5.0
2025-01-21 06:21:07,844 - INFO - \U0001f50d Quantidade ajustada para BNBUSDT: 0.007
2025-01-21 06:21:08,876 - INFO - \U0001f4e9 Mensagem enviada com sucesso!
2025-01-21 06:21:08,876 - ERROR - \u274c Erro ao comprar BNBUSDT: APIError(code=-1013): Filter failure: NOTIONAL
2025-01-21 06:21:10,172 - INFO - \U0001f50d MinNotional (NOTIONAL) para ETHUSDT: 5.0
2025-01-21 06:21:10,813 - INFO - \U0001f50d Quantidade ajustada para ETHUSDT: 0.0015
2025-01-21 06:21:11,860 - INFO - \U0001f4e9 Mensagem enviada com sucesso!
2025-01-21 06:21:11,860 - ERROR - \u274c Erro ao comprar ETHUSDT: APIError(code=-1013): Filter failure: NOTIONAL
2025-01-21 06:21:12,141 - INFO - \U0001f4b0 Saldo USDT: 5.61154435
2025-01-21 06:21:12,141 - INFO - \U0001f4c8 PnL Diário: 0.00 USDT (0.00%)
2025-01-21 06:21:12,891 - INFO - \U0001f4e9 Mensagem enviada com sucesso!
2025-01-21 06:21:43,161 - INFO - \U0001f4b0 Saldo USDT: 5.61154435
2025-01-21 06:21:44,005 - INFO - Sentimento geral das notícias: 0.010714285714285716
2025-01-21 06:21:45,927 - INFO - Melhores moedas para negociação: ['BNBUSDT', 'ETHUSDT']
2025-01-21 06:21:46,943 - INFO - \U0001f50d MinNotional (NOTIONAL) para BNBUSDT: 5.0
2025-01-21 06:21:47,505 - INFO - \U0001f50d Quantidade ajustada para BNBUSDT: 0.007
2025-01-21 06:21:48,583 - INFO - \U0001f4e9 Mensagem enviada com sucesso!
2025-01-21 06:21:48,583 - ERROR - \u274c Erro ao comprar BNBUSDT: APIError(code=-1013): Filter failure: NOTIONAL
2025-01-21 06:21:49,474 - INFO - \U0001f50d MinNotional (NOTIONAL) para ETHUSDT: 5.0
2025-01-21 06:21:50,052 - INFO - \U0001f50d Quantidade ajustada para ETHUSDT: 0.0015
2025-01-21 06:21:51,099 - INFO - \U0001f4e9 Mensagem enviada com sucesso!
2025-01-21 06:21:51,115 - ERROR - \u274c Erro ao comprar ETHUSDT: APIError(code=-1013): Filter failure: NOTIONAL
2025-01-21 06:21:51,380 - INFO - \U0001f4b0 Saldo USDT: 5.61154435
2025-01-21 06:21:51,380 - INFO - \U0001f4c8 PnL Diário: 0.00 USDT (0.00%)
2025-01-21 06:21:52,161 - INFO - \U0001f4e9 Mensagem enviada com sucesso!
2025-01-21 06:22:22,446 - INFO - \U0001f4b0 Saldo USDT: 5.61154435
2025-01-21 06:22:23,228 - INFO - Sentimento geral das notícias: 0.010714285714285716
2025-01-21 06:22:25,165 - INFO - Melhores moedas para negociação: ['BNBUSDT', 'ETHUSDT']
2025-01-21 06:22:26,118 - INFO - \U0001f50d MinNotional (NOTIONAL) para BNBUSDT: 5.0
2025-01-21 06:22:26,743 - INFO - \U0001f50d Quantidade ajustada para BNBUSDT: 0.007
2025-01-21 06:22:27,790 - INFO - \U0001f4e9 Mensagem enviada com sucesso!
2025-01-21 06:22:27,790 - ERROR - \u274c Erro ao comprar BNBUSDT: APIError(code=-1013): Filter failure: NOTIONAL
2025-01-21 06:22:28,806 - INFO - \U0001f50d MinNotional (NOTIONAL) para ETHUSDT: 5.0
2025-01-21 06:22:29,759 - INFO - \U0001f50d Quantidade ajustada para ETHUSDT: 0.0015
2025-01-21 06:22:30,790 - INFO - \U0001f4e9 Mensagem enviada com sucesso!
2025-01-21 06:22:30,790 - ERROR - \u274c Erro ao comprar ETHUSDT: APIError(code=-1013): Filter failure: NOTIONAL
2025-01-21 06:22:31,056 - INFO - \U0001f4b0 Saldo USDT: 5.61154435
2025-01-21 06:22:31,056 - INFO - \U0001f4c8 PnL Diário: 0.00 USDT (0.00%)
2025-01-21 06:22:31,806 - INFO - \U0001f4e9 Mensagem enviada com sucesso!
2025-01-21 06:23:02,090 - INFO - \U0001f4b0 Saldo USDT: 5.61154435
2025-01-21 06:23:02,824 - INFO - Sentimento geral das notícias: 0.010714285714285716
2025-01-21 06:23:04,808 - INFO - Melhores moedas para negociação: ['BNBUSDT', 'ETHUSDT']
2025-01-21 06:23:05,980 - INFO - \U0001f50d MinNotional (NOTIONAL) para BNBUSDT: 5.0
2025-01-21 06:23:06,933 - INFO - \U0001f50d Quantidade ajustada para BNBUSDT: 0.007
2025-01-21 06:23:08,011 - INFO - \U0001f4e9 Mensagem enviada com sucesso!
2025-01-21 06:23:08,011 - ERROR - \u274c Erro ao comprar BNBUSDT: APIError(code=-1013): Filter failure: NOTIONAL
2025-01-21 06:23:08,996 - INFO - \U0001f50d MinNotional (NOTIONAL) para ETHUSDT: 5.0
2025-01-21 06:23:09,652 - INFO - \U0001f50d Quantidade ajustada para ETHUSDT: 0.0015
2025-01-21 06:23:10,715 - INFO - \U0001f4e9 Mensagem enviada com sucesso!
2025-01-21 06:23:10,715 - ERROR - \u274c Erro ao comprar ETHUSDT: APIError(code=-1013): Filter failure: NOTIONAL
2025-01-21 06:23:10,996 - INFO - \U0001f4b0 Saldo USDT: 5.61154435
2025-01-21 06:23:10,996 - INFO - \U0001f4c8 PnL Diário: 0.00 USDT (0.00%)
2025-01-21 06:23:11,808 - INFO - \U0001f4e9 Mensagem enviada com sucesso!
2025-01-21 06:23:42,094 - INFO - \U0001f4b0 Saldo USDT: 5.61154435
2025-01-21 06:23:42,844 - INFO - Sentimento geral das notícias: 0.010714285714285716
2025-01-21 06:23:44,813 - INFO - Melhores moedas para negociação: ['BNBUSDT', 'ETHUSDT']
2025-01-21 06:23:45,782 - INFO - \U0001f50d MinNotional (NOTIONAL) para BNBUSDT: 5.0
2025-01-21 06:23:46,547 - INFO - \U0001f50d Quantidade ajustada para BNBUSDT: 0.007
2025-01-21 06:23:47,579 - INFO - \U0001f4e9 Mensagem enviada com sucesso!
2025-01-21 06:23:47,579 - ERROR - \u274c Erro ao comprar BNBUSDT: APIError(code=-1013): Filter failure: NOTIONAL
2025-01-21 06:23:48,469 - INFO - \U0001f50d MinNotional (NOTIONAL) para ETHUSDT: 5.0
2025-01-21 06:23:49,047 - INFO - \U0001f50d Quantidade ajustada para ETHUSDT: 0.0015
2025-01-21 06:23:50,063 - INFO - \U0001f4e9 Mensagem enviada com sucesso!
2025-01-21 06:23:50,063 - ERROR - \u274c Erro ao comprar ETHUSDT: APIError(code=-1013): Filter failure: NOTIONAL
2025-01-21 06:23:50,344 - INFO - \U0001f4b0 Saldo USDT: 5.61154435
2025-01-21 06:23:50,344 - INFO - \U0001f4c8 PnL Diário: 0.00 USDT (0.00%)
2025-01-21 06:23:51,080 - INFO - \U0001f4e9 Mensagem enviada com sucesso!
2025-01-21 06:24:21,379 - INFO - \U0001f4b0 Saldo USDT: 5.61154435
2025-01-21 06:24:22,129 - INFO - Sentimento geral das notícias: 0.010714285714285716
2025-01-21 06:24:24,457 - INFO - Melhores moedas para negociação: ['BNBUSDT', 'ETHUSDT']
2025-01-21 06:24:25,551 - INFO - \U0001f50d MinNotional (NOTIONAL) para BNBUSDT: 5.0
2025-01-21 06:24:26,332 - INFO - \U0001f50d Quantidade ajustada para BNBUSDT: 0.007
2025-01-21 06:24:27,379 - INFO - \U0001f4e9 Mensagem enviada com sucesso!
2025-01-21 06:24:27,379 - ERROR - \u274c Erro ao comprar BNBUSDT: APIError(code=-1013): Filter failure: NOTIONAL
2025-01-21 06:24:28,441 - INFO - \U0001f50d MinNotional (NOTIONAL) para ETHUSDT: 5.0
2025-01-21 06:24:29,222 - INFO - \U0001f50d Quantidade ajustada para ETHUSDT: 0.0015
2025-01-21 06:24:30,301 - INFO - \U0001f4e9 Mensagem enviada com sucesso!
2025-01-21 06:24:30,301 - ERROR - \u274c Erro ao comprar ETHUSDT: APIError(code=-1013): Filter failure: NOTIONAL
2025-01-21 06:24:30,582 - INFO - \U0001f4b0 Saldo USDT: 5.61154435
2025-01-21 06:24:30,582 - INFO - \U0001f4c8 PnL Diário: 0.00 USDT (0.00%)
2025-01-21 06:24:31,379 - INFO - \U0001f4e9 Mensagem enviada com sucesso!
2025-01-21 06:25:01,665 - INFO - \U0001f4b0 Saldo USDT: 5.61154435
2025-01-21 06:25:02,493 - INFO - Sentimento geral das notícias: 0.010714285714285716
2025-01-21 06:25:04,446 - INFO - Melhores moedas para negociação: ['BNBUSDT', 'ETHUSDT']
2025-01-21 06:25:05,899 - INFO - \U0001f50d MinNotional (NOTIONAL) para BNBUSDT: 5.0
2025-01-21 06:25:06,524 - INFO - \U0001f50d Quantidade ajustada para BNBUSDT: 0.007
2025-01-21 06:25:07,634 - INFO - \U0001f4e9 Mensagem enviada com sucesso!
2025-01-21 06:25:07,634 - ERROR - \u274c Erro ao comprar BNBUSDT: APIError(code=-1013): Filter failure: NOTIONAL
2025-01-21 06:25:08,649 - INFO - \U0001f50d MinNotional (NOTIONAL) para ETHUSDT: 5.0
2025-01-21 06:25:09,477 - INFO - \U0001f50d Quantidade ajustada para ETHUSDT: 0.0015
2025-01-21 06:25:10,524 - INFO - \U0001f4e9 Mensagem enviada com sucesso!
2025-01-21 06:25:10,524 - ERROR - \u274c Erro ao comprar ETHUSDT: APIError(code=-1013): Filter failure: NOTIONAL
2025-01-21 06:25:10,821 - INFO - \U0001f4b0 Saldo USDT: 5.61154435
2025-01-21 06:25:10,821 - INFO - \U0001f4c8 PnL Diário: 0.00 USDT (0.00%)
2025-01-21 06:25:11,602 - INFO - \U0001f4e9 Mensagem enviada com sucesso!
2025-01-21 06:25:41,887 - INFO - \U0001f4b0 Saldo USDT: 5.61154435
2025-01-21 06:25:42,715 - INFO - Sentimento geral das notícias: 0.010714285714285716
2025-01-21 06:25:44,653 - INFO - Melhores moedas para negociação: ['BNBUSDT', 'ETHUSDT']
2025-01-21 06:25:45,731 - INFO - \U0001f50d MinNotional (NOTIONAL) para BNBUSDT: 5.0
2025-01-21 06:25:46,403 - INFO - \U0001f50d Quantidade ajustada para BNBUSDT: 0.007
2025-01-21 06:25:47,512 - INFO - \U0001f4e9 Mensagem enviada com sucesso!
2025-01-21 06:25:47,512 - ERROR - \u274c Erro ao comprar BNBUSDT: APIError(code=-1013): Filter failure: NOTIONAL
2025-01-21 06:25:48,372 - INFO - \U0001f50d MinNotional (NOTIONAL) para ETHUSDT: 5.0
2025-01-21 06:25:48,950 - INFO - \U0001f50d Quantidade ajustada para ETHUSDT: 0.0015
2025-01-21 06:25:49,997 - INFO - \U0001f4e9 Mensagem enviada com sucesso!
2025-01-21 06:25:49,997 - ERROR - \u274c Erro ao comprar ETHUSDT: APIError(code=-1013): Filter failure: NOTIONAL
2025-01-21 06:25:50,278 - INFO - \U0001f4b0 Saldo USDT: 5.61154435
2025-01-21 06:25:50,278 - INFO - \U0001f4c8 PnL Diário: 0.00 USDT (0.00%)
2025-01-21 06:25:51,091 - INFO - \U0001f4e9 Mensagem enviada com sucesso!
2025-01-21 22:52:52,724 - INFO - Sincronização com a Binance realizada. Offset: -6482ms
2025-01-21 22:52:52,725 - INFO - Fora do horário estratégico. Aguardando...
2025-01-21 22:52:53,523 - INFO - \U0001f4e9 Mensagem enviada com sucesso!
2025-01-21 22:58:23,527 - INFO - Fora do horário estratégico. Aguardando...
2025-01-21 22:58:24,274 - INFO - \U0001f4e9 Mensagem enviada com sucesso!
2025-01-21 23:03:54,278 - INFO - Fora do horário estratégico. Aguardando...
2025-01-21 23:03:55,408 - INFO - \U0001f4e9 Mensagem enviada com sucesso!
2025-01-21 23:09:25,415 - INFO - Fora do horário estratégico. Aguardando...
2025-01-21 23:09:26,603 - INFO - \U0001f4e9 Mensagem enviada com sucesso!
2025-01-21 23:14:56,610 - INFO - Fora do horário estratégico. Aguardando...
2025-01-21 23:14:57,404 - INFO - \U0001f4e9 Mensagem enviada com sucesso!
2025-01-21 23:20:27,411 - INFO - Fora do horário estratégico. Aguardando...
2025-01-21 23:20:28,183 - INFO - \U0001f4e9 Mensagem enviada com sucesso!
2025-01-21 23:25:58,187 - INFO - Fora do horário estratégico. Aguardando...
2025-01-21 23:25:59,699 - INFO - \U0001f4e9 Mensagem enviada com sucesso!
2025-01-21 23:31:29,702 - INFO - Fora do horário estratégico. Aguardando...
2025-01-21 23:31:30,893 - INFO - \U0001f4e9 Mensagem enviada com sucesso!
2025-01-21 23:37:00,899 - INFO - Fora do horário estratégico. Aguardando...
2025-01-21 23:37:01,943 - INFO - \U0001f4e9 Mensagem enviada com sucesso!
2025-01-21 23:42:31,947 - INFO - Fora do horário estratégico. Aguardando...
2025-01-21 23:42:33,453 - INFO - \U0001f4e9 Mensagem enviada com sucesso!
2025-01-21 23:48:03,458 - INFO - Fora do horário estratégico. Aguardando...
2025-01-21 23:48:04,305 - INFO - \U0001f4e9 Mensagem enviada com sucesso!
2025-01-21 23:53:34,312 - INFO - Fora do horário estratégico. Aguardando...
2025-01-21 23:53:35,283 - INFO - \U0001f4e9 Mensagem enviada com sucesso!
2025-01-21 23:59:05,287 - INFO - Fora do horário estratégico. Aguardando...
2025-01-21 23:59:06,167 - INFO - \U0001f4e9 Mensagem enviada com sucesso!
2025-01-22 00:04:36,170 - INFO - Fora do horário estratégico. Aguardando...
2025-01-22 00:04:37,008 - INFO - \U0001f4e9 Mensagem enviada com sucesso!
2025-01-22 00:10:07,013 - INFO - Fora do horário estratégico. Aguardando...
2025-01-22 00:10:07,963 - INFO - \U0001f4e9 Mensagem enviada com sucesso!
2025-01-22 00:15:37,969 - INFO - Fora do horário estratégico. Aguardando...
2025-01-22 00:15:38,775 - INFO - \U0001f4e9 Mensagem enviada com sucesso!
2025-01-22 00:21:08,781 - INFO - Fora do horário estratégico. Aguardando...
2025-01-22 00:21:09,624 - INFO - \U0001f4e9 Mensagem enviada com sucesso!
2025-01-22 00:26:39,629 - INFO - Fora do horário estratégico. Aguardando...
2025-01-22 00:26:40,496 - INFO - \U0001f4e9 Mensagem enviada com sucesso!
2025-01-22 00:32:10,503 - INFO - Fora do horário estratégico. Aguardando...
2025-01-22 00:32:11,530 - INFO - \U0001f4e9 Mensagem enviada com sucesso!
2025-01-22 00:37:41,537 - INFO - Fora do horário estratégico. Aguardando...
2025-01-22 00:37:42,474 - INFO - \U0001f4e9 Mensagem enviada com sucesso!
2025-01-22 00:43:12,481 - INFO - Fora do horário estratégico. Aguardando...
2025-01-22 00:43:13,266 - INFO - \U0001f4e9 Mensagem enviada com sucesso!
2025-01-22 00:48:43,273 - INFO - Fora do horário estratégico. Aguardando...
2025-01-22 00:48:44,064 - INFO - \U0001f4e9 Mensagem enviada com sucesso!
2025-01-22 00:54:14,071 - INFO - Fora do horário estratégico. Aguardando...
2025-01-22 00:54:15,141 - INFO - \U0001f4e9 Mensagem enviada com sucesso!
2025-01-22 00:59:45,149 - INFO - Fora do horário estratégico. Aguardando...
2025-01-22 00:59:46,198 - INFO - \U0001f4e9 Mensagem enviada com sucesso!
2025-01-22 01:05:16,207 - INFO - Fora do horário estratégico. Aguardando...
2025-01-22 01:05:16,990 - INFO - \U0001f4e9 Mensagem enviada com sucesso!
2025-01-22 01:10:46,995 - INFO - Fora do horário estratégico. Aguardando...
2025-01-22 01:10:47,823 - INFO - \U0001f4e9 Mensagem enviada com sucesso!
2025-01-22 01:16:17,829 - INFO - Fora do horário estratégico. Aguardando...
2025-01-22 01:16:18,629 - INFO - \U0001f4e9 Mensagem enviada com sucesso!
2025-01-22 01:21:48,635 - INFO - Fora do horário estratégico. Aguardando...
2025-01-22 01:21:49,437 - INFO - \U0001f4e9 Mensagem enviada com sucesso!
2025-01-22 01:27:19,442 - INFO - Fora do horário estratégico. Aguardando...
2025-01-22 01:27:20,239 - INFO - \U0001f4e9 Mensagem enviada com sucesso!
2025-01-22 01:32:50,242 - INFO - Fora do horário estratégico. Aguardando...
2025-01-22 01:32:51,035 - INFO - \U0001f4e9 Mensagem enviada com sucesso!
2025-01-22 01:38:21,037 - INFO - Fora do horário estratégico. Aguardando...
2025-01-22 01:38:21,850 - INFO - \U0001f4e9 Mensagem enviada com sucesso!
2025-01-22 01:43:51,856 - INFO - Fora do horário estratégico. Aguardando...
2025-01-22 01:43:52,757 - INFO - \U0001f4e9 Mensagem enviada com sucesso!
2025-01-22 01:49:22,762 - INFO - Fora do horário estratégico. Aguardando...
2025-01-22 01:49:23,556 - INFO - \U0001f4e9 Mensagem enviada com sucesso!
2025-01-22 01:54:53,561 - INFO - Fora do horário estratégico. Aguardando...
2025-01-22 01:54:54,336 - INFO - \U0001f4e9 Mensagem enviada com sucesso!
2025-01-22 02:00:24,343 - INFO - Fora do horário estratégico. Aguardando...
2025-01-22 02:00:25,120 - INFO - \U0001f4e9 Mensagem enviada com sucesso!
2025-01-22 02:05:55,126 - INFO - Fora do horário estratégico. Aguardando...
2025-01-22 02:05:55,927 - INFO - \U0001f4e9 Mensagem enviada com sucesso!
2025-01-22 02:11:25,932 - INFO - Fora do horário estratégico. Aguardando...
2025-01-22 02:11:26,714 - INFO - \U0001f4e9 Mensagem enviada com sucesso!
2025-01-22 02:16:56,721 - INFO - Fora do horário estratégico. Aguardando...
2025-01-22 02:16:57,495 - INFO - \U0001f4e9 Mensagem enviada com sucesso!
2025-01-22 02:22:27,501 - INFO - Fora do horário estratégico. Aguardando...
2025-01-22 02:22:28,320 - INFO - \U0001f4e9 Mensagem enviada com sucesso!
2025-01-22 02:27:58,326 - INFO - Fora do horário estratégico. Aguardando...
2025-01-22 02:27:59,102 - INFO - \U0001f4e9 Mensagem enviada com sucesso!
2025-01-22 02:33:29,106 - INFO - Fora do horário estratégico. Aguardando...
2025-01-22 02:33:29,967 - INFO - \U0001f4e9 Mensagem enviada com sucesso!
2025-01-22 02:38:59,973 - INFO - Fora do horário estratégico. Aguardando...
2025-01-22 02:39:00,814 - INFO - \U0001f4e9 Mensagem enviada com sucesso!
2025-01-22 02:44:30,821 - INFO - Fora do horário estratégico. Aguardando...
2025-01-22 02:44:31,581 - INFO - \U0001f4e9 Mensagem enviada com sucesso!
2025-01-22 02:50:01,589 - INFO - Fora do horário estratégico. Aguardando...
2025-01-22 02:50:02,386 - INFO - \U0001f4e9 Mensagem enviada com sucesso!
2025-01-22 02:55:32,390 - INFO - Fora do horário estratégico. Aguardando...
2025-01-22 02:55:33,180 - INFO - \U0001f4e9 Mensagem enviada com sucesso!
2025-01-22 03:01:03,185 - INFO - Fora do horário estratégico. Aguardando...
2025-01-22 03:01:04,111 - INFO - \U0001f4e9 Mensagem enviada com sucesso!
2025-01-22 03:06:34,119 - INFO - Fora do horário estratégico. Aguardando...
2025-01-22 03:06:34,990 - INFO - \U0001f4e9 Mensagem enviada com sucesso!
2025-01-22 03:12:04,994 - INFO - Fora do horário estratégico. Aguardando...
2025-01-22 03:12:05,789 - INFO - \U0001f4e9 Mensagem enviada com sucesso!
2025-01-22 03:17:35,795 - INFO - Fora do horário estratégico. Aguardando...
2025-01-22 03:17:36,583 - INFO - \U0001f4e9 Mensagem enviada com sucesso!
2025-01-22 03:23:06,587 - INFO - Fora do horário estratégico. Aguardando...
2025-01-22 03:23:07,482 - INFO - \U0001f4e9 Mensagem enviada com sucesso!
2025-01-22 03:28:37,489 - INFO - Fora do horário estratégico. Aguardando...
2025-01-22 03:28:38,282 - INFO - \U0001f4e9 Mensagem enviada com sucesso!
2025-01-22 03:34:08,287 - INFO - Fora do horário estratégico. Aguardando...
2025-01-22 03:34:09,131 - INFO - \U0001f4e9 Mensagem enviada com sucesso!
2025-01-22 03:39:39,138 - INFO - Fora do horário estratégico. Aguardando...
2025-01-22 03:39:39,920 - INFO - \U0001f4e9 Mensagem enviada com sucesso!
2025-01-22 03:45:09,924 - INFO - Fora do horário estratégico. Aguardando...
2025-01-22 03:45:10,732 - INFO - \U0001f4e9 Mensagem enviada com sucesso!
2025-01-22 03:50:40,738 - INFO - Fora do horário estratégico. Aguardando...
2025-01-22 03:50:41,513 - INFO - \U0001f4e9 Mensagem enviada com sucesso!
2025-01-22 03:56:11,519 - INFO - Fora do horário estratégico. Aguardando...
2025-01-22 03:56:12,281 - INFO - \U0001f4e9 Mensagem enviada com sucesso!
2025-01-22 04:01:42,286 - INFO - Fora do horário estratégico. Aguardando...
2025-01-22 04:01:43,074 - INFO - \U0001f4e9 Mensagem enviada com sucesso!
2025-01-22 04:07:13,079 - INFO - Fora do horário estratégico. Aguardando...
2025-01-22 04:07:14,674 - INFO - \U0001f4e9 Mensagem enviada com sucesso!
2025-01-22 04:12:44,681 - INFO - Fora do horário estratégico. Aguardando...
2025-01-22 04:12:45,470 - INFO - \U0001f4e9 Mensagem enviada com sucesso!
2025-01-22 04:18:15,477 - INFO - Fora do horário estratégico. Aguardando...
2025-01-22 04:18:16,263 - INFO - \U0001f4e9 Mensagem enviada com sucesso!
2025-01-22 04:23:46,267 - INFO - Fora do horário estratégico. Aguardando...
2025-01-22 04:23:47,149 - INFO - \U0001f4e9 Mensagem enviada com sucesso!
2025-01-22 04:29:17,157 - INFO - Fora do horário estratégico. Aguardando...
2025-01-22 04:29:17,978 - INFO - \U0001f4e9 Mensagem enviada com sucesso!
2025-01-22 04:34:47,981 - INFO - Fora do horário estratégico. Aguardando...
2025-01-22 04:34:48,753 - INFO - \U0001f4e9 Mensagem enviada com sucesso!
2025-01-22 04:40:18,758 - INFO - Fora do horário estratégico. Aguardando...
2025-01-22 04:40:19,543 - INFO - \U0001f4e9 Mensagem enviada com sucesso!
2025-01-22 04:45:49,547 - INFO - Fora do horário estratégico. Aguardando...
2025-01-22 04:45:50,349 - INFO - \U0001f4e9 Mensagem enviada com sucesso!
2025-01-22 04:51:20,351 - INFO - Fora do horário estratégico. Aguardando...
2025-01-22 04:51:21,138 - INFO - \U0001f4e9 Mensagem enviada com sucesso!
2025-01-22 04:56:51,141 - INFO - Fora do horário estratégico. Aguardando...
2025-01-22 04:56:52,041 - INFO - \U0001f4e9 Mensagem enviada com sucesso!
2025-01-22 05:02:22,047 - INFO - Fora do horário estratégico. Aguardando...
2025-01-22 05:02:22,806 - INFO - \U0001f4e9 Mensagem enviada com sucesso!
2025-01-22 05:07:52,813 - INFO - Fora do horário estratégico. Aguardando...
2025-01-22 05:07:53,579 - INFO - \U0001f4e9 Mensagem enviada com sucesso!
2025-01-22 05:13:23,585 - INFO - Fora do horário estratégico. Aguardando...
2025-01-22 05:13:24,323 - INFO - \U0001f4e9 Mensagem enviada com sucesso!
2025-01-22 05:18:54,327 - INFO - Fora do horário estratégico. Aguardando...
2025-01-22 05:18:55,163 - INFO - \U0001f4e9 Mensagem enviada com sucesso!
2025-01-22 05:24:25,170 - INFO - Fora do horário estratégico. Aguardando...
2025-01-22 05:24:26,126 - INFO - \U0001f4e9 Mensagem enviada com sucesso!
2025-01-22 05:29:56,132 - INFO - Fora do horário estratégico. Aguardando...
2025-01-22 05:29:56,919 - INFO - \U0001f4e9 Mensagem enviada com sucesso!
2025-01-22 05:35:26,923 - INFO - Fora do horário estratégico. Aguardando...
2025-01-22 05:35:27,739 - INFO - \U0001f4e9 Mensagem enviada com sucesso!
2025-01-22 05:40:57,744 - INFO - Fora do horário estratégico. Aguardando...
2025-01-22 05:40:58,524 - INFO - \U0001f4e9 Mensagem enviada com sucesso!
2025-01-22 05:46:28,530 - INFO - Fora do horário estratégico. Aguardando...
2025-01-22 05:46:29,288 - INFO - \U0001f4e9 Mensagem enviada com sucesso!
2025-01-22 05:51:59,294 - INFO - Fora do horário estratégico. Aguardando...
2025-01-22 05:52:00,061 - INFO - \U0001f4e9 Mensagem enviada com sucesso!
2025-01-22 05:57:30,066 - INFO - Fora do horário estratégico. Aguardando...
2025-01-22 05:57:30,884 - INFO - \U0001f4e9 Mensagem enviada com sucesso!
2025-01-22 06:03:01,272 - INFO - \U0001f4b0 Saldo USDT: 5.61154435
2025-01-22 06:03:02,395 - INFO - Sentimento geral das notícias: 0.009375000000000001
2025-01-22 06:03:03,168 - INFO - \U0001f4e9 Mensagem enviada com sucesso!
